// SPDX-License-Identifier: GPL-3.0-or-later
// Copyright (C) 2026  Vladimir Osipov
// Generated by scripts/gen-emoji-catalog.py from scripts/emoji_table.json +
// iamcal/emoji-data. DO NOT EDIT BY HAND — re-run the generator instead.
#include "emoji_data.h"

// clang-format off
namespace Emoji::Data {

const char16_t kStrings[] = {
    // "+1"
    0x002B,0x0031,0xD83D,0xDC4D,
    // "-1"
    0x002D,0x0031,0xD83D,0xDC4E,
    // "100"
    0x0031,0x0030,0x0030,0xD83D,0xDCAF,
    // "1234"
    0x0031,0x0032,0x0033,0x0034,0xD83D,0xDD22,
    // "8ball"
    0x0038,0x0062,0x0061,0x006C,0x006C,0xD83C,0xDFB1,
    // "a"
    0x0061,0xD83C,0xDD70,0xFE0F,
    // "ab"
    0x0061,0x0062,0xD83C,0xDD8E,
    // "abacus"
    0x0061,0x0062,0x0061,0x0063,0x0075,0x0073,0xD83E,0xDDEE,
    // "abc"
    0x0061,0x0062,0x0063,0xD83D,0xDD24,
    // "abcd"
    0x0061,0x0062,0x0063,0x0064,0xD83D,0xDD21,
    // "accept"
    0x0061,0x0063,0x0063,0x0065,0x0070,0x0074,0xD83C,0xDE51,
    // "accordion"
    0x0061,0x0063,0x0063,0x006F,0x0072,0x0064,0x0069,0x006F,0x006E,0xD83E,0xDE97,
    // "adhesive_bandage"
    0x0061,0x0064,0x0068,0x0065,0x0073,0x0069,0x0076,0x0065,0x005F,0x0062,0x0061,0x006E,0x0064,0x0061,0x0067,0x0065,
    0xD83E,0xDE79,
    // "admission_tickets"
    0x0061,0x0064,0x006D,0x0069,0x0073,0x0073,0x0069,0x006F,0x006E,0x005F,0x0074,0x0069,0x0063,0x006B,0x0065,0x0074,
    0x0073,0xD83C,0xDF9F,0xFE0F,
    // "adult"
    0x0061,0x0064,0x0075,0x006C,0x0074,0xD83E,0xDDD1,
    // "aerial_tramway"
    0x0061,0x0065,0x0072,0x0069,0x0061,0x006C,0x005F,0x0074,0x0072,0x0061,0x006D,0x0077,0x0061,0x0079,0xD83D,0xDEA1,
    // "airplane"
    0x0061,0x0069,0x0072,0x0070,0x006C,0x0061,0x006E,0x0065,0x2708,0xFE0F,
    // "airplane_arriving"
    0x0061,0x0069,0x0072,0x0070,0x006C,0x0061,0x006E,0x0065,0x005F,0x0061,0x0072,0x0072,0x0069,0x0076,0x0069,0x006E,
    0x0067,0xD83D,0xDEEC,
    // "airplane_departure"
    0x0061,0x0069,0x0072,0x0070,0x006C,0x0061,0x006E,0x0065,0x005F,0x0064,0x0065,0x0070,0x0061,0x0072,0x0074,0x0075,
    0x0072,0x0065,0xD83D,0xDEEB,
    // "alarm_clock"
    0x0061,0x006C,0x0061,0x0072,0x006D,0x005F,0x0063,0x006C,0x006F,0x0063,0x006B,0x23F0,
    // "alembic"
    0x0061,0x006C,0x0065,0x006D,0x0062,0x0069,0x0063,0x2697,0xFE0F,
    // "alien"
    0x0061,0x006C,0x0069,0x0065,0x006E,0xD83D,0xDC7D,
    // "ambulance"
    0x0061,0x006D,0x0062,0x0075,0x006C,0x0061,0x006E,0x0063,0x0065,0xD83D,0xDE91,
    // "amphora"
    0x0061,0x006D,0x0070,0x0068,0x006F,0x0072,0x0061,0xD83C,0xDFFA,
    // "anatomical_heart"
    0x0061,0x006E,0x0061,0x0074,0x006F,0x006D,0x0069,0x0063,0x0061,0x006C,0x005F,0x0068,0x0065,0x0061,0x0072,0x0074,
    0xD83E,0xDEC0,
    // "anchor"
    0x0061,0x006E,0x0063,0x0068,0x006F,0x0072,0x2693,
    // "angel"
    0x0061,0x006E,0x0067,0x0065,0x006C,0xD83D,0xDC7C,
    // "anger"
    0x0061,0x006E,0x0067,0x0065,0x0072,0xD83D,0xDCA2,
    // "angry"
    0x0061,0x006E,0x0067,0x0072,0x0079,0xD83D,0xDE20,
    // "anguished"
    0x0061,0x006E,0x0067,0x0075,0x0069,0x0073,0x0068,0x0065,0x0064,0xD83D,0xDE27,
    // "ant"
    0x0061,0x006E,0x0074,0xD83D,0xDC1C,
    // "apple"
    0x0061,0x0070,0x0070,0x006C,0x0065,0xD83C,0xDF4E,
    // "aquarius"
    0x0061,0x0071,0x0075,0x0061,0x0072,0x0069,0x0075,0x0073,0x2652,
    // "aries"
    0x0061,0x0072,0x0069,0x0065,0x0073,0x2648,
    // "arrow_backward"
    0x0061,0x0072,0x0072,0x006F,0x0077,0x005F,0x0062,0x0061,0x0063,0x006B,0x0077,0x0061,0x0072,0x0064,0x25C0,0xFE0F,
    // "arrow_double_down"
    0x0061,0x0072,0x0072,0x006F,0x0077,0x005F,0x0064,0x006F,0x0075,0x0062,0x006C,0x0065,0x005F,0x0064,0x006F,0x0077,
    0x006E,0x23EC,
    // "arrow_double_up"
    0x0061,0x0072,0x0072,0x006F,0x0077,0x005F,0x0064,0x006F,0x0075,0x0062,0x006C,0x0065,0x005F,0x0075,0x0070,0x23EB,
    // "arrow_down"
    0x0061,0x0072,0x0072,0x006F,0x0077,0x005F,0x0064,0x006F,0x0077,0x006E,0x2B07,0xFE0F,
    // "arrow_down_small"
    0x0061,0x0072,0x0072,0x006F,0x0077,0x005F,0x0064,0x006F,0x0077,0x006E,0x005F,0x0073,0x006D,0x0061,0x006C,0x006C,
    0xD83D,0xDD3D,
    // "arrow_forward"
    0x0061,0x0072,0x0072,0x006F,0x0077,0x005F,0x0066,0x006F,0x0072,0x0077,0x0061,0x0072,0x0064,0x25B6,0xFE0F,
    // "arrow_heading_down"
    0x0061,0x0072,0x0072,0x006F,0x0077,0x005F,0x0068,0x0065,0x0061,0x0064,0x0069,0x006E,0x0067,0x005F,0x0064,0x006F,
    0x0077,0x006E,0x2935,0xFE0F,
    // "arrow_heading_up"
    0x0061,0x0072,0x0072,0x006F,0x0077,0x005F,0x0068,0x0065,0x0061,0x0064,0x0069,0x006E,0x0067,0x005F,0x0075,0x0070,
    0x2934,0xFE0F,
    // "arrow_left"
    0x0061,0x0072,0x0072,0x006F,0x0077,0x005F,0x006C,0x0065,0x0066,0x0074,0x2B05,0xFE0F,
    // "arrow_lower_left"
    0x0061,0x0072,0x0072,0x006F,0x0077,0x005F,0x006C,0x006F,0x0077,0x0065,0x0072,0x005F,0x006C,0x0065,0x0066,0x0074,
    0x2199,0xFE0F,
    // "arrow_lower_right"
    0x0061,0x0072,0x0072,0x006F,0x0077,0x005F,0x006C,0x006F,0x0077,0x0065,0x0072,0x005F,0x0072,0x0069,0x0067,0x0068,
    0x0074,0x2198,0xFE0F,
    // "arrow_right"
    0x0061,0x0072,0x0072,0x006F,0x0077,0x005F,0x0072,0x0069,0x0067,0x0068,0x0074,0x27A1,0xFE0F,
    // "arrow_right_hook"
    0x0061,0x0072,0x0072,0x006F,0x0077,0x005F,0x0072,0x0069,0x0067,0x0068,0x0074,0x005F,0x0068,0x006F,0x006F,0x006B,
    0x21AA,0xFE0F,
    // "arrow_up"
    0x0061,0x0072,0x0072,0x006F,0x0077,0x005F,0x0075,0x0070,0x2B06,0xFE0F,
    // "arrow_up_down"
    0x0061,0x0072,0x0072,0x006F,0x0077,0x005F,0x0075,0x0070,0x005F,0x0064,0x006F,0x0077,0x006E,0x2195,0xFE0F,
    // "arrow_up_small"
    0x0061,0x0072,0x0072,0x006F,0x0077,0x005F,0x0075,0x0070,0x005F,0x0073,0x006D,0x0061,0x006C,0x006C,0xD83D,0xDD3C,
    // "arrow_upper_left"
    0x0061,0x0072,0x0072,0x006F,0x0077,0x005F,0x0075,0x0070,0x0070,0x0065,0x0072,0x005F,0x006C,0x0065,0x0066,0x0074,
    0x2196,0xFE0F,
    // "arrow_upper_right"
    0x0061,0x0072,0x0072,0x006F,0x0077,0x005F,0x0075,0x0070,0x0070,0x0065,0x0072,0x005F,0x0072,0x0069,0x0067,0x0068,
    0x0074,0x2197,0xFE0F,
    // "arrows_clockwise"
    0x0061,0x0072,0x0072,0x006F,0x0077,0x0073,0x005F,0x0063,0x006C,0x006F,0x0063,0x006B,0x0077,0x0069,0x0073,0x0065,
    0xD83D,0xDD03,
    // "arrows_counterclockwise"
    0x0061,0x0072,0x0072,0x006F,0x0077,0x0073,0x005F,0x0063,0x006F,0x0075,0x006E,0x0074,0x0065,0x0072,0x0063,0x006C,
    0x006F,0x0063,0x006B,0x0077,0x0069,0x0073,0x0065,0xD83D,0xDD04,
    // "art"
    0x0061,0x0072,0x0074,0xD83C,0xDFA8,
    // "articulated_lorry"
    0x0061,0x0072,0x0074,0x0069,0x0063,0x0075,0x006C,0x0061,0x0074,0x0065,0x0064,0x005F,0x006C,0x006F,0x0072,0x0072,
    0x0079,0xD83D,0xDE9B,
    // "artist"
    0x0061,0x0072,0x0074,0x0069,0x0073,0x0074,0xD83E,0xDDD1,0x200D,0xD83C,0xDFA8,
    // "astonished"
    0x0061,0x0073,0x0074,0x006F,0x006E,0x0069,0x0073,0x0068,0x0065,0x0064,0xD83D,0xDE32,
    // "astronaut"
    0x0061,0x0073,0x0074,0x0072,0x006F,0x006E,0x0061,0x0075,0x0074,0xD83E,0xDDD1,0x200D,0xD83D,0xDE80,
    // "athletic_shoe"
    0x0061,0x0074,0x0068,0x006C,0x0065,0x0074,0x0069,0x0063,0x005F,0x0073,0x0068,0x006F,0x0065,0xD83D,0xDC5F,
    // "atm"
    0x0061,0x0074,0x006D,0xD83C,0xDFE7,
    // "atom_symbol"
    0x0061,0x0074,0x006F,0x006D,0x005F,0x0073,0x0079,0x006D,0x0062,0x006F,0x006C,0x269B,0xFE0F,
    // "auto_rickshaw"
    0x0061,0x0075,0x0074,0x006F,0x005F,0x0072,0x0069,0x0063,0x006B,0x0073,0x0068,0x0061,0x0077,0xD83D,0xDEFA,
    // "avocado"
    0x0061,0x0076,0x006F,0x0063,0x0061,0x0064,0x006F,0xD83E,0xDD51,
    // "axe"
    0x0061,0x0078,0x0065,0xD83E,0xDE93,
    // "b"
    0x0062,0xD83C,0xDD71,0xFE0F,
    // "baby"
    0x0062,0x0061,0x0062,0x0079,0xD83D,0xDC76,
    // "baby_bottle"
    0x0062,0x0061,0x0062,0x0079,0x005F,0x0062,0x006F,0x0074,0x0074,0x006C,0x0065,0xD83C,0xDF7C,
    // "baby_chick"
    0x0062,0x0061,0x0062,0x0079,0x005F,0x0063,0x0068,0x0069,0x0063,0x006B,0xD83D,0xDC24,
    // "baby_symbol"
    0x0062,0x0061,0x0062,0x0079,0x005F,0x0073,0x0079,0x006D,0x0062,0x006F,0x006C,0xD83D,0xDEBC,
    // "back"
    0x0062,0x0061,0x0063,0x006B,0xD83D,0xDD19,
    // "bacon"
    0x0062,0x0061,0x0063,0x006F,0x006E,0xD83E,0xDD53,
    // "badger"
    0x0062,0x0061,0x0064,0x0067,0x0065,0x0072,0xD83E,0xDDA1,
    // "badminton_racquet_and_shuttlecock"
    0x0062,0x0061,0x0064,0x006D,0x0069,0x006E,0x0074,0x006F,0x006E,0x005F,0x0072,0x0061,0x0063,0x0071,0x0075,0x0065,
    0x0074,0x005F,0x0061,0x006E,0x0064,0x005F,0x0073,0x0068,0x0075,0x0074,0x0074,0x006C,0x0065,0x0063,0x006F,0x0063,
    0x006B,0xD83C,0xDFF8,
    // "bagel"
    0x0062,0x0061,0x0067,0x0065,0x006C,0xD83E,0xDD6F,
    // "baggage_claim"
    0x0062,0x0061,0x0067,0x0067,0x0061,0x0067,0x0065,0x005F,0x0063,0x006C,0x0061,0x0069,0x006D,0xD83D,0xDEC4,
    // "baguette_bread"
    0x0062,0x0061,0x0067,0x0075,0x0065,0x0074,0x0074,0x0065,0x005F,0x0062,0x0072,0x0065,0x0061,0x0064,0xD83E,0xDD56,
    // "bald_man"
    0x0062,0x0061,0x006C,0x0064,0x005F,0x006D,0x0061,0x006E,0xD83D,0xDC68,0x200D,0xD83E,0xDDB2,
    // "bald_person"
    0x0062,0x0061,0x006C,0x0064,0x005F,0x0070,0x0065,0x0072,0x0073,0x006F,0x006E,0xD83E,0xDDD1,0x200D,0xD83E,0xDDB2,
    // "bald_woman"
    0x0062,0x0061,0x006C,0x0064,0x005F,0x0077,0x006F,0x006D,0x0061,0x006E,0xD83D,0xDC69,0x200D,0xD83E,0xDDB2,
    // "ballet_shoes"
    0x0062,0x0061,0x006C,0x006C,0x0065,0x0074,0x005F,0x0073,0x0068,0x006F,0x0065,0x0073,0xD83E,0xDE70,
    // "balloon"
    0x0062,0x0061,0x006C,0x006C,0x006F,0x006F,0x006E,0xD83C,0xDF88,
    // "ballot_box_with_ballot"
    0x0062,0x0061,0x006C,0x006C,0x006F,0x0074,0x005F,0x0062,0x006F,0x0078,0x005F,0x0077,0x0069,0x0074,0x0068,0x005F,
    0x0062,0x0061,0x006C,0x006C,0x006F,0x0074,0xD83D,0xDDF3,0xFE0F,
    // "ballot_box_with_check"
    0x0062,0x0061,0x006C,0x006C,0x006F,0x0074,0x005F,0x0062,0x006F,0x0078,0x005F,0x0077,0x0069,0x0074,0x0068,0x005F,
    0x0063,0x0068,0x0065,0x0063,0x006B,0x2611,0xFE0F,
    // "bamboo"
    0x0062,0x0061,0x006D,0x0062,0x006F,0x006F,0xD83C,0xDF8D,
    // "banana"
    0x0062,0x0061,0x006E,0x0061,0x006E,0x0061,0xD83C,0xDF4C,
    // "bangbang"
    0x0062,0x0061,0x006E,0x0067,0x0062,0x0061,0x006E,0x0067,0x203C,0xFE0F,
    // "banjo"
    0x0062,0x0061,0x006E,0x006A,0x006F,0xD83E,0xDE95,
    // "bank"
    0x0062,0x0061,0x006E,0x006B,0xD83C,0xDFE6,
    // "bar_chart"
    0x0062,0x0061,0x0072,0x005F,0x0063,0x0068,0x0061,0x0072,0x0074,0xD83D,0xDCCA,
    // "barber"
    0x0062,0x0061,0x0072,0x0062,0x0065,0x0072,0xD83D,0xDC88,
    // "barely_sunny"
    0x0062,0x0061,0x0072,0x0065,0x006C,0x0079,0x005F,0x0073,0x0075,0x006E,0x006E,0x0079,0xD83C,0xDF25,0xFE0F,
    // "baseball"
    0x0062,0x0061,0x0073,0x0065,0x0062,0x0061,0x006C,0x006C,0x26BE,
    // "basket"
    0x0062,0x0061,0x0073,0x006B,0x0065,0x0074,0xD83E,0xDDFA,
    // "basketball"
    0x0062,0x0061,0x0073,0x006B,0x0065,0x0074,0x0062,0x0061,0x006C,0x006C,0xD83C,0xDFC0,
    // "bat"
    0x0062,0x0061,0x0074,0xD83E,0xDD87,
    // "bath"
    0x0062,0x0061,0x0074,0x0068,0xD83D,0xDEC0,
    // "bathtub"
    0x0062,0x0061,0x0074,0x0068,0x0074,0x0075,0x0062,0xD83D,0xDEC1,
    // "battery"
    0x0062,0x0061,0x0074,0x0074,0x0065,0x0072,0x0079,0xD83D,0xDD0B,
    // "beach_with_umbrella"
    0x0062,0x0065,0x0061,0x0063,0x0068,0x005F,0x0077,0x0069,0x0074,0x0068,0x005F,0x0075,0x006D,0x0062,0x0072,0x0065,
    0x006C,0x006C,0x0061,0xD83C,0xDFD6,0xFE0F,
    // "beans"
    0x0062,0x0065,0x0061,0x006E,0x0073,0xD83E,0xDED8,
    // "bear"
    0x0062,0x0065,0x0061,0x0072,0xD83D,0xDC3B,
    // "bearded_person"
    0x0062,0x0065,0x0061,0x0072,0x0064,0x0065,0x0064,0x005F,0x0070,0x0065,0x0072,0x0073,0x006F,0x006E,0xD83E,0xDDD4,
    // "beaver"
    0x0062,0x0065,0x0061,0x0076,0x0065,0x0072,0xD83E,0xDDAB,
    // "bed"
    0x0062,0x0065,0x0064,0xD83D,0xDECF,0xFE0F,
    // "bee"
    0x0062,0x0065,0x0065,0xD83D,0xDC1D,
    // "beer"
    0x0062,0x0065,0x0065,0x0072,0xD83C,0xDF7A,
    // "beers"
    0x0062,0x0065,0x0065,0x0072,0x0073,0xD83C,0xDF7B,
    // "beetle"
    0x0062,0x0065,0x0065,0x0074,0x006C,0x0065,0xD83E,0xDEB2,
    // "beginner"
    0x0062,0x0065,0x0067,0x0069,0x006E,0x006E,0x0065,0x0072,0xD83D,0xDD30,
    // "bell"
    0x0062,0x0065,0x006C,0x006C,0xD83D,0xDD14,
    // "bell_pepper"
    0x0062,0x0065,0x006C,0x006C,0x005F,0x0070,0x0065,0x0070,0x0070,0x0065,0x0072,0xD83E,0xDED1,
    // "bellhop_bell"
    0x0062,0x0065,0x006C,0x006C,0x0068,0x006F,0x0070,0x005F,0x0062,0x0065,0x006C,0x006C,0xD83D,0xDECE,0xFE0F,
    // "bento"
    0x0062,0x0065,0x006E,0x0074,0x006F,0xD83C,0xDF71,
    // "beverage_box"
    0x0062,0x0065,0x0076,0x0065,0x0072,0x0061,0x0067,0x0065,0x005F,0x0062,0x006F,0x0078,0xD83E,0xDDC3,
    // "bicyclist"
    0x0062,0x0069,0x0063,0x0079,0x0063,0x006C,0x0069,0x0073,0x0074,0xD83D,0xDEB4,
    // "bike"
    0x0062,0x0069,0x006B,0x0065,0xD83D,0xDEB2,
    // "bikini"
    0x0062,0x0069,0x006B,0x0069,0x006E,0x0069,0xD83D,0xDC59,
    // "billed_cap"
    0x0062,0x0069,0x006C,0x006C,0x0065,0x0064,0x005F,0x0063,0x0061,0x0070,0xD83E,0xDDE2,
    // "biohazard_sign"
    0x0062,0x0069,0x006F,0x0068,0x0061,0x007A,0x0061,0x0072,0x0064,0x005F,0x0073,0x0069,0x0067,0x006E,0x2623,0xFE0F,
    // "bird"
    0x0062,0x0069,0x0072,0x0064,0xD83D,0xDC26,
    // "birthday"
    0x0062,0x0069,0x0072,0x0074,0x0068,0x0064,0x0061,0x0079,0xD83C,0xDF82,
    // "bison"
    0x0062,0x0069,0x0073,0x006F,0x006E,0xD83E,0xDDAC,
    // "biting_lip"
    0x0062,0x0069,0x0074,0x0069,0x006E,0x0067,0x005F,0x006C,0x0069,0x0070,0xD83E,0xDEE6,
    // "black_bird"
    0x0062,0x006C,0x0061,0x0063,0x006B,0x005F,0x0062,0x0069,0x0072,0x0064,0xD83D,0xDC26,0x200D,0x2B1B,
    // "black_cat"
    0x0062,0x006C,0x0061,0x0063,0x006B,0x005F,0x0063,0x0061,0x0074,0xD83D,0xDC08,0x200D,0x2B1B,
    // "black_circle"
    0x0062,0x006C,0x0061,0x0063,0x006B,0x005F,0x0063,0x0069,0x0072,0x0063,0x006C,0x0065,0x26AB,
    // "black_circle_for_record"
    0x0062,0x006C,0x0061,0x0063,0x006B,0x005F,0x0063,0x0069,0x0072,0x0063,0x006C,0x0065,0x005F,0x0066,0x006F,0x0072,
    0x005F,0x0072,0x0065,0x0063,0x006F,0x0072,0x0064,0x23FA,0xFE0F,
    // "black_heart"
    0x0062,0x006C,0x0061,0x0063,0x006B,0x005F,0x0068,0x0065,0x0061,0x0072,0x0074,0xD83D,0xDDA4,
    // "black_joker"
    0x0062,0x006C,0x0061,0x0063,0x006B,0x005F,0x006A,0x006F,0x006B,0x0065,0x0072,0xD83C,0xDCCF,
    // "black_large_square"
    0x0062,0x006C,0x0061,0x0063,0x006B,0x005F,0x006C,0x0061,0x0072,0x0067,0x0065,0x005F,0x0073,0x0071,0x0075,0x0061,
    0x0072,0x0065,0x2B1B,
    // "black_left_pointing_double_triangle_with_vertical_bar"
    0x0062,0x006C,0x0061,0x0063,0x006B,0x005F,0x006C,0x0065,0x0066,0x0074,0x005F,0x0070,0x006F,0x0069,0x006E,0x0074,
    0x0069,0x006E,0x0067,0x005F,0x0064,0x006F,0x0075,0x0062,0x006C,0x0065,0x005F,0x0074,0x0072,0x0069,0x0061,0x006E,
    0x0067,0x006C,0x0065,0x005F,0x0077,0x0069,0x0074,0x0068,0x005F,0x0076,0x0065,0x0072,0x0074,0x0069,0x0063,0x0061,
    0x006C,0x005F,0x0062,0x0061,0x0072,0x23EE,0xFE0F,
    // "black_medium_small_square"
    0x0062,0x006C,0x0061,0x0063,0x006B,0x005F,0x006D,0x0065,0x0064,0x0069,0x0075,0x006D,0x005F,0x0073,0x006D,0x0061,
    0x006C,0x006C,0x005F,0x0073,0x0071,0x0075,0x0061,0x0072,0x0065,0x25FE,
    // "black_medium_square"
    0x0062,0x006C,0x0061,0x0063,0x006B,0x005F,0x006D,0x0065,0x0064,0x0069,0x0075,0x006D,0x005F,0x0073,0x0071,0x0075,
    0x0061,0x0072,0x0065,0x25FC,0xFE0F,
    // "black_nib"
    0x0062,0x006C,0x0061,0x0063,0x006B,0x005F,0x006E,0x0069,0x0062,0x2712,0xFE0F,
    // "black_right_pointing_double_triangle_with_vertical_bar"
    0x0062,0x006C,0x0061,0x0063,0x006B,0x005F,0x0072,0x0069,0x0067,0x0068,0x0074,0x005F,0x0070,0x006F,0x0069,0x006E,
    0x0074,0x0069,0x006E,0x0067,0x005F,0x0064,0x006F,0x0075,0x0062,0x006C,0x0065,0x005F,0x0074,0x0072,0x0069,0x0061,
    0x006E,0x0067,0x006C,0x0065,0x005F,0x0077,0x0069,0x0074,0x0068,0x005F,0x0076,0x0065,0x0072,0x0074,0x0069,0x0063,
    0x0061,0x006C,0x005F,0x0062,0x0061,0x0072,0x23ED,0xFE0F,
    // "black_right_pointing_triangle_with_double_vertical_bar"
    0x0062,0x006C,0x0061,0x0063,0x006B,0x005F,0x0072,0x0069,0x0067,0x0068,0x0074,0x005F,0x0070,0x006F,0x0069,0x006E,
    0x0074,0x0069,0x006E,0x0067,0x005F,0x0074,0x0072,0x0069,0x0061,0x006E,0x0067,0x006C,0x0065,0x005F,0x0077,0x0069,
    0x0074,0x0068,0x005F,0x0064,0x006F,0x0075,0x0062,0x006C,0x0065,0x005F,0x0076,0x0065,0x0072,0x0074,0x0069,0x0063,
    0x0061,0x006C,0x005F,0x0062,0x0061,0x0072,0x23EF,0xFE0F,
    // "black_small_square"
    0x0062,0x006C,0x0061,0x0063,0x006B,0x005F,0x0073,0x006D,0x0061,0x006C,0x006C,0x005F,0x0073,0x0071,0x0075,0x0061,
    0x0072,0x0065,0x25AA,0xFE0F,
    // "black_square_button"
    0x0062,0x006C,0x0061,0x0063,0x006B,0x005F,0x0073,0x0071,0x0075,0x0061,0x0072,0x0065,0x005F,0x0062,0x0075,0x0074,
    0x0074,0x006F,0x006E,0xD83D,0xDD32,
    // "black_square_for_stop"
    0x0062,0x006C,0x0061,0x0063,0x006B,0x005F,0x0073,0x0071,0x0075,0x0061,0x0072,0x0065,0x005F,0x0066,0x006F,0x0072,
    0x005F,0x0073,0x0074,0x006F,0x0070,0x23F9,0xFE0F,
    // "blond-haired-man"
    0x0062,0x006C,0x006F,0x006E,0x0064,0x002D,0x0068,0x0061,0x0069,0x0072,0x0065,0x0064,0x002D,0x006D,0x0061,0x006E,
    0xD83D,0xDC71,0x200D,0x2642,0xFE0F,
    // "blond-haired-woman"
    0x0062,0x006C,0x006F,0x006E,0x0064,0x002D,0x0068,0x0061,0x0069,0x0072,0x0065,0x0064,0x002D,0x0077,0x006F,0x006D,
    0x0061,0x006E,0xD83D,0xDC71,0x200D,0x2640,0xFE0F,
    // "blossom"
    0x0062,0x006C,0x006F,0x0073,0x0073,0x006F,0x006D,0xD83C,0xDF3C,
    // "blowfish"
    0x0062,0x006C,0x006F,0x0077,0x0066,0x0069,0x0073,0x0068,0xD83D,0xDC21,
    // "blue_book"
    0x0062,0x006C,0x0075,0x0065,0x005F,0x0062,0x006F,0x006F,0x006B,0xD83D,0xDCD8,
    // "blue_car"
    0x0062,0x006C,0x0075,0x0065,0x005F,0x0063,0x0061,0x0072,0xD83D,0xDE99,
    // "blue_heart"
    0x0062,0x006C,0x0075,0x0065,0x005F,0x0068,0x0065,0x0061,0x0072,0x0074,0xD83D,0xDC99,
    // "blueberries"
    0x0062,0x006C,0x0075,0x0065,0x0062,0x0065,0x0072,0x0072,0x0069,0x0065,0x0073,0xD83E,0xDED0,
    // "blush"
    0x0062,0x006C,0x0075,0x0073,0x0068,0xD83D,0xDE0A,
    // "boar"
    0x0062,0x006F,0x0061,0x0072,0xD83D,0xDC17,
    // "boat"
    0x0062,0x006F,0x0061,0x0074,0x26F5,
    // "bomb"
    0x0062,0x006F,0x006D,0x0062,0xD83D,0xDCA3,
    // "bone"
    0x0062,0x006F,0x006E,0x0065,0xD83E,0xDDB4,
    // "book"
    0x0062,0x006F,0x006F,0x006B,0xD83D,0xDCD6,
    // "bookmark"
    0x0062,0x006F,0x006F,0x006B,0x006D,0x0061,0x0072,0x006B,0xD83D,0xDD16,
    // "bookmark_tabs"
    0x0062,0x006F,0x006F,0x006B,0x006D,0x0061,0x0072,0x006B,0x005F,0x0074,0x0061,0x0062,0x0073,0xD83D,0xDCD1,
    // "books"
    0x0062,0x006F,0x006F,0x006B,0x0073,0xD83D,0xDCDA,
    // "boom"
    0x0062,0x006F,0x006F,0x006D,0xD83D,0xDCA5,
    // "boomerang"
    0x0062,0x006F,0x006F,0x006D,0x0065,0x0072,0x0061,0x006E,0x0067,0xD83E,0xDE83,
    // "boot"
    0x0062,0x006F,0x006F,0x0074,0xD83D,0xDC62,
    // "bouquet"
    0x0062,0x006F,0x0075,0x0071,0x0075,0x0065,0x0074,0xD83D,0xDC90,
    // "bow"
    0x0062,0x006F,0x0077,0xD83D,0xDE47,
    // "bow_and_arrow"
    0x0062,0x006F,0x0077,0x005F,0x0061,0x006E,0x0064,0x005F,0x0061,0x0072,0x0072,0x006F,0x0077,0xD83C,0xDFF9,
    // "bowl_with_spoon"
    0x0062,0x006F,0x0077,0x006C,0x005F,0x0077,0x0069,0x0074,0x0068,0x005F,0x0073,0x0070,0x006F,0x006F,0x006E,0xD83E,
    0xDD63,
    // "bowling"
    0x0062,0x006F,0x0077,0x006C,0x0069,0x006E,0x0067,0xD83C,0xDFB3,
    // "boxing_glove"
    0x0062,0x006F,0x0078,0x0069,0x006E,0x0067,0x005F,0x0067,0x006C,0x006F,0x0076,0x0065,0xD83E,0xDD4A,
    // "boy"
    0x0062,0x006F,0x0079,0xD83D,0xDC66,
    // "brain"
    0x0062,0x0072,0x0061,0x0069,0x006E,0xD83E,0xDDE0,
    // "bread"
    0x0062,0x0072,0x0065,0x0061,0x0064,0xD83C,0xDF5E,
    // "breast-feeding"
    0x0062,0x0072,0x0065,0x0061,0x0073,0x0074,0x002D,0x0066,0x0065,0x0065,0x0064,0x0069,0x006E,0x0067,0xD83E,0xDD31,
    // "bricks"
    0x0062,0x0072,0x0069,0x0063,0x006B,0x0073,0xD83E,0xDDF1,
    // "bride_with_veil"
    0x0062,0x0072,0x0069,0x0064,0x0065,0x005F,0x0077,0x0069,0x0074,0x0068,0x005F,0x0076,0x0065,0x0069,0x006C,0xD83D,
    0xDC70,
    // "bridge_at_night"
    0x0062,0x0072,0x0069,0x0064,0x0067,0x0065,0x005F,0x0061,0x0074,0x005F,0x006E,0x0069,0x0067,0x0068,0x0074,0xD83C,
    0xDF09,
    // "briefcase"
    0x0062,0x0072,0x0069,0x0065,0x0066,0x0063,0x0061,0x0073,0x0065,0xD83D,0xDCBC,
    // "briefs"
    0x0062,0x0072,0x0069,0x0065,0x0066,0x0073,0xD83E,0xDE72,
    // "broccoli"
    0x0062,0x0072,0x006F,0x0063,0x0063,0x006F,0x006C,0x0069,0xD83E,0xDD66,
    // "broken_chain"
    0x0062,0x0072,0x006F,0x006B,0x0065,0x006E,0x005F,0x0063,0x0068,0x0061,0x0069,0x006E,0x26D3,0xFE0F,0x200D,0xD83D,
    0xDCA5,
    // "broken_heart"
    0x0062,0x0072,0x006F,0x006B,0x0065,0x006E,0x005F,0x0068,0x0065,0x0061,0x0072,0x0074,0xD83D,0xDC94,
    // "broom"
    0x0062,0x0072,0x006F,0x006F,0x006D,0xD83E,0xDDF9,
    // "brown_heart"
    0x0062,0x0072,0x006F,0x0077,0x006E,0x005F,0x0068,0x0065,0x0061,0x0072,0x0074,0xD83E,0xDD0E,
    // "brown_mushroom"
    0x0062,0x0072,0x006F,0x0077,0x006E,0x005F,0x006D,0x0075,0x0073,0x0068,0x0072,0x006F,0x006F,0x006D,0xD83C,0xDF44,
    0x200D,0xD83D,0xDFEB,
    // "bubble_tea"
    0x0062,0x0075,0x0062,0x0062,0x006C,0x0065,0x005F,0x0074,0x0065,0x0061,0xD83E,0xDDCB,
    // "bubbles"
    0x0062,0x0075,0x0062,0x0062,0x006C,0x0065,0x0073,0xD83E,0xDEE7,
    // "bucket"
    0x0062,0x0075,0x0063,0x006B,0x0065,0x0074,0xD83E,0xDEA3,
    // "bug"
    0x0062,0x0075,0x0067,0xD83D,0xDC1B,
    // "building_construction"
    0x0062,0x0075,0x0069,0x006C,0x0064,0x0069,0x006E,0x0067,0x005F,0x0063,0x006F,0x006E,0x0073,0x0074,0x0072,0x0075,
    0x0063,0x0074,0x0069,0x006F,0x006E,0xD83C,0xDFD7,0xFE0F,
    // "bulb"
    0x0062,0x0075,0x006C,0x0062,0xD83D,0xDCA1,
    // "bullettrain_front"
    0x0062,0x0075,0x006C,0x006C,0x0065,0x0074,0x0074,0x0072,0x0061,0x0069,0x006E,0x005F,0x0066,0x0072,0x006F,0x006E,
    0x0074,0xD83D,0xDE85,
    // "bullettrain_side"
    0x0062,0x0075,0x006C,0x006C,0x0065,0x0074,0x0074,0x0072,0x0061,0x0069,0x006E,0x005F,0x0073,0x0069,0x0064,0x0065,
    0xD83D,0xDE84,
    // "burrito"
    0x0062,0x0075,0x0072,0x0072,0x0069,0x0074,0x006F,0xD83C,0xDF2F,
    // "bus"
    0x0062,0x0075,0x0073,0xD83D,0xDE8C,
    // "busstop"
    0x0062,0x0075,0x0073,0x0073,0x0074,0x006F,0x0070,0xD83D,0xDE8F,
    // "bust_in_silhouette"
    0x0062,0x0075,0x0073,0x0074,0x005F,0x0069,0x006E,0x005F,0x0073,0x0069,0x006C,0x0068,0x006F,0x0075,0x0065,0x0074,
    0x0074,0x0065,0xD83D,0xDC64,
    // "busts_in_silhouette"
    0x0062,0x0075,0x0073,0x0074,0x0073,0x005F,0x0069,0x006E,0x005F,0x0073,0x0069,0x006C,0x0068,0x006F,0x0075,0x0065,
    0x0074,0x0074,0x0065,0xD83D,0xDC65,
    // "butter"
    0x0062,0x0075,0x0074,0x0074,0x0065,0x0072,0xD83E,0xDDC8,
    // "butterfly"
    0x0062,0x0075,0x0074,0x0074,0x0065,0x0072,0x0066,0x006C,0x0079,0xD83E,0xDD8B,
    // "cactus"
    0x0063,0x0061,0x0063,0x0074,0x0075,0x0073,0xD83C,0xDF35,
    // "cake"
    0x0063,0x0061,0x006B,0x0065,0xD83C,0xDF70,
    // "calendar"
    0x0063,0x0061,0x006C,0x0065,0x006E,0x0064,0x0061,0x0072,0xD83D,0xDCC6,
    // "call_me_hand"
    0x0063,0x0061,0x006C,0x006C,0x005F,0x006D,0x0065,0x005F,0x0068,0x0061,0x006E,0x0064,0xD83E,0xDD19,
    // "calling"
    0x0063,0x0061,0x006C,0x006C,0x0069,0x006E,0x0067,0xD83D,0xDCF2,
    // "camel"
    0x0063,0x0061,0x006D,0x0065,0x006C,0xD83D,0xDC2B,
    // "camera"
    0x0063,0x0061,0x006D,0x0065,0x0072,0x0061,0xD83D,0xDCF7,
    // "camera_with_flash"
    0x0063,0x0061,0x006D,0x0065,0x0072,0x0061,0x005F,0x0077,0x0069,0x0074,0x0068,0x005F,0x0066,0x006C,0x0061,0x0073,
    0x0068,0xD83D,0xDCF8,
    // "camping"
    0x0063,0x0061,0x006D,0x0070,0x0069,0x006E,0x0067,0xD83C,0xDFD5,0xFE0F,
    // "cancer"
    0x0063,0x0061,0x006E,0x0063,0x0065,0x0072,0x264B,
    // "candle"
    0x0063,0x0061,0x006E,0x0064,0x006C,0x0065,0xD83D,0xDD6F,0xFE0F,
    // "candy"
    0x0063,0x0061,0x006E,0x0064,0x0079,0xD83C,0xDF6C,
    // "canned_food"
    0x0063,0x0061,0x006E,0x006E,0x0065,0x0064,0x005F,0x0066,0x006F,0x006F,0x0064,0xD83E,0xDD6B,
    // "canoe"
    0x0063,0x0061,0x006E,0x006F,0x0065,0xD83D,0xDEF6,
    // "capital_abcd"
    0x0063,0x0061,0x0070,0x0069,0x0074,0x0061,0x006C,0x005F,0x0061,0x0062,0x0063,0x0064,0xD83D,0xDD20,
    // "capricorn"
    0x0063,0x0061,0x0070,0x0072,0x0069,0x0063,0x006F,0x0072,0x006E,0x2651,
    // "car"
    0x0063,0x0061,0x0072,0xD83D,0xDE97,
    // "card_file_box"
    0x0063,0x0061,0x0072,0x0064,0x005F,0x0066,0x0069,0x006C,0x0065,0x005F,0x0062,0x006F,0x0078,0xD83D,0xDDC3,0xFE0F,
    // "card_index"
    0x0063,0x0061,0x0072,0x0064,0x005F,0x0069,0x006E,0x0064,0x0065,0x0078,0xD83D,0xDCC7,
    // "card_index_dividers"
    0x0063,0x0061,0x0072,0x0064,0x005F,0x0069,0x006E,0x0064,0x0065,0x0078,0x005F,0x0064,0x0069,0x0076,0x0069,0x0064,
    0x0065,0x0072,0x0073,0xD83D,0xDDC2,0xFE0F,
    // "carousel_horse"
    0x0063,0x0061,0x0072,0x006F,0x0075,0x0073,0x0065,0x006C,0x005F,0x0068,0x006F,0x0072,0x0073,0x0065,0xD83C,0xDFA0,
    // "carpentry_saw"
    0x0063,0x0061,0x0072,0x0070,0x0065,0x006E,0x0074,0x0072,0x0079,0x005F,0x0073,0x0061,0x0077,0xD83E,0xDE9A,
    // "carrot"
    0x0063,0x0061,0x0072,0x0072,0x006F,0x0074,0xD83E,0xDD55,
    // "cat"
    0x0063,0x0061,0x0074,0xD83D,0xDC31,
    // "cat2"
    0x0063,0x0061,0x0074,0x0032,0xD83D,0xDC08,
    // "cd"
    0x0063,0x0064,0xD83D,0xDCBF,
    // "chains"
    0x0063,0x0068,0x0061,0x0069,0x006E,0x0073,0x26D3,0xFE0F,
    // "chair"
    0x0063,0x0068,0x0061,0x0069,0x0072,0xD83E,0xDE91,
    // "champagne"
    0x0063,0x0068,0x0061,0x006D,0x0070,0x0061,0x0067,0x006E,0x0065,0xD83C,0xDF7E,
    // "chart"
    0x0063,0x0068,0x0061,0x0072,0x0074,0xD83D,0xDCB9,
    // "chart_with_downwards_trend"
    0x0063,0x0068,0x0061,0x0072,0x0074,0x005F,0x0077,0x0069,0x0074,0x0068,0x005F,0x0064,0x006F,0x0077,0x006E,0x0077,
    0x0061,0x0072,0x0064,0x0073,0x005F,0x0074,0x0072,0x0065,0x006E,0x0064,0xD83D,0xDCC9,
    // "chart_with_upwards_trend"
    0x0063,0x0068,0x0061,0x0072,0x0074,0x005F,0x0077,0x0069,0x0074,0x0068,0x005F,0x0075,0x0070,0x0077,0x0061,0x0072,
    0x0064,0x0073,0x005F,0x0074,0x0072,0x0065,0x006E,0x0064,0xD83D,0xDCC8,
    // "checkered_flag"
    0x0063,0x0068,0x0065,0x0063,0x006B,0x0065,0x0072,0x0065,0x0064,0x005F,0x0066,0x006C,0x0061,0x0067,0xD83C,0xDFC1,
    // "cheese_wedge"
    0x0063,0x0068,0x0065,0x0065,0x0073,0x0065,0x005F,0x0077,0x0065,0x0064,0x0067,0x0065,0xD83E,0xDDC0,
    // "cherries"
    0x0063,0x0068,0x0065,0x0072,0x0072,0x0069,0x0065,0x0073,0xD83C,0xDF52,
    // "cherry_blossom"
    0x0063,0x0068,0x0065,0x0072,0x0072,0x0079,0x005F,0x0062,0x006C,0x006F,0x0073,0x0073,0x006F,0x006D,0xD83C,0xDF38,
    // "chess_pawn"
    0x0063,0x0068,0x0065,0x0073,0x0073,0x005F,0x0070,0x0061,0x0077,0x006E,0x265F,0xFE0F,
    // "chestnut"
    0x0063,0x0068,0x0065,0x0073,0x0074,0x006E,0x0075,0x0074,0xD83C,0xDF30,
    // "chicken"
    0x0063,0x0068,0x0069,0x0063,0x006B,0x0065,0x006E,0xD83D,0xDC14,
    // "child"
    0x0063,0x0068,0x0069,0x006C,0x0064,0xD83E,0xDDD2,
    // "children_crossing"
    0x0063,0x0068,0x0069,0x006C,0x0064,0x0072,0x0065,0x006E,0x005F,0x0063,0x0072,0x006F,0x0073,0x0073,0x0069,0x006E,
    0x0067,0xD83D,0xDEB8,
    // "chipmunk"
    0x0063,0x0068,0x0069,0x0070,0x006D,0x0075,0x006E,0x006B,0xD83D,0xDC3F,0xFE0F,
    // "chocolate_bar"
    0x0063,0x0068,0x006F,0x0063,0x006F,0x006C,0x0061,0x0074,0x0065,0x005F,0x0062,0x0061,0x0072,0xD83C,0xDF6B,
    // "chopsticks"
    0x0063,0x0068,0x006F,0x0070,0x0073,0x0074,0x0069,0x0063,0x006B,0x0073,0xD83E,0xDD62,
    // "christmas_tree"
    0x0063,0x0068,0x0072,0x0069,0x0073,0x0074,0x006D,0x0061,0x0073,0x005F,0x0074,0x0072,0x0065,0x0065,0xD83C,0xDF84,
    // "church"
    0x0063,0x0068,0x0075,0x0072,0x0063,0x0068,0x26EA,
    // "cinema"
    0x0063,0x0069,0x006E,0x0065,0x006D,0x0061,0xD83C,0xDFA6,
    // "circus_tent"
    0x0063,0x0069,0x0072,0x0063,0x0075,0x0073,0x005F,0x0074,0x0065,0x006E,0x0074,0xD83C,0xDFAA,
    // "city_sunrise"
    0x0063,0x0069,0x0074,0x0079,0x005F,0x0073,0x0075,0x006E,0x0072,0x0069,0x0073,0x0065,0xD83C,0xDF07,
    // "city_sunset"
    0x0063,0x0069,0x0074,0x0079,0x005F,0x0073,0x0075,0x006E,0x0073,0x0065,0x0074,0xD83C,0xDF06,
    // "cityscape"
    0x0063,0x0069,0x0074,0x0079,0x0073,0x0063,0x0061,0x0070,0x0065,0xD83C,0xDFD9,0xFE0F,
    // "cl"
    0x0063,0x006C,0xD83C,0xDD91,
    // "clap"
    0x0063,0x006C,0x0061,0x0070,0xD83D,0xDC4F,
    // "clapper"
    0x0063,0x006C,0x0061,0x0070,0x0070,0x0065,0x0072,0xD83C,0xDFAC,
    // "classical_building"
    0x0063,0x006C,0x0061,0x0073,0x0073,0x0069,0x0063,0x0061,0x006C,0x005F,0x0062,0x0075,0x0069,0x006C,0x0064,0x0069,
    0x006E,0x0067,0xD83C,0xDFDB,0xFE0F,
    // "clinking_glasses"
    0x0063,0x006C,0x0069,0x006E,0x006B,0x0069,0x006E,0x0067,0x005F,0x0067,0x006C,0x0061,0x0073,0x0073,0x0065,0x0073,
    0xD83E,0xDD42,
    // "clipboard"
    0x0063,0x006C,0x0069,0x0070,0x0062,0x006F,0x0061,0x0072,0x0064,0xD83D,0xDCCB,
    // "clock1"
    0x0063,0x006C,0x006F,0x0063,0x006B,0x0031,0xD83D,0xDD50,
    // "clock10"
    0x0063,0x006C,0x006F,0x0063,0x006B,0x0031,0x0030,0xD83D,0xDD59,
    // "clock1030"
    0x0063,0x006C,0x006F,0x0063,0x006B,0x0031,0x0030,0x0033,0x0030,0xD83D,0xDD65,
    // "clock11"
    0x0063,0x006C,0x006F,0x0063,0x006B,0x0031,0x0031,0xD83D,0xDD5A,
    // "clock1130"
    0x0063,0x006C,0x006F,0x0063,0x006B,0x0031,0x0031,0x0033,0x0030,0xD83D,0xDD66,
    // "clock12"
    0x0063,0x006C,0x006F,0x0063,0x006B,0x0031,0x0032,0xD83D,0xDD5B,
    // "clock1230"
    0x0063,0x006C,0x006F,0x0063,0x006B,0x0031,0x0032,0x0033,0x0030,0xD83D,0xDD67,
    // "clock130"
    0x0063,0x006C,0x006F,0x0063,0x006B,0x0031,0x0033,0x0030,0xD83D,0xDD5C,
    // "clock2"
    0x0063,0x006C,0x006F,0x0063,0x006B,0x0032,0xD83D,0xDD51,
    // "clock230"
    0x0063,0x006C,0x006F,0x0063,0x006B,0x0032,0x0033,0x0030,0xD83D,0xDD5D,
    // "clock3"
    0x0063,0x006C,0x006F,0x0063,0x006B,0x0033,0xD83D,0xDD52,
    // "clock330"
    0x0063,0x006C,0x006F,0x0063,0x006B,0x0033,0x0033,0x0030,0xD83D,0xDD5E,
    // "clock4"
    0x0063,0x006C,0x006F,0x0063,0x006B,0x0034,0xD83D,0xDD53,
    // "clock430"
    0x0063,0x006C,0x006F,0x0063,0x006B,0x0034,0x0033,0x0030,0xD83D,0xDD5F,
    // "clock5"
    0x0063,0x006C,0x006F,0x0063,0x006B,0x0035,0xD83D,0xDD54,
    // "clock530"
    0x0063,0x006C,0x006F,0x0063,0x006B,0x0035,0x0033,0x0030,0xD83D,0xDD60,
    // "clock6"
    0x0063,0x006C,0x006F,0x0063,0x006B,0x0036,0xD83D,0xDD55,
    // "clock630"
    0x0063,0x006C,0x006F,0x0063,0x006B,0x0036,0x0033,0x0030,0xD83D,0xDD61,
    // "clock7"
    0x0063,0x006C,0x006F,0x0063,0x006B,0x0037,0xD83D,0xDD56,
    // "clock730"
    0x0063,0x006C,0x006F,0x0063,0x006B,0x0037,0x0033,0x0030,0xD83D,0xDD62,
    // "clock8"
    0x0063,0x006C,0x006F,0x0063,0x006B,0x0038,0xD83D,0xDD57,
    // "clock830"
    0x0063,0x006C,0x006F,0x0063,0x006B,0x0038,0x0033,0x0030,0xD83D,0xDD63,
    // "clock9"
    0x0063,0x006C,0x006F,0x0063,0x006B,0x0039,0xD83D,0xDD58,
    // "clock930"
    0x0063,0x006C,0x006F,0x0063,0x006B,0x0039,0x0033,0x0030,0xD83D,0xDD64,
    // "closed_book"
    0x0063,0x006C,0x006F,0x0073,0x0065,0x0064,0x005F,0x0062,0x006F,0x006F,0x006B,0xD83D,0xDCD5,
    // "closed_lock_with_key"
    0x0063,0x006C,0x006F,0x0073,0x0065,0x0064,0x005F,0x006C,0x006F,0x0063,0x006B,0x005F,0x0077,0x0069,0x0074,0x0068,
    0x005F,0x006B,0x0065,0x0079,0xD83D,0xDD10,
    // "closed_umbrella"
    0x0063,0x006C,0x006F,0x0073,0x0065,0x0064,0x005F,0x0075,0x006D,0x0062,0x0072,0x0065,0x006C,0x006C,0x0061,0xD83C,
    0xDF02,
    // "cloud"
    0x0063,0x006C,0x006F,0x0075,0x0064,0x2601,0xFE0F,
    // "clown_face"
    0x0063,0x006C,0x006F,0x0077,0x006E,0x005F,0x0066,0x0061,0x0063,0x0065,0xD83E,0xDD21,
    // "clubs"
    0x0063,0x006C,0x0075,0x0062,0x0073,0x2663,0xFE0F,
    // "cn"
    0x0063,0x006E,0xD83C,0xDDE8,0xD83C,0xDDF3,
    // "coat"
    0x0063,0x006F,0x0061,0x0074,0xD83E,0xDDE5,
    // "cockroach"
    0x0063,0x006F,0x0063,0x006B,0x0072,0x006F,0x0061,0x0063,0x0068,0xD83E,0xDEB3,
    // "cocktail"
    0x0063,0x006F,0x0063,0x006B,0x0074,0x0061,0x0069,0x006C,0xD83C,0xDF78,
    // "coconut"
    0x0063,0x006F,0x0063,0x006F,0x006E,0x0075,0x0074,0xD83E,0xDD65,
    // "coffee"
    0x0063,0x006F,0x0066,0x0066,0x0065,0x0065,0x2615,
    // "coffin"
    0x0063,0x006F,0x0066,0x0066,0x0069,0x006E,0x26B0,0xFE0F,
    // "coin"
    0x0063,0x006F,0x0069,0x006E,0xD83E,0xDE99,
    // "cold_face"
    0x0063,0x006F,0x006C,0x0064,0x005F,0x0066,0x0061,0x0063,0x0065,0xD83E,0xDD76,
    // "cold_sweat"
    0x0063,0x006F,0x006C,0x0064,0x005F,0x0073,0x0077,0x0065,0x0061,0x0074,0xD83D,0xDE30,
    // "collision"
    0x0063,0x006F,0x006C,0x006C,0x0069,0x0073,0x0069,0x006F,0x006E,0xD83D,0xDCA5,
    // "comet"
    0x0063,0x006F,0x006D,0x0065,0x0074,0x2604,0xFE0F,
    // "compass"
    0x0063,0x006F,0x006D,0x0070,0x0061,0x0073,0x0073,0xD83E,0xDDED,
    // "compression"
    0x0063,0x006F,0x006D,0x0070,0x0072,0x0065,0x0073,0x0073,0x0069,0x006F,0x006E,0xD83D,0xDDDC,0xFE0F,
    // "computer"
    0x0063,0x006F,0x006D,0x0070,0x0075,0x0074,0x0065,0x0072,0xD83D,0xDCBB,
    // "confetti_ball"
    0x0063,0x006F,0x006E,0x0066,0x0065,0x0074,0x0074,0x0069,0x005F,0x0062,0x0061,0x006C,0x006C,0xD83C,0xDF8A,
    // "confounded"
    0x0063,0x006F,0x006E,0x0066,0x006F,0x0075,0x006E,0x0064,0x0065,0x0064,0xD83D,0xDE16,
    // "confused"
    0x0063,0x006F,0x006E,0x0066,0x0075,0x0073,0x0065,0x0064,0xD83D,0xDE15,
    // "congratulations"
    0x0063,0x006F,0x006E,0x0067,0x0072,0x0061,0x0074,0x0075,0x006C,0x0061,0x0074,0x0069,0x006F,0x006E,0x0073,0x3297,
    0xFE0F,
    // "construction"
    0x0063,0x006F,0x006E,0x0073,0x0074,0x0072,0x0075,0x0063,0x0074,0x0069,0x006F,0x006E,0xD83D,0xDEA7,
    // "construction_worker"
    0x0063,0x006F,0x006E,0x0073,0x0074,0x0072,0x0075,0x0063,0x0074,0x0069,0x006F,0x006E,0x005F,0x0077,0x006F,0x0072,
    0x006B,0x0065,0x0072,0xD83D,0xDC77,
    // "control_knobs"
    0x0063,0x006F,0x006E,0x0074,0x0072,0x006F,0x006C,0x005F,0x006B,0x006E,0x006F,0x0062,0x0073,0xD83C,0xDF9B,0xFE0F,
    // "convenience_store"
    0x0063,0x006F,0x006E,0x0076,0x0065,0x006E,0x0069,0x0065,0x006E,0x0063,0x0065,0x005F,0x0073,0x0074,0x006F,0x0072,
    0x0065,0xD83C,0xDFEA,
    // "cook"
    0x0063,0x006F,0x006F,0x006B,0xD83E,0xDDD1,0x200D,0xD83C,0xDF73,
    // "cookie"
    0x0063,0x006F,0x006F,0x006B,0x0069,0x0065,0xD83C,0xDF6A,
    // "cooking"
    0x0063,0x006F,0x006F,0x006B,0x0069,0x006E,0x0067,0xD83C,0xDF73,
    // "cool"
    0x0063,0x006F,0x006F,0x006C,0xD83C,0xDD92,
    // "cop"
    0x0063,0x006F,0x0070,0xD83D,0xDC6E,
    // "copyright"
    0x0063,0x006F,0x0070,0x0079,0x0072,0x0069,0x0067,0x0068,0x0074,0x00A9,0xFE0F,
    // "coral"
    0x0063,0x006F,0x0072,0x0061,0x006C,0xD83E,0xDEB8,
    // "corn"
    0x0063,0x006F,0x0072,0x006E,0xD83C,0xDF3D,
    // "couch_and_lamp"
    0x0063,0x006F,0x0075,0x0063,0x0068,0x005F,0x0061,0x006E,0x0064,0x005F,0x006C,0x0061,0x006D,0x0070,0xD83D,0xDECB,
    0xFE0F,
    // "couple"
    0x0063,0x006F,0x0075,0x0070,0x006C,0x0065,0xD83D,0xDC6B,
    // "couple_with_heart"
    0x0063,0x006F,0x0075,0x0070,0x006C,0x0065,0x005F,0x0077,0x0069,0x0074,0x0068,0x005F,0x0068,0x0065,0x0061,0x0072,
    0x0074,0xD83D,0xDC91,
    // "couplekiss"
    0x0063,0x006F,0x0075,0x0070,0x006C,0x0065,0x006B,0x0069,0x0073,0x0073,0xD83D,0xDC8F,
    // "cow"
    0x0063,0x006F,0x0077,0xD83D,0xDC2E,
    // "cow2"
    0x0063,0x006F,0x0077,0x0032,0xD83D,0xDC04,
    // "crab"
    0x0063,0x0072,0x0061,0x0062,0xD83E,0xDD80,
    // "credit_card"
    0x0063,0x0072,0x0065,0x0064,0x0069,0x0074,0x005F,0x0063,0x0061,0x0072,0x0064,0xD83D,0xDCB3,
    // "crescent_moon"
    0x0063,0x0072,0x0065,0x0073,0x0063,0x0065,0x006E,0x0074,0x005F,0x006D,0x006F,0x006F,0x006E,0xD83C,0xDF19,
    // "cricket"
    0x0063,0x0072,0x0069,0x0063,0x006B,0x0065,0x0074,0xD83E,0xDD97,
    // "cricket_bat_and_ball"
    0x0063,0x0072,0x0069,0x0063,0x006B,0x0065,0x0074,0x005F,0x0062,0x0061,0x0074,0x005F,0x0061,0x006E,0x0064,0x005F,
    0x0062,0x0061,0x006C,0x006C,0xD83C,0xDFCF,
    // "crocodile"
    0x0063,0x0072,0x006F,0x0063,0x006F,0x0064,0x0069,0x006C,0x0065,0xD83D,0xDC0A,
    // "croissant"
    0x0063,0x0072,0x006F,0x0069,0x0073,0x0073,0x0061,0x006E,0x0074,0xD83E,0xDD50,
    // "crossed_fingers"
    0x0063,0x0072,0x006F,0x0073,0x0073,0x0065,0x0064,0x005F,0x0066,0x0069,0x006E,0x0067,0x0065,0x0072,0x0073,0xD83E,
    0xDD1E,
    // "crossed_flags"
    0x0063,0x0072,0x006F,0x0073,0x0073,0x0065,0x0064,0x005F,0x0066,0x006C,0x0061,0x0067,0x0073,0xD83C,0xDF8C,
    // "crossed_swords"
    0x0063,0x0072,0x006F,0x0073,0x0073,0x0065,0x0064,0x005F,0x0073,0x0077,0x006F,0x0072,0x0064,0x0073,0x2694,0xFE0F,
    // "crown"
    0x0063,0x0072,0x006F,0x0077,0x006E,0xD83D,0xDC51,
    // "crutch"
    0x0063,0x0072,0x0075,0x0074,0x0063,0x0068,0xD83E,0xDE7C,
    // "cry"
    0x0063,0x0072,0x0079,0xD83D,0xDE22,
    // "crying_cat_face"
    0x0063,0x0072,0x0079,0x0069,0x006E,0x0067,0x005F,0x0063,0x0061,0x0074,0x005F,0x0066,0x0061,0x0063,0x0065,0xD83D,
    0xDE3F,
    // "crystal_ball"
    0x0063,0x0072,0x0079,0x0073,0x0074,0x0061,0x006C,0x005F,0x0062,0x0061,0x006C,0x006C,0xD83D,0xDD2E,
    // "cucumber"
    0x0063,0x0075,0x0063,0x0075,0x006D,0x0062,0x0065,0x0072,0xD83E,0xDD52,
    // "cup_with_straw"
    0x0063,0x0075,0x0070,0x005F,0x0077,0x0069,0x0074,0x0068,0x005F,0x0073,0x0074,0x0072,0x0061,0x0077,0xD83E,0xDD64,
    // "cupcake"
    0x0063,0x0075,0x0070,0x0063,0x0061,0x006B,0x0065,0xD83E,0xDDC1,
    // "cupid"
    0x0063,0x0075,0x0070,0x0069,0x0064,0xD83D,0xDC98,
    // "curling_stone"
    0x0063,0x0075,0x0072,0x006C,0x0069,0x006E,0x0067,0x005F,0x0073,0x0074,0x006F,0x006E,0x0065,0xD83E,0xDD4C,
    // "curly_haired_man"
    0x0063,0x0075,0x0072,0x006C,0x0079,0x005F,0x0068,0x0061,0x0069,0x0072,0x0065,0x0064,0x005F,0x006D,0x0061,0x006E,
    0xD83D,0xDC68,0x200D,0xD83E,0xDDB1,
    // "curly_haired_person"
    0x0063,0x0075,0x0072,0x006C,0x0079,0x005F,0x0068,0x0061,0x0069,0x0072,0x0065,0x0064,0x005F,0x0070,0x0065,0x0072,
    0x0073,0x006F,0x006E,0xD83E,0xDDD1,0x200D,0xD83E,0xDDB1,
    // "curly_haired_woman"
    0x0063,0x0075,0x0072,0x006C,0x0079,0x005F,0x0068,0x0061,0x0069,0x0072,0x0065,0x0064,0x005F,0x0077,0x006F,0x006D,
    0x0061,0x006E,0xD83D,0xDC69,0x200D,0xD83E,0xDDB1,
    // "curly_loop"
    0x0063,0x0075,0x0072,0x006C,0x0079,0x005F,0x006C,0x006F,0x006F,0x0070,0x27B0,
    // "currency_exchange"
    0x0063,0x0075,0x0072,0x0072,0x0065,0x006E,0x0063,0x0079,0x005F,0x0065,0x0078,0x0063,0x0068,0x0061,0x006E,0x0067,
    0x0065,0xD83D,0xDCB1,
    // "curry"
    0x0063,0x0075,0x0072,0x0072,0x0079,0xD83C,0xDF5B,
    // "custard"
    0x0063,0x0075,0x0073,0x0074,0x0061,0x0072,0x0064,0xD83C,0xDF6E,
    // "customs"
    0x0063,0x0075,0x0073,0x0074,0x006F,0x006D,0x0073,0xD83D,0xDEC3,
    // "cut_of_meat"
    0x0063,0x0075,0x0074,0x005F,0x006F,0x0066,0x005F,0x006D,0x0065,0x0061,0x0074,0xD83E,0xDD69,
    // "cyclone"
    0x0063,0x0079,0x0063,0x006C,0x006F,0x006E,0x0065,0xD83C,0xDF00,
    // "dagger_knife"
    0x0064,0x0061,0x0067,0x0067,0x0065,0x0072,0x005F,0x006B,0x006E,0x0069,0x0066,0x0065,0xD83D,0xDDE1,0xFE0F,
    // "dancer"
    0x0064,0x0061,0x006E,0x0063,0x0065,0x0072,0xD83D,0xDC83,
    // "dancers"
    0x0064,0x0061,0x006E,0x0063,0x0065,0x0072,0x0073,0xD83D,0xDC6F,
    // "dango"
    0x0064,0x0061,0x006E,0x0067,0x006F,0xD83C,0xDF61,
    // "dark_sunglasses"
    0x0064,0x0061,0x0072,0x006B,0x005F,0x0073,0x0075,0x006E,0x0067,0x006C,0x0061,0x0073,0x0073,0x0065,0x0073,0xD83D,
    0xDD76,0xFE0F,
    // "dart"
    0x0064,0x0061,0x0072,0x0074,0xD83C,0xDFAF,
    // "dash"
    0x0064,0x0061,0x0073,0x0068,0xD83D,0xDCA8,
    // "date"
    0x0064,0x0061,0x0074,0x0065,0xD83D,0xDCC5,
    // "de"
    0x0064,0x0065,0xD83C,0xDDE9,0xD83C,0xDDEA,
    // "deaf_man"
    0x0064,0x0065,0x0061,0x0066,0x005F,0x006D,0x0061,0x006E,0xD83E,0xDDCF,0x200D,0x2642,0xFE0F,
    // "deaf_person"
    0x0064,0x0065,0x0061,0x0066,0x005F,0x0070,0x0065,0x0072,0x0073,0x006F,0x006E,0xD83E,0xDDCF,
    // "deaf_woman"
    0x0064,0x0065,0x0061,0x0066,0x005F,0x0077,0x006F,0x006D,0x0061,0x006E,0xD83E,0xDDCF,0x200D,0x2640,0xFE0F,
    // "deciduous_tree"
    0x0064,0x0065,0x0063,0x0069,0x0064,0x0075,0x006F,0x0075,0x0073,0x005F,0x0074,0x0072,0x0065,0x0065,0xD83C,0xDF33,
    // "deer"
    0x0064,0x0065,0x0065,0x0072,0xD83E,0xDD8C,
    // "department_store"
    0x0064,0x0065,0x0070,0x0061,0x0072,0x0074,0x006D,0x0065,0x006E,0x0074,0x005F,0x0073,0x0074,0x006F,0x0072,0x0065,
    0xD83C,0xDFEC,
    // "derelict_house_building"
    0x0064,0x0065,0x0072,0x0065,0x006C,0x0069,0x0063,0x0074,0x005F,0x0068,0x006F,0x0075,0x0073,0x0065,0x005F,0x0062,
    0x0075,0x0069,0x006C,0x0064,0x0069,0x006E,0x0067,0xD83C,0xDFDA,0xFE0F,
    // "desert"
    0x0064,0x0065,0x0073,0x0065,0x0072,0x0074,0xD83C,0xDFDC,0xFE0F,
    // "desert_island"
    0x0064,0x0065,0x0073,0x0065,0x0072,0x0074,0x005F,0x0069,0x0073,0x006C,0x0061,0x006E,0x0064,0xD83C,0xDFDD,0xFE0F,
    // "desktop_computer"
    0x0064,0x0065,0x0073,0x006B,0x0074,0x006F,0x0070,0x005F,0x0063,0x006F,0x006D,0x0070,0x0075,0x0074,0x0065,0x0072,
    0xD83D,0xDDA5,0xFE0F,
    // "diamond_shape_with_a_dot_inside"
    0x0064,0x0069,0x0061,0x006D,0x006F,0x006E,0x0064,0x005F,0x0073,0x0068,0x0061,0x0070,0x0065,0x005F,0x0077,0x0069,
    0x0074,0x0068,0x005F,0x0061,0x005F,0x0064,0x006F,0x0074,0x005F,0x0069,0x006E,0x0073,0x0069,0x0064,0x0065,0xD83D,
    0xDCA0,
    // "diamonds"
    0x0064,0x0069,0x0061,0x006D,0x006F,0x006E,0x0064,0x0073,0x2666,0xFE0F,
    // "disappointed"
    0x0064,0x0069,0x0073,0x0061,0x0070,0x0070,0x006F,0x0069,0x006E,0x0074,0x0065,0x0064,0xD83D,0xDE1E,
    // "disappointed_relieved"
    0x0064,0x0069,0x0073,0x0061,0x0070,0x0070,0x006F,0x0069,0x006E,0x0074,0x0065,0x0064,0x005F,0x0072,0x0065,0x006C,
    0x0069,0x0065,0x0076,0x0065,0x0064,0xD83D,0xDE25,
    // "disguised_face"
    0x0064,0x0069,0x0073,0x0067,0x0075,0x0069,0x0073,0x0065,0x0064,0x005F,0x0066,0x0061,0x0063,0x0065,0xD83E,0xDD78,
    // "diving_mask"
    0x0064,0x0069,0x0076,0x0069,0x006E,0x0067,0x005F,0x006D,0x0061,0x0073,0x006B,0xD83E,0xDD3F,
    // "diya_lamp"
    0x0064,0x0069,0x0079,0x0061,0x005F,0x006C,0x0061,0x006D,0x0070,0xD83E,0xDE94,
    // "dizzy"
    0x0064,0x0069,0x007A,0x007A,0x0079,0xD83D,0xDCAB,
    // "dizzy_face"
    0x0064,0x0069,0x007A,0x007A,0x0079,0x005F,0x0066,0x0061,0x0063,0x0065,0xD83D,0xDE35,
    // "dna"
    0x0064,0x006E,0x0061,0xD83E,0xDDEC,
    // "do_not_litter"
    0x0064,0x006F,0x005F,0x006E,0x006F,0x0074,0x005F,0x006C,0x0069,0x0074,0x0074,0x0065,0x0072,0xD83D,0xDEAF,
    // "dodo"
    0x0064,0x006F,0x0064,0x006F,0xD83E,0xDDA4,
    // "dog"
    0x0064,0x006F,0x0067,0xD83D,0xDC36,
    // "dog2"
    0x0064,0x006F,0x0067,0x0032,0xD83D,0xDC15,
    // "dollar"
    0x0064,0x006F,0x006C,0x006C,0x0061,0x0072,0xD83D,0xDCB5,
    // "dolls"
    0x0064,0x006F,0x006C,0x006C,0x0073,0xD83C,0xDF8E,
    // "dolphin"
    0x0064,0x006F,0x006C,0x0070,0x0068,0x0069,0x006E,0xD83D,0xDC2C,
    // "donkey"
    0x0064,0x006F,0x006E,0x006B,0x0065,0x0079,0xD83E,0xDECF,
    // "door"
    0x0064,0x006F,0x006F,0x0072,0xD83D,0xDEAA,
    // "dotted_line_face"
    0x0064,0x006F,0x0074,0x0074,0x0065,0x0064,0x005F,0x006C,0x0069,0x006E,0x0065,0x005F,0x0066,0x0061,0x0063,0x0065,
    0xD83E,0xDEE5,
    // "double_vertical_bar"
    0x0064,0x006F,0x0075,0x0062,0x006C,0x0065,0x005F,0x0076,0x0065,0x0072,0x0074,0x0069,0x0063,0x0061,0x006C,0x005F,
    0x0062,0x0061,0x0072,0x23F8,0xFE0F,
    // "doughnut"
    0x0064,0x006F,0x0075,0x0067,0x0068,0x006E,0x0075,0x0074,0xD83C,0xDF69,
    // "dove_of_peace"
    0x0064,0x006F,0x0076,0x0065,0x005F,0x006F,0x0066,0x005F,0x0070,0x0065,0x0061,0x0063,0x0065,0xD83D,0xDD4A,0xFE0F,
    // "dragon"
    0x0064,0x0072,0x0061,0x0067,0x006F,0x006E,0xD83D,0xDC09,
    // "dragon_face"
    0x0064,0x0072,0x0061,0x0067,0x006F,0x006E,0x005F,0x0066,0x0061,0x0063,0x0065,0xD83D,0xDC32,
    // "dress"
    0x0064,0x0072,0x0065,0x0073,0x0073,0xD83D,0xDC57,
    // "dromedary_camel"
    0x0064,0x0072,0x006F,0x006D,0x0065,0x0064,0x0061,0x0072,0x0079,0x005F,0x0063,0x0061,0x006D,0x0065,0x006C,0xD83D,
    0xDC2A,
    // "drooling_face"
    0x0064,0x0072,0x006F,0x006F,0x006C,0x0069,0x006E,0x0067,0x005F,0x0066,0x0061,0x0063,0x0065,0xD83E,0xDD24,
    // "drop_of_blood"
    0x0064,0x0072,0x006F,0x0070,0x005F,0x006F,0x0066,0x005F,0x0062,0x006C,0x006F,0x006F,0x0064,0xD83E,0xDE78,
    // "droplet"
    0x0064,0x0072,0x006F,0x0070,0x006C,0x0065,0x0074,0xD83D,0xDCA7,
    // "drum_with_drumsticks"
    0x0064,0x0072,0x0075,0x006D,0x005F,0x0077,0x0069,0x0074,0x0068,0x005F,0x0064,0x0072,0x0075,0x006D,0x0073,0x0074,
    0x0069,0x0063,0x006B,0x0073,0xD83E,0xDD41,
    // "duck"
    0x0064,0x0075,0x0063,0x006B,0xD83E,0xDD86,
    // "dumpling"
    0x0064,0x0075,0x006D,0x0070,0x006C,0x0069,0x006E,0x0067,0xD83E,0xDD5F,
    // "dvd"
    0x0064,0x0076,0x0064,0xD83D,0xDCC0,
    // "e-mail"
    0x0065,0x002D,0x006D,0x0061,0x0069,0x006C,0xD83D,0xDCE7,
    // "eagle"
    0x0065,0x0061,0x0067,0x006C,0x0065,0xD83E,0xDD85,
    // "ear"
    0x0065,0x0061,0x0072,0xD83D,0xDC42,
    // "ear_of_rice"
    0x0065,0x0061,0x0072,0x005F,0x006F,0x0066,0x005F,0x0072,0x0069,0x0063,0x0065,0xD83C,0xDF3E,
    // "ear_with_hearing_aid"
    0x0065,0x0061,0x0072,0x005F,0x0077,0x0069,0x0074,0x0068,0x005F,0x0068,0x0065,0x0061,0x0072,0x0069,0x006E,0x0067,
    0x005F,0x0061,0x0069,0x0064,0xD83E,0xDDBB,
    // "earth_africa"
    0x0065,0x0061,0x0072,0x0074,0x0068,0x005F,0x0061,0x0066,0x0072,0x0069,0x0063,0x0061,0xD83C,0xDF0D,
    // "earth_americas"
    0x0065,0x0061,0x0072,0x0074,0x0068,0x005F,0x0061,0x006D,0x0065,0x0072,0x0069,0x0063,0x0061,0x0073,0xD83C,0xDF0E,
    // "earth_asia"
    0x0065,0x0061,0x0072,0x0074,0x0068,0x005F,0x0061,0x0073,0x0069,0x0061,0xD83C,0xDF0F,
    // "egg"
    0x0065,0x0067,0x0067,0xD83E,0xDD5A,
    // "eggplant"
    0x0065,0x0067,0x0067,0x0070,0x006C,0x0061,0x006E,0x0074,0xD83C,0xDF46,
    // "eight"
    0x0065,0x0069,0x0067,0x0068,0x0074,0x0038,0xFE0F,0x20E3,
    // "eight_pointed_black_star"
    0x0065,0x0069,0x0067,0x0068,0x0074,0x005F,0x0070,0x006F,0x0069,0x006E,0x0074,0x0065,0x0064,0x005F,0x0062,0x006C,
    0x0061,0x0063,0x006B,0x005F,0x0073,0x0074,0x0061,0x0072,0x2734,0xFE0F,
    // "eight_spoked_asterisk"
    0x0065,0x0069,0x0067,0x0068,0x0074,0x005F,0x0073,0x0070,0x006F,0x006B,0x0065,0x0064,0x005F,0x0061,0x0073,0x0074,
    0x0065,0x0072,0x0069,0x0073,0x006B,0x2733,0xFE0F,
    // "eject"
    0x0065,0x006A,0x0065,0x0063,0x0074,0x23CF,0xFE0F,
    // "electric_plug"
    0x0065,0x006C,0x0065,0x0063,0x0074,0x0072,0x0069,0x0063,0x005F,0x0070,0x006C,0x0075,0x0067,0xD83D,0xDD0C,
    // "elephant"
    0x0065,0x006C,0x0065,0x0070,0x0068,0x0061,0x006E,0x0074,0xD83D,0xDC18,
    // "elevator"
    0x0065,0x006C,0x0065,0x0076,0x0061,0x0074,0x006F,0x0072,0xD83D,0xDED7,
    // "elf"
    0x0065,0x006C,0x0066,0xD83E,0xDDDD,
    // "email"
    0x0065,0x006D,0x0061,0x0069,0x006C,0x2709,0xFE0F,
    // "empty_nest"
    0x0065,0x006D,0x0070,0x0074,0x0079,0x005F,0x006E,0x0065,0x0073,0x0074,0xD83E,0xDEB9,
    // "end"
    0x0065,0x006E,0x0064,0xD83D,0xDD1A,
    // "envelope"
    0x0065,0x006E,0x0076,0x0065,0x006C,0x006F,0x0070,0x0065,0x2709,0xFE0F,
    // "envelope_with_arrow"
    0x0065,0x006E,0x0076,0x0065,0x006C,0x006F,0x0070,0x0065,0x005F,0x0077,0x0069,0x0074,0x0068,0x005F,0x0061,0x0072,
    0x0072,0x006F,0x0077,0xD83D,0xDCE9,
    // "es"
    0x0065,0x0073,0xD83C,0xDDEA,0xD83C,0xDDF8,
    // "euro"
    0x0065,0x0075,0x0072,0x006F,0xD83D,0xDCB6,
    // "european_castle"
    0x0065,0x0075,0x0072,0x006F,0x0070,0x0065,0x0061,0x006E,0x005F,0x0063,0x0061,0x0073,0x0074,0x006C,0x0065,0xD83C,
    0xDFF0,
    // "european_post_office"
    0x0065,0x0075,0x0072,0x006F,0x0070,0x0065,0x0061,0x006E,0x005F,0x0070,0x006F,0x0073,0x0074,0x005F,0x006F,0x0066,
    0x0066,0x0069,0x0063,0x0065,0xD83C,0xDFE4,
    // "evergreen_tree"
    0x0065,0x0076,0x0065,0x0072,0x0067,0x0072,0x0065,0x0065,0x006E,0x005F,0x0074,0x0072,0x0065,0x0065,0xD83C,0xDF32,
    // "exclamation"
    0x0065,0x0078,0x0063,0x006C,0x0061,0x006D,0x0061,0x0074,0x0069,0x006F,0x006E,0x2757,
    // "exploding_head"
    0x0065,0x0078,0x0070,0x006C,0x006F,0x0064,0x0069,0x006E,0x0067,0x005F,0x0068,0x0065,0x0061,0x0064,0xD83E,0xDD2F,
    // "expressionless"
    0x0065,0x0078,0x0070,0x0072,0x0065,0x0073,0x0073,0x0069,0x006F,0x006E,0x006C,0x0065,0x0073,0x0073,0xD83D,0xDE11,
    // "eye"
    0x0065,0x0079,0x0065,0xD83D,0xDC41,0xFE0F,
    // "eye-in-speech-bubble"
    0x0065,0x0079,0x0065,0x002D,0x0069,0x006E,0x002D,0x0073,0x0070,0x0065,0x0065,0x0063,0x0068,0x002D,0x0062,0x0075,
    0x0062,0x0062,0x006C,0x0065,0xD83D,0xDC41,0xFE0F,0x200D,0xD83D,0xDDE8,0xFE0F,
    // "eyeglasses"
    0x0065,0x0079,0x0065,0x0067,0x006C,0x0061,0x0073,0x0073,0x0065,0x0073,0xD83D,0xDC53,
    // "eyes"
    0x0065,0x0079,0x0065,0x0073,0xD83D,0xDC40,
    // "face_exhaling"
    0x0066,0x0061,0x0063,0x0065,0x005F,0x0065,0x0078,0x0068,0x0061,0x006C,0x0069,0x006E,0x0067,0xD83D,0xDE2E,0x200D,
    0xD83D,0xDCA8,
    // "face_holding_back_tears"
    0x0066,0x0061,0x0063,0x0065,0x005F,0x0068,0x006F,0x006C,0x0064,0x0069,0x006E,0x0067,0x005F,0x0062,0x0061,0x0063,
    0x006B,0x005F,0x0074,0x0065,0x0061,0x0072,0x0073,0xD83E,0xDD79,
    // "face_in_clouds"
    0x0066,0x0061,0x0063,0x0065,0x005F,0x0069,0x006E,0x005F,0x0063,0x006C,0x006F,0x0075,0x0064,0x0073,0xD83D,0xDE36,
    0x200D,0xD83C,0xDF2B,0xFE0F,
    // "face_palm"
    0x0066,0x0061,0x0063,0x0065,0x005F,0x0070,0x0061,0x006C,0x006D,0xD83E,0xDD26,
    // "face_vomiting"
    0x0066,0x0061,0x0063,0x0065,0x005F,0x0076,0x006F,0x006D,0x0069,0x0074,0x0069,0x006E,0x0067,0xD83E,0xDD2E,
    // "face_with_bags_under_eyes"
    0x0066,0x0061,0x0063,0x0065,0x005F,0x0077,0x0069,0x0074,0x0068,0x005F,0x0062,0x0061,0x0067,0x0073,0x005F,0x0075,
    0x006E,0x0064,0x0065,0x0072,0x005F,0x0065,0x0079,0x0065,0x0073,0xD83E,0xDEE9,
    // "face_with_cowboy_hat"
    0x0066,0x0061,0x0063,0x0065,0x005F,0x0077,0x0069,0x0074,0x0068,0x005F,0x0063,0x006F,0x0077,0x0062,0x006F,0x0079,
    0x005F,0x0068,0x0061,0x0074,0xD83E,0xDD20,
    // "face_with_diagonal_mouth"
    0x0066,0x0061,0x0063,0x0065,0x005F,0x0077,0x0069,0x0074,0x0068,0x005F,0x0064,0x0069,0x0061,0x0067,0x006F,0x006E,
    0x0061,0x006C,0x005F,0x006D,0x006F,0x0075,0x0074,0x0068,0xD83E,0xDEE4,
    // "face_with_finger_covering_closed_lips"
    0x0066,0x0061,0x0063,0x0065,0x005F,0x0077,0x0069,0x0074,0x0068,0x005F,0x0066,0x0069,0x006E,0x0067,0x0065,0x0072,
    0x005F,0x0063,0x006F,0x0076,0x0065,0x0072,0x0069,0x006E,0x0067,0x005F,0x0063,0x006C,0x006F,0x0073,0x0065,0x0064,
    0x005F,0x006C,0x0069,0x0070,0x0073,0xD83E,0xDD2B,
    // "face_with_hand_over_mouth"
    0x0066,0x0061,0x0063,0x0065,0x005F,0x0077,0x0069,0x0074,0x0068,0x005F,0x0068,0x0061,0x006E,0x0064,0x005F,0x006F,
    0x0076,0x0065,0x0072,0x005F,0x006D,0x006F,0x0075,0x0074,0x0068,0xD83E,0xDD2D,
    // "face_with_head_bandage"
    0x0066,0x0061,0x0063,0x0065,0x005F,0x0077,0x0069,0x0074,0x0068,0x005F,0x0068,0x0065,0x0061,0x0064,0x005F,0x0062,
    0x0061,0x006E,0x0064,0x0061,0x0067,0x0065,0xD83E,0xDD15,
    // "face_with_monocle"
    0x0066,0x0061,0x0063,0x0065,0x005F,0x0077,0x0069,0x0074,0x0068,0x005F,0x006D,0x006F,0x006E,0x006F,0x0063,0x006C,
    0x0065,0xD83E,0xDDD0,
    // "face_with_one_eyebrow_raised"
    0x0066,0x0061,0x0063,0x0065,0x005F,0x0077,0x0069,0x0074,0x0068,0x005F,0x006F,0x006E,0x0065,0x005F,0x0065,0x0079,
    0x0065,0x0062,0x0072,0x006F,0x0077,0x005F,0x0072,0x0061,0x0069,0x0073,0x0065,0x0064,0xD83E,0xDD28,
    // "face_with_open_eyes_and_hand_over_mouth"
    0x0066,0x0061,0x0063,0x0065,0x005F,0x0077,0x0069,0x0074,0x0068,0x005F,0x006F,0x0070,0x0065,0x006E,0x005F,0x0065,
    0x0079,0x0065,0x0073,0x005F,0x0061,0x006E,0x0064,0x005F,0x0068,0x0061,0x006E,0x0064,0x005F,0x006F,0x0076,0x0065,
    0x0072,0x005F,0x006D,0x006F,0x0075,0x0074,0x0068,0xD83E,0xDEE2,
    // "face_with_open_mouth_vomiting"
    0x0066,0x0061,0x0063,0x0065,0x005F,0x0077,0x0069,0x0074,0x0068,0x005F,0x006F,0x0070,0x0065,0x006E,0x005F,0x006D,
    0x006F,0x0075,0x0074,0x0068,0x005F,0x0076,0x006F,0x006D,0x0069,0x0074,0x0069,0x006E,0x0067,0xD83E,0xDD2E,
    // "face_with_peeking_eye"
    0x0066,0x0061,0x0063,0x0065,0x005F,0x0077,0x0069,0x0074,0x0068,0x005F,0x0070,0x0065,0x0065,0x006B,0x0069,0x006E,
    0x0067,0x005F,0x0065,0x0079,0x0065,0xD83E,0xDEE3,
    // "face_with_raised_eyebrow"
    0x0066,0x0061,0x0063,0x0065,0x005F,0x0077,0x0069,0x0074,0x0068,0x005F,0x0072,0x0061,0x0069,0x0073,0x0065,0x0064,
    0x005F,0x0065,0x0079,0x0065,0x0062,0x0072,0x006F,0x0077,0xD83E,0xDD28,
    // "face_with_rolling_eyes"
    0x0066,0x0061,0x0063,0x0065,0x005F,0x0077,0x0069,0x0074,0x0068,0x005F,0x0072,0x006F,0x006C,0x006C,0x0069,0x006E,
    0x0067,0x005F,0x0065,0x0079,0x0065,0x0073,0xD83D,0xDE44,
    // "face_with_spiral_eyes"
    0x0066,0x0061,0x0063,0x0065,0x005F,0x0077,0x0069,0x0074,0x0068,0x005F,0x0073,0x0070,0x0069,0x0072,0x0061,0x006C,
    0x005F,0x0065,0x0079,0x0065,0x0073,0xD83D,0xDE35,0x200D,0xD83D,0xDCAB,
    // "face_with_symbols_on_mouth"
    0x0066,0x0061,0x0063,0x0065,0x005F,0x0077,0x0069,0x0074,0x0068,0x005F,0x0073,0x0079,0x006D,0x0062,0x006F,0x006C,
    0x0073,0x005F,0x006F,0x006E,0x005F,0x006D,0x006F,0x0075,0x0074,0x0068,0xD83E,0xDD2C,
    // "face_with_thermometer"
    0x0066,0x0061,0x0063,0x0065,0x005F,0x0077,0x0069,0x0074,0x0068,0x005F,0x0074,0x0068,0x0065,0x0072,0x006D,0x006F,
    0x006D,0x0065,0x0074,0x0065,0x0072,0xD83E,0xDD12,
    // "facepunch"
    0x0066,0x0061,0x0063,0x0065,0x0070,0x0075,0x006E,0x0063,0x0068,0xD83D,0xDC4A,
    // "factory"
    0x0066,0x0061,0x0063,0x0074,0x006F,0x0072,0x0079,0xD83C,0xDFED,
    // "factory_worker"
    0x0066,0x0061,0x0063,0x0074,0x006F,0x0072,0x0079,0x005F,0x0077,0x006F,0x0072,0x006B,0x0065,0x0072,0xD83E,0xDDD1,
    0x200D,0xD83C,0xDFED,
    // "fairy"
    0x0066,0x0061,0x0069,0x0072,0x0079,0xD83E,0xDDDA,
    // "falafel"
    0x0066,0x0061,0x006C,0x0061,0x0066,0x0065,0x006C,0xD83E,0xDDC6,
    // "fallen_leaf"
    0x0066,0x0061,0x006C,0x006C,0x0065,0x006E,0x005F,0x006C,0x0065,0x0061,0x0066,0xD83C,0xDF42,
    // "family"
    0x0066,0x0061,0x006D,0x0069,0x006C,0x0079,0xD83D,0xDC6A,
    // "family_adult_adult_child"
    0x0066,0x0061,0x006D,0x0069,0x006C,0x0079,0x005F,0x0061,0x0064,0x0075,0x006C,0x0074,0x005F,0x0061,0x0064,0x0075,
    0x006C,0x0074,0x005F,0x0063,0x0068,0x0069,0x006C,0x0064,0xD83E,0xDDD1,0x200D,0xD83E,0xDDD1,0x200D,0xD83E,0xDDD2,
    // "family_adult_adult_child_child"
    0x0066,0x0061,0x006D,0x0069,0x006C,0x0079,0x005F,0x0061,0x0064,0x0075,0x006C,0x0074,0x005F,0x0061,0x0064,0x0075,
    0x006C,0x0074,0x005F,0x0063,0x0068,0x0069,0x006C,0x0064,0x005F,0x0063,0x0068,0x0069,0x006C,0x0064,0xD83E,0xDDD1,
    0x200D,0xD83E,0xDDD1,0x200D,0xD83E,0xDDD2,0x200D,0xD83E,0xDDD2,
    // "family_adult_child"
    0x0066,0x0061,0x006D,0x0069,0x006C,0x0079,0x005F,0x0061,0x0064,0x0075,0x006C,0x0074,0x005F,0x0063,0x0068,0x0069,
    0x006C,0x0064,0xD83E,0xDDD1,0x200D,0xD83E,0xDDD2,
    // "family_adult_child_child"
    0x0066,0x0061,0x006D,0x0069,0x006C,0x0079,0x005F,0x0061,0x0064,0x0075,0x006C,0x0074,0x005F,0x0063,0x0068,0x0069,
    0x006C,0x0064,0x005F,0x0063,0x0068,0x0069,0x006C,0x0064,0xD83E,0xDDD1,0x200D,0xD83E,0xDDD2,0x200D,0xD83E,0xDDD2,
    // "farmer"
    0x0066,0x0061,0x0072,0x006D,0x0065,0x0072,0xD83E,0xDDD1,0x200D,0xD83C,0xDF3E,
    // "fast_forward"
    0x0066,0x0061,0x0073,0x0074,0x005F,0x0066,0x006F,0x0072,0x0077,0x0061,0x0072,0x0064,0x23E9,
    // "fax"
    0x0066,0x0061,0x0078,0xD83D,0xDCE0,
    // "fearful"
    0x0066,0x0065,0x0061,0x0072,0x0066,0x0075,0x006C,0xD83D,0xDE28,
    // "feather"
    0x0066,0x0065,0x0061,0x0074,0x0068,0x0065,0x0072,0xD83E,0xDEB6,
    // "feet"
    0x0066,0x0065,0x0065,0x0074,0xD83D,0xDC3E,
    // "female-artist"
    0x0066,0x0065,0x006D,0x0061,0x006C,0x0065,0x002D,0x0061,0x0072,0x0074,0x0069,0x0073,0x0074,0xD83D,0xDC69,0x200D,
    0xD83C,0xDFA8,
    // "female-astronaut"
    0x0066,0x0065,0x006D,0x0061,0x006C,0x0065,0x002D,0x0061,0x0073,0x0074,0x0072,0x006F,0x006E,0x0061,0x0075,0x0074,
    0xD83D,0xDC69,0x200D,0xD83D,0xDE80,
    // "female-construction-worker"
    0x0066,0x0065,0x006D,0x0061,0x006C,0x0065,0x002D,0x0063,0x006F,0x006E,0x0073,0x0074,0x0072,0x0075,0x0063,0x0074,
    0x0069,0x006F,0x006E,0x002D,0x0077,0x006F,0x0072,0x006B,0x0065,0x0072,0xD83D,0xDC77,0x200D,0x2640,0xFE0F,
    // "female-cook"
    0x0066,0x0065,0x006D,0x0061,0x006C,0x0065,0x002D,0x0063,0x006F,0x006F,0x006B,0xD83D,0xDC69,0x200D,0xD83C,0xDF73,
    // "female-detective"
    0x0066,0x0065,0x006D,0x0061,0x006C,0x0065,0x002D,0x0064,0x0065,0x0074,0x0065,0x0063,0x0074,0x0069,0x0076,0x0065,
    0xD83D,0xDD75,0xFE0F,0x200D,0x2640,0xFE0F,
    // "female-doctor"
    0x0066,0x0065,0x006D,0x0061,0x006C,0x0065,0x002D,0x0064,0x006F,0x0063,0x0074,0x006F,0x0072,0xD83D,0xDC69,0x200D,
    0x2695,0xFE0F,
    // "female-factory-worker"
    0x0066,0x0065,0x006D,0x0061,0x006C,0x0065,0x002D,0x0066,0x0061,0x0063,0x0074,0x006F,0x0072,0x0079,0x002D,0x0077,
    0x006F,0x0072,0x006B,0x0065,0x0072,0xD83D,0xDC69,0x200D,0xD83C,0xDFED,
    // "female-farmer"
    0x0066,0x0065,0x006D,0x0061,0x006C,0x0065,0x002D,0x0066,0x0061,0x0072,0x006D,0x0065,0x0072,0xD83D,0xDC69,0x200D,
    0xD83C,0xDF3E,
    // "female-firefighter"
    0x0066,0x0065,0x006D,0x0061,0x006C,0x0065,0x002D,0x0066,0x0069,0x0072,0x0065,0x0066,0x0069,0x0067,0x0068,0x0074,
    0x0065,0x0072,0xD83D,0xDC69,0x200D,0xD83D,0xDE92,
    // "female-guard"
    0x0066,0x0065,0x006D,0x0061,0x006C,0x0065,0x002D,0x0067,0x0075,0x0061,0x0072,0x0064,0xD83D,0xDC82,0x200D,0x2640,
    0xFE0F,
    // "female-judge"
    0x0066,0x0065,0x006D,0x0061,0x006C,0x0065,0x002D,0x006A,0x0075,0x0064,0x0067,0x0065,0xD83D,0xDC69,0x200D,0x2696,
    0xFE0F,
    // "female-mechanic"
    0x0066,0x0065,0x006D,0x0061,0x006C,0x0065,0x002D,0x006D,0x0065,0x0063,0x0068,0x0061,0x006E,0x0069,0x0063,0xD83D,
    0xDC69,0x200D,0xD83D,0xDD27,
    // "female-office-worker"
    0x0066,0x0065,0x006D,0x0061,0x006C,0x0065,0x002D,0x006F,0x0066,0x0066,0x0069,0x0063,0x0065,0x002D,0x0077,0x006F,
    0x0072,0x006B,0x0065,0x0072,0xD83D,0xDC69,0x200D,0xD83D,0xDCBC,
    // "female-pilot"
    0x0066,0x0065,0x006D,0x0061,0x006C,0x0065,0x002D,0x0070,0x0069,0x006C,0x006F,0x0074,0xD83D,0xDC69,0x200D,0x2708,
    0xFE0F,
    // "female-police-officer"
    0x0066,0x0065,0x006D,0x0061,0x006C,0x0065,0x002D,0x0070,0x006F,0x006C,0x0069,0x0063,0x0065,0x002D,0x006F,0x0066,
    0x0066,0x0069,0x0063,0x0065,0x0072,0xD83D,0xDC6E,0x200D,0x2640,0xFE0F,
    // "female-scientist"
    0x0066,0x0065,0x006D,0x0061,0x006C,0x0065,0x002D,0x0073,0x0063,0x0069,0x0065,0x006E,0x0074,0x0069,0x0073,0x0074,
    0xD83D,0xDC69,0x200D,0xD83D,0xDD2C,
    // "female-singer"
    0x0066,0x0065,0x006D,0x0061,0x006C,0x0065,0x002D,0x0073,0x0069,0x006E,0x0067,0x0065,0x0072,0xD83D,0xDC69,0x200D,
    0xD83C,0xDFA4,
    // "female-student"
    0x0066,0x0065,0x006D,0x0061,0x006C,0x0065,0x002D,0x0073,0x0074,0x0075,0x0064,0x0065,0x006E,0x0074,0xD83D,0xDC69,
    0x200D,0xD83C,0xDF93,
    // "female-teacher"
    0x0066,0x0065,0x006D,0x0061,0x006C,0x0065,0x002D,0x0074,0x0065,0x0061,0x0063,0x0068,0x0065,0x0072,0xD83D,0xDC69,
    0x200D,0xD83C,0xDFEB,
    // "female-technologist"
    0x0066,0x0065,0x006D,0x0061,0x006C,0x0065,0x002D,0x0074,0x0065,0x0063,0x0068,0x006E,0x006F,0x006C,0x006F,0x0067,
    0x0069,0x0073,0x0074,0xD83D,0xDC69,0x200D,0xD83D,0xDCBB,
    // "female_elf"
    0x0066,0x0065,0x006D,0x0061,0x006C,0x0065,0x005F,0x0065,0x006C,0x0066,0xD83E,0xDDDD,0x200D,0x2640,0xFE0F,
    // "female_fairy"
    0x0066,0x0065,0x006D,0x0061,0x006C,0x0065,0x005F,0x0066,0x0061,0x0069,0x0072,0x0079,0xD83E,0xDDDA,0x200D,0x2640,
    0xFE0F,
    // "female_genie"
    0x0066,0x0065,0x006D,0x0061,0x006C,0x0065,0x005F,0x0067,0x0065,0x006E,0x0069,0x0065,0xD83E,0xDDDE,0x200D,0x2640,
    0xFE0F,
    // "female_mage"
    0x0066,0x0065,0x006D,0x0061,0x006C,0x0065,0x005F,0x006D,0x0061,0x0067,0x0065,0xD83E,0xDDD9,0x200D,0x2640,0xFE0F,
    // "female_sign"
    0x0066,0x0065,0x006D,0x0061,0x006C,0x0065,0x005F,0x0073,0x0069,0x0067,0x006E,0x2640,0xFE0F,
    // "female_superhero"
    0x0066,0x0065,0x006D,0x0061,0x006C,0x0065,0x005F,0x0073,0x0075,0x0070,0x0065,0x0072,0x0068,0x0065,0x0072,0x006F,
    0xD83E,0xDDB8,0x200D,0x2640,0xFE0F,
    // "female_supervillain"
    0x0066,0x0065,0x006D,0x0061,0x006C,0x0065,0x005F,0x0073,0x0075,0x0070,0x0065,0x0072,0x0076,0x0069,0x006C,0x006C,
    0x0061,0x0069,0x006E,0xD83E,0xDDB9,0x200D,0x2640,0xFE0F,
    // "female_vampire"
    0x0066,0x0065,0x006D,0x0061,0x006C,0x0065,0x005F,0x0076,0x0061,0x006D,0x0070,0x0069,0x0072,0x0065,0xD83E,0xDDDB,
    0x200D,0x2640,0xFE0F,
    // "female_zombie"
    0x0066,0x0065,0x006D,0x0061,0x006C,0x0065,0x005F,0x007A,0x006F,0x006D,0x0062,0x0069,0x0065,0xD83E,0xDDDF,0x200D,
    0x2640,0xFE0F,
    // "fencer"
    0x0066,0x0065,0x006E,0x0063,0x0065,0x0072,0xD83E,0xDD3A,
    // "ferris_wheel"
    0x0066,0x0065,0x0072,0x0072,0x0069,0x0073,0x005F,0x0077,0x0068,0x0065,0x0065,0x006C,0xD83C,0xDFA1,
    // "ferry"
    0x0066,0x0065,0x0072,0x0072,0x0079,0x26F4,0xFE0F,
    // "field_hockey_stick_and_ball"
    0x0066,0x0069,0x0065,0x006C,0x0064,0x005F,0x0068,0x006F,0x0063,0x006B,0x0065,0x0079,0x005F,0x0073,0x0074,0x0069,
    0x0063,0x006B,0x005F,0x0061,0x006E,0x0064,0x005F,0x0062,0x0061,0x006C,0x006C,0xD83C,0xDFD1,
    // "file_cabinet"
    0x0066,0x0069,0x006C,0x0065,0x005F,0x0063,0x0061,0x0062,0x0069,0x006E,0x0065,0x0074,0xD83D,0xDDC4,0xFE0F,
    // "file_folder"
    0x0066,0x0069,0x006C,0x0065,0x005F,0x0066,0x006F,0x006C,0x0064,0x0065,0x0072,0xD83D,0xDCC1,
    // "film_frames"
    0x0066,0x0069,0x006C,0x006D,0x005F,0x0066,0x0072,0x0061,0x006D,0x0065,0x0073,0xD83C,0xDF9E,0xFE0F,
    // "film_projector"
    0x0066,0x0069,0x006C,0x006D,0x005F,0x0070,0x0072,0x006F,0x006A,0x0065,0x0063,0x0074,0x006F,0x0072,0xD83D,0xDCFD,
    0xFE0F,
    // "fingerprint"
    0x0066,0x0069,0x006E,0x0067,0x0065,0x0072,0x0070,0x0072,0x0069,0x006E,0x0074,0xD83E,0xDEC6,
    // "fire"
    0x0066,0x0069,0x0072,0x0065,0xD83D,0xDD25,
    // "fire_engine"
    0x0066,0x0069,0x0072,0x0065,0x005F,0x0065,0x006E,0x0067,0x0069,0x006E,0x0065,0xD83D,0xDE92,
    // "fire_extinguisher"
    0x0066,0x0069,0x0072,0x0065,0x005F,0x0065,0x0078,0x0074,0x0069,0x006E,0x0067,0x0075,0x0069,0x0073,0x0068,0x0065,
    0x0072,0xD83E,0xDDEF,
    // "firecracker"
    0x0066,0x0069,0x0072,0x0065,0x0063,0x0072,0x0061,0x0063,0x006B,0x0065,0x0072,0xD83E,0xDDE8,
    // "firefighter"
    0x0066,0x0069,0x0072,0x0065,0x0066,0x0069,0x0067,0x0068,0x0074,0x0065,0x0072,0xD83E,0xDDD1,0x200D,0xD83D,0xDE92,
    // "fireworks"
    0x0066,0x0069,0x0072,0x0065,0x0077,0x006F,0x0072,0x006B,0x0073,0xD83C,0xDF86,
    // "first_place_medal"
    0x0066,0x0069,0x0072,0x0073,0x0074,0x005F,0x0070,0x006C,0x0061,0x0063,0x0065,0x005F,0x006D,0x0065,0x0064,0x0061,
    0x006C,0xD83E,0xDD47,
    // "first_quarter_moon"
    0x0066,0x0069,0x0072,0x0073,0x0074,0x005F,0x0071,0x0075,0x0061,0x0072,0x0074,0x0065,0x0072,0x005F,0x006D,0x006F,
    0x006F,0x006E,0xD83C,0xDF13,
    // "first_quarter_moon_with_face"
    0x0066,0x0069,0x0072,0x0073,0x0074,0x005F,0x0071,0x0075,0x0061,0x0072,0x0074,0x0065,0x0072,0x005F,0x006D,0x006F,
    0x006F,0x006E,0x005F,0x0077,0x0069,0x0074,0x0068,0x005F,0x0066,0x0061,0x0063,0x0065,0xD83C,0xDF1B,
    // "fish"
    0x0066,0x0069,0x0073,0x0068,0xD83D,0xDC1F,
    // "fish_cake"
    0x0066,0x0069,0x0073,0x0068,0x005F,0x0063,0x0061,0x006B,0x0065,0xD83C,0xDF65,
    // "fishing_pole_and_fish"
    0x0066,0x0069,0x0073,0x0068,0x0069,0x006E,0x0067,0x005F,0x0070,0x006F,0x006C,0x0065,0x005F,0x0061,0x006E,0x0064,
    0x005F,0x0066,0x0069,0x0073,0x0068,0xD83C,0xDFA3,
    // "fist"
    0x0066,0x0069,0x0073,0x0074,0x270A,
    // "five"
    0x0066,0x0069,0x0076,0x0065,0x0035,0xFE0F,0x20E3,
    // "flag-ac"
    0x0066,0x006C,0x0061,0x0067,0x002D,0x0061,0x0063,0xD83C,0xDDE6,0xD83C,0xDDE8,
    // "flag-ad"
    0x0066,0x006C,0x0061,0x0067,0x002D,0x0061,0x0064,0xD83C,0xDDE6,0xD83C,0xDDE9,
    // "flag-ae"
    0x0066,0x006C,0x0061,0x0067,0x002D,0x0061,0x0065,0xD83C,0xDDE6,0xD83C,0xDDEA,
    // "flag-af"
    0x0066,0x006C,0x0061,0x0067,0x002D,0x0061,0x0066,0xD83C,0xDDE6,0xD83C,0xDDEB,
    // "flag-ag"
    0x0066,0x006C,0x0061,0x0067,0x002D,0x0061,0x0067,0xD83C,0xDDE6,0xD83C,0xDDEC,
    // "flag-ai"
    0x0066,0x006C,0x0061,0x0067,0x002D,0x0061,0x0069,0xD83C,0xDDE6,0xD83C,0xDDEE,
    // "flag-al"
    0x0066,0x006C,0x0061,0x0067,0x002D,0x0061,0x006C,0xD83C,0xDDE6,0xD83C,0xDDF1,
    // "flag-am"
    0x0066,0x006C,0x0061,0x0067,0x002D,0x0061,0x006D,0xD83C,0xDDE6,0xD83C,0xDDF2,
    // "flag-ao"
    0x0066,0x006C,0x0061,0x0067,0x002D,0x0061,0x006F,0xD83C,0xDDE6,0xD83C,0xDDF4,
    // "flag-aq"
    0x0066,0x006C,0x0061,0x0067,0x002D,0x0061,0x0071,0xD83C,0xDDE6,0xD83C,0xDDF6,
    // "flag-ar"
    0x0066,0x006C,0x0061,0x0067,0x002D,0x0061,0x0072,0xD83C,0xDDE6,0xD83C,0xDDF7,
    // "flag-as"
    0x0066,0x006C,0x0061,0x0067,0x002D,0x0061,0x0073,0xD83C,0xDDE6,0xD83C,0xDDF8,
    // "flag-at"
    0x0066,0x006C,0x0061,0x0067,0x002D,0x0061,0x0074,0xD83C,0xDDE6,0xD83C,0xDDF9,
    // "flag-au"
    0x0066,0x006C,0x0061,0x0067,0x002D,0x0061,0x0075,0xD83C,0xDDE6,0xD83C,0xDDFA,
    // "flag-aw"
    0x0066,0x006C,0x0061,0x0067,0x002D,0x0061,0x0077,0xD83C,0xDDE6,0xD83C,0xDDFC,
    // "flag-ax"
    0x0066,0x006C,0x0061,0x0067,0x002D,0x0061,0x0078,0xD83C,0xDDE6,0xD83C,0xDDFD,
    // "flag-az"
    0x0066,0x006C,0x0061,0x0067,0x002D,0x0061,0x007A,0xD83C,0xDDE6,0xD83C,0xDDFF,
    // "flag-ba"
    0x0066,0x006C,0x0061,0x0067,0x002D,0x0062,0x0061,0xD83C,0xDDE7,0xD83C,0xDDE6,
    // "flag-bb"
    0x0066,0x006C,0x0061,0x0067,0x002D,0x0062,0x0062,0xD83C,0xDDE7,0xD83C,0xDDE7,
    // "flag-bd"
    0x0066,0x006C,0x0061,0x0067,0x002D,0x0062,0x0064,0xD83C,0xDDE7,0xD83C,0xDDE9,
    // "flag-be"
    0x0066,0x006C,0x0061,0x0067,0x002D,0x0062,0x0065,0xD83C,0xDDE7,0xD83C,0xDDEA,
    // "flag-bf"
    0x0066,0x006C,0x0061,0x0067,0x002D,0x0062,0x0066,0xD83C,0xDDE7,0xD83C,0xDDEB,
    // "flag-bg"
    0x0066,0x006C,0x0061,0x0067,0x002D,0x0062,0x0067,0xD83C,0xDDE7,0xD83C,0xDDEC,
    // "flag-bh"
    0x0066,0x006C,0x0061,0x0067,0x002D,0x0062,0x0068,0xD83C,0xDDE7,0xD83C,0xDDED,
    // "flag-bi"
    0x0066,0x006C,0x0061,0x0067,0x002D,0x0062,0x0069,0xD83C,0xDDE7,0xD83C,0xDDEE,
    // "flag-bj"
    0x0066,0x006C,0x0061,0x0067,0x002D,0x0062,0x006A,0xD83C,0xDDE7,0xD83C,0xDDEF,
    // "flag-bl"
    0x0066,0x006C,0x0061,0x0067,0x002D,0x0062,0x006C,0xD83C,0xDDE7,0xD83C,0xDDF1,
    // "flag-bm"
    0x0066,0x006C,0x0061,0x0067,0x002D,0x0062,0x006D,0xD83C,0xDDE7,0xD83C,0xDDF2,
    // "flag-bn"
    0x0066,0x006C,0x0061,0x0067,0x002D,0x0062,0x006E,0xD83C,0xDDE7,0xD83C,0xDDF3,
    // "flag-bo"
    0x0066,0x006C,0x0061,0x0067,0x002D,0x0062,0x006F,0xD83C,0xDDE7,0xD83C,0xDDF4,
    // "flag-bq"
    0x0066,0x006C,0x0061,0x0067,0x002D,0x0062,0x0071,0xD83C,0xDDE7,0xD83C,0xDDF6,
    // "flag-br"
    0x0066,0x006C,0x0061,0x0067,0x002D,0x0062,0x0072,0xD83C,0xDDE7,0xD83C,0xDDF7,
    // "flag-bs"
    0x0066,0x006C,0x0061,0x0067,0x002D,0x0062,0x0073,0xD83C,0xDDE7,0xD83C,0xDDF8,
    // "flag-bt"
    0x0066,0x006C,0x0061,0x0067,0x002D,0x0062,0x0074,0xD83C,0xDDE7,0xD83C,0xDDF9,
    // "flag-bv"
    0x0066,0x006C,0x0061,0x0067,0x002D,0x0062,0x0076,0xD83C,0xDDE7,0xD83C,0xDDFB,
    // "flag-bw"
    0x0066,0x006C,0x0061,0x0067,0x002D,0x0062,0x0077,0xD83C,0xDDE7,0xD83C,0xDDFC,
    // "flag-by"
    0x0066,0x006C,0x0061,0x0067,0x002D,0x0062,0x0079,0xD83C,0xDDE7,0xD83C,0xDDFE,
    // "flag-bz"
    0x0066,0x006C,0x0061,0x0067,0x002D,0x0062,0x007A,0xD83C,0xDDE7,0xD83C,0xDDFF,
    // "flag-ca"
    0x0066,0x006C,0x0061,0x0067,0x002D,0x0063,0x0061,0xD83C,0xDDE8,0xD83C,0xDDE6,
    // "flag-cc"
    0x0066,0x006C,0x0061,0x0067,0x002D,0x0063,0x0063,0xD83C,0xDDE8,0xD83C,0xDDE8,
    // "flag-cd"
    0x0066,0x006C,0x0061,0x0067,0x002D,0x0063,0x0064,0xD83C,0xDDE8,0xD83C,0xDDE9,
    // "flag-cf"
    0x0066,0x006C,0x0061,0x0067,0x002D,0x0063,0x0066,0xD83C,0xDDE8,0xD83C,0xDDEB,
    // "flag-cg"
    0x0066,0x006C,0x0061,0x0067,0x002D,0x0063,0x0067,0xD83C,0xDDE8,0xD83C,0xDDEC,
    // "flag-ch"
    0x0066,0x006C,0x0061,0x0067,0x002D,0x0063,0x0068,0xD83C,0xDDE8,0xD83C,0xDDED,
    // "flag-ci"
    0x0066,0x006C,0x0061,0x0067,0x002D,0x0063,0x0069,0xD83C,0xDDE8,0xD83C,0xDDEE,
    // "flag-ck"
    0x0066,0x006C,0x0061,0x0067,0x002D,0x0063,0x006B,0xD83C,0xDDE8,0xD83C,0xDDF0,
    // "flag-cl"
    0x0066,0x006C,0x0061,0x0067,0x002D,0x0063,0x006C,0xD83C,0xDDE8,0xD83C,0xDDF1,
    // "flag-cm"
    0x0066,0x006C,0x0061,0x0067,0x002D,0x0063,0x006D,0xD83C,0xDDE8,0xD83C,0xDDF2,
    // "flag-cn"
    0x0066,0x006C,0x0061,0x0067,0x002D,0x0063,0x006E,0xD83C,0xDDE8,0xD83C,0xDDF3,
    // "flag-co"
    0x0066,0x006C,0x0061,0x0067,0x002D,0x0063,0x006F,0xD83C,0xDDE8,0xD83C,0xDDF4,
    // "flag-cp"
    0x0066,0x006C,0x0061,0x0067,0x002D,0x0063,0x0070,0xD83C,0xDDE8,0xD83C,0xDDF5,
    // "flag-cr"
    0x0066,0x006C,0x0061,0x0067,0x002D,0x0063,0x0072,0xD83C,0xDDE8,0xD83C,0xDDF7,
    // "flag-cu"
    0x0066,0x006C,0x0061,0x0067,0x002D,0x0063,0x0075,0xD83C,0xDDE8,0xD83C,0xDDFA,
    // "flag-cv"
    0x0066,0x006C,0x0061,0x0067,0x002D,0x0063,0x0076,0xD83C,0xDDE8,0xD83C,0xDDFB,
    // "flag-cw"
    0x0066,0x006C,0x0061,0x0067,0x002D,0x0063,0x0077,0xD83C,0xDDE8,0xD83C,0xDDFC,
    // "flag-cx"
    0x0066,0x006C,0x0061,0x0067,0x002D,0x0063,0x0078,0xD83C,0xDDE8,0xD83C,0xDDFD,
    // "flag-cy"
    0x0066,0x006C,0x0061,0x0067,0x002D,0x0063,0x0079,0xD83C,0xDDE8,0xD83C,0xDDFE,
    // "flag-cz"
    0x0066,0x006C,0x0061,0x0067,0x002D,0x0063,0x007A,0xD83C,0xDDE8,0xD83C,0xDDFF,
    // "flag-de"
    0x0066,0x006C,0x0061,0x0067,0x002D,0x0064,0x0065,0xD83C,0xDDE9,0xD83C,0xDDEA,
    // "flag-dg"
    0x0066,0x006C,0x0061,0x0067,0x002D,0x0064,0x0067,0xD83C,0xDDE9,0xD83C,0xDDEC,
    // "flag-dj"
    0x0066,0x006C,0x0061,0x0067,0x002D,0x0064,0x006A,0xD83C,0xDDE9,0xD83C,0xDDEF,
    // "flag-dk"
    0x0066,0x006C,0x0061,0x0067,0x002D,0x0064,0x006B,0xD83C,0xDDE9,0xD83C,0xDDF0,
    // "flag-dm"
    0x0066,0x006C,0x0061,0x0067,0x002D,0x0064,0x006D,0xD83C,0xDDE9,0xD83C,0xDDF2,
    // "flag-do"
    0x0066,0x006C,0x0061,0x0067,0x002D,0x0064,0x006F,0xD83C,0xDDE9,0xD83C,0xDDF4,
    // "flag-dz"
    0x0066,0x006C,0x0061,0x0067,0x002D,0x0064,0x007A,0xD83C,0xDDE9,0xD83C,0xDDFF,
    // "flag-ea"
    0x0066,0x006C,0x0061,0x0067,0x002D,0x0065,0x0061,0xD83C,0xDDEA,0xD83C,0xDDE6,
    // "flag-ec"
    0x0066,0x006C,0x0061,0x0067,0x002D,0x0065,0x0063,0xD83C,0xDDEA,0xD83C,0xDDE8,
    // "flag-ee"
    0x0066,0x006C,0x0061,0x0067,0x002D,0x0065,0x0065,0xD83C,0xDDEA,0xD83C,0xDDEA,
    // "flag-eg"
    0x0066,0x006C,0x0061,0x0067,0x002D,0x0065,0x0067,0xD83C,0xDDEA,0xD83C,0xDDEC,
    // "flag-eh"
    0x0066,0x006C,0x0061,0x0067,0x002D,0x0065,0x0068,0xD83C,0xDDEA,0xD83C,0xDDED,
    // "flag-england"
    0x0066,0x006C,0x0061,0x0067,0x002D,0x0065,0x006E,0x0067,0x006C,0x0061,0x006E,0x0064,0xD83C,0xDFF4,0xDB40,0xDC67,
    0xDB40,0xDC62,0xDB40,0xDC65,0xDB40,0xDC6E,0xDB40,0xDC67,0xDB40,0xDC7F,
    // "flag-er"
    0x0066,0x006C,0x0061,0x0067,0x002D,0x0065,0x0072,0xD83C,0xDDEA,0xD83C,0xDDF7,
    // "flag-es"
    0x0066,0x006C,0x0061,0x0067,0x002D,0x0065,0x0073,0xD83C,0xDDEA,0xD83C,0xDDF8,
    // "flag-et"
    0x0066,0x006C,0x0061,0x0067,0x002D,0x0065,0x0074,0xD83C,0xDDEA,0xD83C,0xDDF9,
    // "flag-eu"
    0x0066,0x006C,0x0061,0x0067,0x002D,0x0065,0x0075,0xD83C,0xDDEA,0xD83C,0xDDFA,
    // "flag-fi"
    0x0066,0x006C,0x0061,0x0067,0x002D,0x0066,0x0069,0xD83C,0xDDEB,0xD83C,0xDDEE,
    // "flag-fj"
    0x0066,0x006C,0x0061,0x0067,0x002D,0x0066,0x006A,0xD83C,0xDDEB,0xD83C,0xDDEF,
    // "flag-fk"
    0x0066,0x006C,0x0061,0x0067,0x002D,0x0066,0x006B,0xD83C,0xDDEB,0xD83C,0xDDF0,
    // "flag-fm"
    0x0066,0x006C,0x0061,0x0067,0x002D,0x0066,0x006D,0xD83C,0xDDEB,0xD83C,0xDDF2,
    // "flag-fo"
    0x0066,0x006C,0x0061,0x0067,0x002D,0x0066,0x006F,0xD83C,0xDDEB,0xD83C,0xDDF4,
    // "flag-fr"
    0x0066,0x006C,0x0061,0x0067,0x002D,0x0066,0x0072,0xD83C,0xDDEB,0xD83C,0xDDF7,
    // "flag-ga"
    0x0066,0x006C,0x0061,0x0067,0x002D,0x0067,0x0061,0xD83C,0xDDEC,0xD83C,0xDDE6,
    // "flag-gb"
    0x0066,0x006C,0x0061,0x0067,0x002D,0x0067,0x0062,0xD83C,0xDDEC,0xD83C,0xDDE7,
    // "flag-gd"
    0x0066,0x006C,0x0061,0x0067,0x002D,0x0067,0x0064,0xD83C,0xDDEC,0xD83C,0xDDE9,
    // "flag-ge"
    0x0066,0x006C,0x0061,0x0067,0x002D,0x0067,0x0065,0xD83C,0xDDEC,0xD83C,0xDDEA,
    // "flag-gf"
    0x0066,0x006C,0x0061,0x0067,0x002D,0x0067,0x0066,0xD83C,0xDDEC,0xD83C,0xDDEB,
    // "flag-gg"
    0x0066,0x006C,0x0061,0x0067,0x002D,0x0067,0x0067,0xD83C,0xDDEC,0xD83C,0xDDEC,
    // "flag-gh"
    0x0066,0x006C,0x0061,0x0067,0x002D,0x0067,0x0068,0xD83C,0xDDEC,0xD83C,0xDDED,
    // "flag-gi"
    0x0066,0x006C,0x0061,0x0067,0x002D,0x0067,0x0069,0xD83C,0xDDEC,0xD83C,0xDDEE,
    // "flag-gl"
    0x0066,0x006C,0x0061,0x0067,0x002D,0x0067,0x006C,0xD83C,0xDDEC,0xD83C,0xDDF1,
    // "flag-gm"
    0x0066,0x006C,0x0061,0x0067,0x002D,0x0067,0x006D,0xD83C,0xDDEC,0xD83C,0xDDF2,
    // "flag-gn"
    0x0066,0x006C,0x0061,0x0067,0x002D,0x0067,0x006E,0xD83C,0xDDEC,0xD83C,0xDDF3,
    // "flag-gp"
    0x0066,0x006C,0x0061,0x0067,0x002D,0x0067,0x0070,0xD83C,0xDDEC,0xD83C,0xDDF5,
    // "flag-gq"
    0x0066,0x006C,0x0061,0x0067,0x002D,0x0067,0x0071,0xD83C,0xDDEC,0xD83C,0xDDF6,
    // "flag-gr"
    0x0066,0x006C,0x0061,0x0067,0x002D,0x0067,0x0072,0xD83C,0xDDEC,0xD83C,0xDDF7,
    // "flag-gs"
    0x0066,0x006C,0x0061,0x0067,0x002D,0x0067,0x0073,0xD83C,0xDDEC,0xD83C,0xDDF8,
    // "flag-gt"
    0x0066,0x006C,0x0061,0x0067,0x002D,0x0067,0x0074,0xD83C,0xDDEC,0xD83C,0xDDF9,
    // "flag-gu"
    0x0066,0x006C,0x0061,0x0067,0x002D,0x0067,0x0075,0xD83C,0xDDEC,0xD83C,0xDDFA,
    // "flag-gw"
    0x0066,0x006C,0x0061,0x0067,0x002D,0x0067,0x0077,0xD83C,0xDDEC,0xD83C,0xDDFC,
    // "flag-gy"
    0x0066,0x006C,0x0061,0x0067,0x002D,0x0067,0x0079,0xD83C,0xDDEC,0xD83C,0xDDFE,
    // "flag-hk"
    0x0066,0x006C,0x0061,0x0067,0x002D,0x0068,0x006B,0xD83C,0xDDED,0xD83C,0xDDF0,
    // "flag-hm"
    0x0066,0x006C,0x0061,0x0067,0x002D,0x0068,0x006D,0xD83C,0xDDED,0xD83C,0xDDF2,
    // "flag-hn"
    0x0066,0x006C,0x0061,0x0067,0x002D,0x0068,0x006E,0xD83C,0xDDED,0xD83C,0xDDF3,
    // "flag-hr"
    0x0066,0x006C,0x0061,0x0067,0x002D,0x0068,0x0072,0xD83C,0xDDED,0xD83C,0xDDF7,
    // "flag-ht"
    0x0066,0x006C,0x0061,0x0067,0x002D,0x0068,0x0074,0xD83C,0xDDED,0xD83C,0xDDF9,
    // "flag-hu"
    0x0066,0x006C,0x0061,0x0067,0x002D,0x0068,0x0075,0xD83C,0xDDED,0xD83C,0xDDFA,
    // "flag-ic"
    0x0066,0x006C,0x0061,0x0067,0x002D,0x0069,0x0063,0xD83C,0xDDEE,0xD83C,0xDDE8,
    // "flag-id"
    0x0066,0x006C,0x0061,0x0067,0x002D,0x0069,0x0064,0xD83C,0xDDEE,0xD83C,0xDDE9,
    // "flag-ie"
    0x0066,0x006C,0x0061,0x0067,0x002D,0x0069,0x0065,0xD83C,0xDDEE,0xD83C,0xDDEA,
    // "flag-il"
    0x0066,0x006C,0x0061,0x0067,0x002D,0x0069,0x006C,0xD83C,0xDDEE,0xD83C,0xDDF1,
    // "flag-im"
    0x0066,0x006C,0x0061,0x0067,0x002D,0x0069,0x006D,0xD83C,0xDDEE,0xD83C,0xDDF2,
    // "flag-in"
    0x0066,0x006C,0x0061,0x0067,0x002D,0x0069,0x006E,0xD83C,0xDDEE,0xD83C,0xDDF3,
    // "flag-io"
    0x0066,0x006C,0x0061,0x0067,0x002D,0x0069,0x006F,0xD83C,0xDDEE,0xD83C,0xDDF4,
    // "flag-iq"
    0x0066,0x006C,0x0061,0x0067,0x002D,0x0069,0x0071,0xD83C,0xDDEE,0xD83C,0xDDF6,
    // "flag-ir"
    0x0066,0x006C,0x0061,0x0067,0x002D,0x0069,0x0072,0xD83C,0xDDEE,0xD83C,0xDDF7,
    // "flag-is"
    0x0066,0x006C,0x0061,0x0067,0x002D,0x0069,0x0073,0xD83C,0xDDEE,0xD83C,0xDDF8,
    // "flag-it"
    0x0066,0x006C,0x0061,0x0067,0x002D,0x0069,0x0074,0xD83C,0xDDEE,0xD83C,0xDDF9,
    // "flag-je"
    0x0066,0x006C,0x0061,0x0067,0x002D,0x006A,0x0065,0xD83C,0xDDEF,0xD83C,0xDDEA,
    // "flag-jm"
    0x0066,0x006C,0x0061,0x0067,0x002D,0x006A,0x006D,0xD83C,0xDDEF,0xD83C,0xDDF2,
    // "flag-jo"
    0x0066,0x006C,0x0061,0x0067,0x002D,0x006A,0x006F,0xD83C,0xDDEF,0xD83C,0xDDF4,
    // "flag-jp"
    0x0066,0x006C,0x0061,0x0067,0x002D,0x006A,0x0070,0xD83C,0xDDEF,0xD83C,0xDDF5,
    // "flag-ke"
    0x0066,0x006C,0x0061,0x0067,0x002D,0x006B,0x0065,0xD83C,0xDDF0,0xD83C,0xDDEA,
    // "flag-kg"
    0x0066,0x006C,0x0061,0x0067,0x002D,0x006B,0x0067,0xD83C,0xDDF0,0xD83C,0xDDEC,
    // "flag-kh"
    0x0066,0x006C,0x0061,0x0067,0x002D,0x006B,0x0068,0xD83C,0xDDF0,0xD83C,0xDDED,
    // "flag-ki"
    0x0066,0x006C,0x0061,0x0067,0x002D,0x006B,0x0069,0xD83C,0xDDF0,0xD83C,0xDDEE,
    // "flag-km"
    0x0066,0x006C,0x0061,0x0067,0x002D,0x006B,0x006D,0xD83C,0xDDF0,0xD83C,0xDDF2,
    // "flag-kn"
    0x0066,0x006C,0x0061,0x0067,0x002D,0x006B,0x006E,0xD83C,0xDDF0,0xD83C,0xDDF3,
    // "flag-kp"
    0x0066,0x006C,0x0061,0x0067,0x002D,0x006B,0x0070,0xD83C,0xDDF0,0xD83C,0xDDF5,
    // "flag-kr"
    0x0066,0x006C,0x0061,0x0067,0x002D,0x006B,0x0072,0xD83C,0xDDF0,0xD83C,0xDDF7,
    // "flag-kw"
    0x0066,0x006C,0x0061,0x0067,0x002D,0x006B,0x0077,0xD83C,0xDDF0,0xD83C,0xDDFC,
    // "flag-ky"
    0x0066,0x006C,0x0061,0x0067,0x002D,0x006B,0x0079,0xD83C,0xDDF0,0xD83C,0xDDFE,
    // "flag-kz"
    0x0066,0x006C,0x0061,0x0067,0x002D,0x006B,0x007A,0xD83C,0xDDF0,0xD83C,0xDDFF,
    // "flag-la"
    0x0066,0x006C,0x0061,0x0067,0x002D,0x006C,0x0061,0xD83C,0xDDF1,0xD83C,0xDDE6,
    // "flag-lb"
    0x0066,0x006C,0x0061,0x0067,0x002D,0x006C,0x0062,0xD83C,0xDDF1,0xD83C,0xDDE7,
    // "flag-lc"
    0x0066,0x006C,0x0061,0x0067,0x002D,0x006C,0x0063,0xD83C,0xDDF1,0xD83C,0xDDE8,
    // "flag-li"
    0x0066,0x006C,0x0061,0x0067,0x002D,0x006C,0x0069,0xD83C,0xDDF1,0xD83C,0xDDEE,
    // "flag-lk"
    0x0066,0x006C,0x0061,0x0067,0x002D,0x006C,0x006B,0xD83C,0xDDF1,0xD83C,0xDDF0,
    // "flag-lr"
    0x0066,0x006C,0x0061,0x0067,0x002D,0x006C,0x0072,0xD83C,0xDDF1,0xD83C,0xDDF7,
    // "flag-ls"
    0x0066,0x006C,0x0061,0x0067,0x002D,0x006C,0x0073,0xD83C,0xDDF1,0xD83C,0xDDF8,
    // "flag-lt"
    0x0066,0x006C,0x0061,0x0067,0x002D,0x006C,0x0074,0xD83C,0xDDF1,0xD83C,0xDDF9,
    // "flag-lu"
    0x0066,0x006C,0x0061,0x0067,0x002D,0x006C,0x0075,0xD83C,0xDDF1,0xD83C,0xDDFA,
    // "flag-lv"
    0x0066,0x006C,0x0061,0x0067,0x002D,0x006C,0x0076,0xD83C,0xDDF1,0xD83C,0xDDFB,
    // "flag-ly"
    0x0066,0x006C,0x0061,0x0067,0x002D,0x006C,0x0079,0xD83C,0xDDF1,0xD83C,0xDDFE,
    // "flag-ma"
    0x0066,0x006C,0x0061,0x0067,0x002D,0x006D,0x0061,0xD83C,0xDDF2,0xD83C,0xDDE6,
    // "flag-mc"
    0x0066,0x006C,0x0061,0x0067,0x002D,0x006D,0x0063,0xD83C,0xDDF2,0xD83C,0xDDE8,
    // "flag-md"
    0x0066,0x006C,0x0061,0x0067,0x002D,0x006D,0x0064,0xD83C,0xDDF2,0xD83C,0xDDE9,
    // "flag-me"
    0x0066,0x006C,0x0061,0x0067,0x002D,0x006D,0x0065,0xD83C,0xDDF2,0xD83C,0xDDEA,
    // "flag-mf"
    0x0066,0x006C,0x0061,0x0067,0x002D,0x006D,0x0066,0xD83C,0xDDF2,0xD83C,0xDDEB,
    // "flag-mg"
    0x0066,0x006C,0x0061,0x0067,0x002D,0x006D,0x0067,0xD83C,0xDDF2,0xD83C,0xDDEC,
    // "flag-mh"
    0x0066,0x006C,0x0061,0x0067,0x002D,0x006D,0x0068,0xD83C,0xDDF2,0xD83C,0xDDED,
    // "flag-mk"
    0x0066,0x006C,0x0061,0x0067,0x002D,0x006D,0x006B,0xD83C,0xDDF2,0xD83C,0xDDF0,
    // "flag-ml"
    0x0066,0x006C,0x0061,0x0067,0x002D,0x006D,0x006C,0xD83C,0xDDF2,0xD83C,0xDDF1,
    // "flag-mm"
    0x0066,0x006C,0x0061,0x0067,0x002D,0x006D,0x006D,0xD83C,0xDDF2,0xD83C,0xDDF2,
    // "flag-mn"
    0x0066,0x006C,0x0061,0x0067,0x002D,0x006D,0x006E,0xD83C,0xDDF2,0xD83C,0xDDF3,
    // "flag-mo"
    0x0066,0x006C,0x0061,0x0067,0x002D,0x006D,0x006F,0xD83C,0xDDF2,0xD83C,0xDDF4,
    // "flag-mp"
    0x0066,0x006C,0x0061,0x0067,0x002D,0x006D,0x0070,0xD83C,0xDDF2,0xD83C,0xDDF5,
    // "flag-mq"
    0x0066,0x006C,0x0061,0x0067,0x002D,0x006D,0x0071,0xD83C,0xDDF2,0xD83C,0xDDF6,
    // "flag-mr"
    0x0066,0x006C,0x0061,0x0067,0x002D,0x006D,0x0072,0xD83C,0xDDF2,0xD83C,0xDDF7,
    // "flag-ms"
    0x0066,0x006C,0x0061,0x0067,0x002D,0x006D,0x0073,0xD83C,0xDDF2,0xD83C,0xDDF8,
    // "flag-mt"
    0x0066,0x006C,0x0061,0x0067,0x002D,0x006D,0x0074,0xD83C,0xDDF2,0xD83C,0xDDF9,
    // "flag-mu"
    0x0066,0x006C,0x0061,0x0067,0x002D,0x006D,0x0075,0xD83C,0xDDF2,0xD83C,0xDDFA,
    // "flag-mv"
    0x0066,0x006C,0x0061,0x0067,0x002D,0x006D,0x0076,0xD83C,0xDDF2,0xD83C,0xDDFB,
    // "flag-mw"
    0x0066,0x006C,0x0061,0x0067,0x002D,0x006D,0x0077,0xD83C,0xDDF2,0xD83C,0xDDFC,
    // "flag-mx"
    0x0066,0x006C,0x0061,0x0067,0x002D,0x006D,0x0078,0xD83C,0xDDF2,0xD83C,0xDDFD,
    // "flag-my"
    0x0066,0x006C,0x0061,0x0067,0x002D,0x006D,0x0079,0xD83C,0xDDF2,0xD83C,0xDDFE,
    // "flag-mz"
    0x0066,0x006C,0x0061,0x0067,0x002D,0x006D,0x007A,0xD83C,0xDDF2,0xD83C,0xDDFF,
    // "flag-na"
    0x0066,0x006C,0x0061,0x0067,0x002D,0x006E,0x0061,0xD83C,0xDDF3,0xD83C,0xDDE6,
    // "flag-nc"
    0x0066,0x006C,0x0061,0x0067,0x002D,0x006E,0x0063,0xD83C,0xDDF3,0xD83C,0xDDE8,
    // "flag-ne"
    0x0066,0x006C,0x0061,0x0067,0x002D,0x006E,0x0065,0xD83C,0xDDF3,0xD83C,0xDDEA,
    // "flag-nf"
    0x0066,0x006C,0x0061,0x0067,0x002D,0x006E,0x0066,0xD83C,0xDDF3,0xD83C,0xDDEB,
    // "flag-ng"
    0x0066,0x006C,0x0061,0x0067,0x002D,0x006E,0x0067,0xD83C,0xDDF3,0xD83C,0xDDEC,
    // "flag-ni"
    0x0066,0x006C,0x0061,0x0067,0x002D,0x006E,0x0069,0xD83C,0xDDF3,0xD83C,0xDDEE,
    // "flag-nl"
    0x0066,0x006C,0x0061,0x0067,0x002D,0x006E,0x006C,0xD83C,0xDDF3,0xD83C,0xDDF1,
    // "flag-no"
    0x0066,0x006C,0x0061,0x0067,0x002D,0x006E,0x006F,0xD83C,0xDDF3,0xD83C,0xDDF4,
    // "flag-np"
    0x0066,0x006C,0x0061,0x0067,0x002D,0x006E,0x0070,0xD83C,0xDDF3,0xD83C,0xDDF5,
    // "flag-nr"
    0x0066,0x006C,0x0061,0x0067,0x002D,0x006E,0x0072,0xD83C,0xDDF3,0xD83C,0xDDF7,
    // "flag-nu"
    0x0066,0x006C,0x0061,0x0067,0x002D,0x006E,0x0075,0xD83C,0xDDF3,0xD83C,0xDDFA,
    // "flag-nz"
    0x0066,0x006C,0x0061,0x0067,0x002D,0x006E,0x007A,0xD83C,0xDDF3,0xD83C,0xDDFF,
    // "flag-om"
    0x0066,0x006C,0x0061,0x0067,0x002D,0x006F,0x006D,0xD83C,0xDDF4,0xD83C,0xDDF2,
    // "flag-pa"
    0x0066,0x006C,0x0061,0x0067,0x002D,0x0070,0x0061,0xD83C,0xDDF5,0xD83C,0xDDE6,
    // "flag-pe"
    0x0066,0x006C,0x0061,0x0067,0x002D,0x0070,0x0065,0xD83C,0xDDF5,0xD83C,0xDDEA,
    // "flag-pf"
    0x0066,0x006C,0x0061,0x0067,0x002D,0x0070,0x0066,0xD83C,0xDDF5,0xD83C,0xDDEB,
    // "flag-pg"
    0x0066,0x006C,0x0061,0x0067,0x002D,0x0070,0x0067,0xD83C,0xDDF5,0xD83C,0xDDEC,
    // "flag-ph"
    0x0066,0x006C,0x0061,0x0067,0x002D,0x0070,0x0068,0xD83C,0xDDF5,0xD83C,0xDDED,
    // "flag-pk"
    0x0066,0x006C,0x0061,0x0067,0x002D,0x0070,0x006B,0xD83C,0xDDF5,0xD83C,0xDDF0,
    // "flag-pl"
    0x0066,0x006C,0x0061,0x0067,0x002D,0x0070,0x006C,0xD83C,0xDDF5,0xD83C,0xDDF1,
    // "flag-pm"
    0x0066,0x006C,0x0061,0x0067,0x002D,0x0070,0x006D,0xD83C,0xDDF5,0xD83C,0xDDF2,
    // "flag-pn"
    0x0066,0x006C,0x0061,0x0067,0x002D,0x0070,0x006E,0xD83C,0xDDF5,0xD83C,0xDDF3,
    // "flag-pr"
    0x0066,0x006C,0x0061,0x0067,0x002D,0x0070,0x0072,0xD83C,0xDDF5,0xD83C,0xDDF7,
    // "flag-ps"
    0x0066,0x006C,0x0061,0x0067,0x002D,0x0070,0x0073,0xD83C,0xDDF5,0xD83C,0xDDF8,
    // "flag-pt"
    0x0066,0x006C,0x0061,0x0067,0x002D,0x0070,0x0074,0xD83C,0xDDF5,0xD83C,0xDDF9,
    // "flag-pw"
    0x0066,0x006C,0x0061,0x0067,0x002D,0x0070,0x0077,0xD83C,0xDDF5,0xD83C,0xDDFC,
    // "flag-py"
    0x0066,0x006C,0x0061,0x0067,0x002D,0x0070,0x0079,0xD83C,0xDDF5,0xD83C,0xDDFE,
    // "flag-qa"
    0x0066,0x006C,0x0061,0x0067,0x002D,0x0071,0x0061,0xD83C,0xDDF6,0xD83C,0xDDE6,
    // "flag-re"
    0x0066,0x006C,0x0061,0x0067,0x002D,0x0072,0x0065,0xD83C,0xDDF7,0xD83C,0xDDEA,
    // "flag-ro"
    0x0066,0x006C,0x0061,0x0067,0x002D,0x0072,0x006F,0xD83C,0xDDF7,0xD83C,0xDDF4,
    // "flag-rs"
    0x0066,0x006C,0x0061,0x0067,0x002D,0x0072,0x0073,0xD83C,0xDDF7,0xD83C,0xDDF8,
    // "flag-ru"
    0x0066,0x006C,0x0061,0x0067,0x002D,0x0072,0x0075,0xD83C,0xDDF7,0xD83C,0xDDFA,
    // "flag-rw"
    0x0066,0x006C,0x0061,0x0067,0x002D,0x0072,0x0077,0xD83C,0xDDF7,0xD83C,0xDDFC,
    // "flag-sa"
    0x0066,0x006C,0x0061,0x0067,0x002D,0x0073,0x0061,0xD83C,0xDDF8,0xD83C,0xDDE6,
    // "flag-sark"
    0x0066,0x006C,0x0061,0x0067,0x002D,0x0073,0x0061,0x0072,0x006B,0xD83C,0xDDE8,0xD83C,0xDDF6,
    // "flag-sb"
    0x0066,0x006C,0x0061,0x0067,0x002D,0x0073,0x0062,0xD83C,0xDDF8,0xD83C,0xDDE7,
    // "flag-sc"
    0x0066,0x006C,0x0061,0x0067,0x002D,0x0073,0x0063,0xD83C,0xDDF8,0xD83C,0xDDE8,
    // "flag-scotland"
    0x0066,0x006C,0x0061,0x0067,0x002D,0x0073,0x0063,0x006F,0x0074,0x006C,0x0061,0x006E,0x0064,0xD83C,0xDFF4,0xDB40,
    0xDC67,0xDB40,0xDC62,0xDB40,0xDC73,0xDB40,0xDC63,0xDB40,0xDC74,0xDB40,0xDC7F,
    // "flag-sd"
    0x0066,0x006C,0x0061,0x0067,0x002D,0x0073,0x0064,0xD83C,0xDDF8,0xD83C,0xDDE9,
    // "flag-se"
    0x0066,0x006C,0x0061,0x0067,0x002D,0x0073,0x0065,0xD83C,0xDDF8,0xD83C,0xDDEA,
    // "flag-sg"
    0x0066,0x006C,0x0061,0x0067,0x002D,0x0073,0x0067,0xD83C,0xDDF8,0xD83C,0xDDEC,
    // "flag-sh"
    0x0066,0x006C,0x0061,0x0067,0x002D,0x0073,0x0068,0xD83C,0xDDF8,0xD83C,0xDDED,
    // "flag-si"
    0x0066,0x006C,0x0061,0x0067,0x002D,0x0073,0x0069,0xD83C,0xDDF8,0xD83C,0xDDEE,
    // "flag-sj"
    0x0066,0x006C,0x0061,0x0067,0x002D,0x0073,0x006A,0xD83C,0xDDF8,0xD83C,0xDDEF,
    // "flag-sk"
    0x0066,0x006C,0x0061,0x0067,0x002D,0x0073,0x006B,0xD83C,0xDDF8,0xD83C,0xDDF0,
    // "flag-sl"
    0x0066,0x006C,0x0061,0x0067,0x002D,0x0073,0x006C,0xD83C,0xDDF8,0xD83C,0xDDF1,
    // "flag-sm"
    0x0066,0x006C,0x0061,0x0067,0x002D,0x0073,0x006D,0xD83C,0xDDF8,0xD83C,0xDDF2,
    // "flag-sn"
    0x0066,0x006C,0x0061,0x0067,0x002D,0x0073,0x006E,0xD83C,0xDDF8,0xD83C,0xDDF3,
    // "flag-so"
    0x0066,0x006C,0x0061,0x0067,0x002D,0x0073,0x006F,0xD83C,0xDDF8,0xD83C,0xDDF4,
    // "flag-sr"
    0x0066,0x006C,0x0061,0x0067,0x002D,0x0073,0x0072,0xD83C,0xDDF8,0xD83C,0xDDF7,
    // "flag-ss"
    0x0066,0x006C,0x0061,0x0067,0x002D,0x0073,0x0073,0xD83C,0xDDF8,0xD83C,0xDDF8,
    // "flag-st"
    0x0066,0x006C,0x0061,0x0067,0x002D,0x0073,0x0074,0xD83C,0xDDF8,0xD83C,0xDDF9,
    // "flag-sv"
    0x0066,0x006C,0x0061,0x0067,0x002D,0x0073,0x0076,0xD83C,0xDDF8,0xD83C,0xDDFB,
    // "flag-sx"
    0x0066,0x006C,0x0061,0x0067,0x002D,0x0073,0x0078,0xD83C,0xDDF8,0xD83C,0xDDFD,
    // "flag-sy"
    0x0066,0x006C,0x0061,0x0067,0x002D,0x0073,0x0079,0xD83C,0xDDF8,0xD83C,0xDDFE,
    // "flag-sz"
    0x0066,0x006C,0x0061,0x0067,0x002D,0x0073,0x007A,0xD83C,0xDDF8,0xD83C,0xDDFF,
    // "flag-ta"
    0x0066,0x006C,0x0061,0x0067,0x002D,0x0074,0x0061,0xD83C,0xDDF9,0xD83C,0xDDE6,
    // "flag-tc"
    0x0066,0x006C,0x0061,0x0067,0x002D,0x0074,0x0063,0xD83C,0xDDF9,0xD83C,0xDDE8,
    // "flag-td"
    0x0066,0x006C,0x0061,0x0067,0x002D,0x0074,0x0064,0xD83C,0xDDF9,0xD83C,0xDDE9,
    // "flag-tf"
    0x0066,0x006C,0x0061,0x0067,0x002D,0x0074,0x0066,0xD83C,0xDDF9,0xD83C,0xDDEB,
    // "flag-tg"
    0x0066,0x006C,0x0061,0x0067,0x002D,0x0074,0x0067,0xD83C,0xDDF9,0xD83C,0xDDEC,
    // "flag-th"
    0x0066,0x006C,0x0061,0x0067,0x002D,0x0074,0x0068,0xD83C,0xDDF9,0xD83C,0xDDED,
    // "flag-tj"
    0x0066,0x006C,0x0061,0x0067,0x002D,0x0074,0x006A,0xD83C,0xDDF9,0xD83C,0xDDEF,
    // "flag-tk"
    0x0066,0x006C,0x0061,0x0067,0x002D,0x0074,0x006B,0xD83C,0xDDF9,0xD83C,0xDDF0,
    // "flag-tl"
    0x0066,0x006C,0x0061,0x0067,0x002D,0x0074,0x006C,0xD83C,0xDDF9,0xD83C,0xDDF1,
    // "flag-tm"
    0x0066,0x006C,0x0061,0x0067,0x002D,0x0074,0x006D,0xD83C,0xDDF9,0xD83C,0xDDF2,
    // "flag-tn"
    0x0066,0x006C,0x0061,0x0067,0x002D,0x0074,0x006E,0xD83C,0xDDF9,0xD83C,0xDDF3,
    // "flag-to"
    0x0066,0x006C,0x0061,0x0067,0x002D,0x0074,0x006F,0xD83C,0xDDF9,0xD83C,0xDDF4,
    // "flag-tr"
    0x0066,0x006C,0x0061,0x0067,0x002D,0x0074,0x0072,0xD83C,0xDDF9,0xD83C,0xDDF7,
    // "flag-tt"
    0x0066,0x006C,0x0061,0x0067,0x002D,0x0074,0x0074,0xD83C,0xDDF9,0xD83C,0xDDF9,
    // "flag-tv"
    0x0066,0x006C,0x0061,0x0067,0x002D,0x0074,0x0076,0xD83C,0xDDF9,0xD83C,0xDDFB,
    // "flag-tw"
    0x0066,0x006C,0x0061,0x0067,0x002D,0x0074,0x0077,0xD83C,0xDDF9,0xD83C,0xDDFC,
    // "flag-tz"
    0x0066,0x006C,0x0061,0x0067,0x002D,0x0074,0x007A,0xD83C,0xDDF9,0xD83C,0xDDFF,
    // "flag-ua"
    0x0066,0x006C,0x0061,0x0067,0x002D,0x0075,0x0061,0xD83C,0xDDFA,0xD83C,0xDDE6,
    // "flag-ug"
    0x0066,0x006C,0x0061,0x0067,0x002D,0x0075,0x0067,0xD83C,0xDDFA,0xD83C,0xDDEC,
    // "flag-um"
    0x0066,0x006C,0x0061,0x0067,0x002D,0x0075,0x006D,0xD83C,0xDDFA,0xD83C,0xDDF2,
    // "flag-un"
    0x0066,0x006C,0x0061,0x0067,0x002D,0x0075,0x006E,0xD83C,0xDDFA,0xD83C,0xDDF3,
    // "flag-us"
    0x0066,0x006C,0x0061,0x0067,0x002D,0x0075,0x0073,0xD83C,0xDDFA,0xD83C,0xDDF8,
    // "flag-uy"
    0x0066,0x006C,0x0061,0x0067,0x002D,0x0075,0x0079,0xD83C,0xDDFA,0xD83C,0xDDFE,
    // "flag-uz"
    0x0066,0x006C,0x0061,0x0067,0x002D,0x0075,0x007A,0xD83C,0xDDFA,0xD83C,0xDDFF,
    // "flag-va"
    0x0066,0x006C,0x0061,0x0067,0x002D,0x0076,0x0061,0xD83C,0xDDFB,0xD83C,0xDDE6,
    // "flag-vc"
    0x0066,0x006C,0x0061,0x0067,0x002D,0x0076,0x0063,0xD83C,0xDDFB,0xD83C,0xDDE8,
    // "flag-ve"
    0x0066,0x006C,0x0061,0x0067,0x002D,0x0076,0x0065,0xD83C,0xDDFB,0xD83C,0xDDEA,
    // "flag-vg"
    0x0066,0x006C,0x0061,0x0067,0x002D,0x0076,0x0067,0xD83C,0xDDFB,0xD83C,0xDDEC,
    // "flag-vi"
    0x0066,0x006C,0x0061,0x0067,0x002D,0x0076,0x0069,0xD83C,0xDDFB,0xD83C,0xDDEE,
    // "flag-vn"
    0x0066,0x006C,0x0061,0x0067,0x002D,0x0076,0x006E,0xD83C,0xDDFB,0xD83C,0xDDF3,
    // "flag-vu"
    0x0066,0x006C,0x0061,0x0067,0x002D,0x0076,0x0075,0xD83C,0xDDFB,0xD83C,0xDDFA,
    // "flag-wales"
    0x0066,0x006C,0x0061,0x0067,0x002D,0x0077,0x0061,0x006C,0x0065,0x0073,0xD83C,0xDFF4,0xDB40,0xDC67,0xDB40,0xDC62,
    0xDB40,0xDC77,0xDB40,0xDC6C,0xDB40,0xDC73,0xDB40,0xDC7F,
    // "flag-wf"
    0x0066,0x006C,0x0061,0x0067,0x002D,0x0077,0x0066,0xD83C,0xDDFC,0xD83C,0xDDEB,
    // "flag-ws"
    0x0066,0x006C,0x0061,0x0067,0x002D,0x0077,0x0073,0xD83C,0xDDFC,0xD83C,0xDDF8,
    // "flag-xk"
    0x0066,0x006C,0x0061,0x0067,0x002D,0x0078,0x006B,0xD83C,0xDDFD,0xD83C,0xDDF0,
    // "flag-ye"
    0x0066,0x006C,0x0061,0x0067,0x002D,0x0079,0x0065,0xD83C,0xDDFE,0xD83C,0xDDEA,
    // "flag-yt"
    0x0066,0x006C,0x0061,0x0067,0x002D,0x0079,0x0074,0xD83C,0xDDFE,0xD83C,0xDDF9,
    // "flag-za"
    0x0066,0x006C,0x0061,0x0067,0x002D,0x007A,0x0061,0xD83C,0xDDFF,0xD83C,0xDDE6,
    // "flag-zm"
    0x0066,0x006C,0x0061,0x0067,0x002D,0x007A,0x006D,0xD83C,0xDDFF,0xD83C,0xDDF2,
    // "flag-zw"
    0x0066,0x006C,0x0061,0x0067,0x002D,0x007A,0x0077,0xD83C,0xDDFF,0xD83C,0xDDFC,
    // "flags"
    0x0066,0x006C,0x0061,0x0067,0x0073,0xD83C,0xDF8F,
    // "flamingo"
    0x0066,0x006C,0x0061,0x006D,0x0069,0x006E,0x0067,0x006F,0xD83E,0xDDA9,
    // "flashlight"
    0x0066,0x006C,0x0061,0x0073,0x0068,0x006C,0x0069,0x0067,0x0068,0x0074,0xD83D,0xDD26,
    // "flatbread"
    0x0066,0x006C,0x0061,0x0074,0x0062,0x0072,0x0065,0x0061,0x0064,0xD83E,0xDED3,
    // "fleur_de_lis"
    0x0066,0x006C,0x0065,0x0075,0x0072,0x005F,0x0064,0x0065,0x005F,0x006C,0x0069,0x0073,0x269C,0xFE0F,
    // "flipper"
    0x0066,0x006C,0x0069,0x0070,0x0070,0x0065,0x0072,0xD83D,0xDC2C,
    // "floppy_disk"
    0x0066,0x006C,0x006F,0x0070,0x0070,0x0079,0x005F,0x0064,0x0069,0x0073,0x006B,0xD83D,0xDCBE,
    // "flower_playing_cards"
    0x0066,0x006C,0x006F,0x0077,0x0065,0x0072,0x005F,0x0070,0x006C,0x0061,0x0079,0x0069,0x006E,0x0067,0x005F,0x0063,
    0x0061,0x0072,0x0064,0x0073,0xD83C,0xDFB4,
    // "flushed"
    0x0066,0x006C,0x0075,0x0073,0x0068,0x0065,0x0064,0xD83D,0xDE33,
    // "flute"
    0x0066,0x006C,0x0075,0x0074,0x0065,0xD83E,0xDE88,
    // "fly"
    0x0066,0x006C,0x0079,0xD83E,0xDEB0,
    // "flying_disc"
    0x0066,0x006C,0x0079,0x0069,0x006E,0x0067,0x005F,0x0064,0x0069,0x0073,0x0063,0xD83E,0xDD4F,
    // "flying_saucer"
    0x0066,0x006C,0x0079,0x0069,0x006E,0x0067,0x005F,0x0073,0x0061,0x0075,0x0063,0x0065,0x0072,0xD83D,0xDEF8,
    // "fog"
    0x0066,0x006F,0x0067,0xD83C,0xDF2B,0xFE0F,
    // "foggy"
    0x0066,0x006F,0x0067,0x0067,0x0079,0xD83C,0xDF01,
    // "folding_hand_fan"
    0x0066,0x006F,0x006C,0x0064,0x0069,0x006E,0x0067,0x005F,0x0068,0x0061,0x006E,0x0064,0x005F,0x0066,0x0061,0x006E,
    0xD83E,0xDEAD,
    // "fondue"
    0x0066,0x006F,0x006E,0x0064,0x0075,0x0065,0xD83E,0xDED5,
    // "foot"
    0x0066,0x006F,0x006F,0x0074,0xD83E,0xDDB6,
    // "football"
    0x0066,0x006F,0x006F,0x0074,0x0062,0x0061,0x006C,0x006C,0xD83C,0xDFC8,
    // "footprints"
    0x0066,0x006F,0x006F,0x0074,0x0070,0x0072,0x0069,0x006E,0x0074,0x0073,0xD83D,0xDC63,
    // "fork_and_knife"
    0x0066,0x006F,0x0072,0x006B,0x005F,0x0061,0x006E,0x0064,0x005F,0x006B,0x006E,0x0069,0x0066,0x0065,0xD83C,0xDF74,
    // "fortune_cookie"
    0x0066,0x006F,0x0072,0x0074,0x0075,0x006E,0x0065,0x005F,0x0063,0x006F,0x006F,0x006B,0x0069,0x0065,0xD83E,0xDD60,
    // "fountain"
    0x0066,0x006F,0x0075,0x006E,0x0074,0x0061,0x0069,0x006E,0x26F2,
    // "four"
    0x0066,0x006F,0x0075,0x0072,0x0034,0xFE0F,0x20E3,
    // "four_leaf_clover"
    0x0066,0x006F,0x0075,0x0072,0x005F,0x006C,0x0065,0x0061,0x0066,0x005F,0x0063,0x006C,0x006F,0x0076,0x0065,0x0072,
    0xD83C,0xDF40,
    // "fox_face"
    0x0066,0x006F,0x0078,0x005F,0x0066,0x0061,0x0063,0x0065,0xD83E,0xDD8A,
    // "fr"
    0x0066,0x0072,0xD83C,0xDDEB,0xD83C,0xDDF7,
    // "frame_with_picture"
    0x0066,0x0072,0x0061,0x006D,0x0065,0x005F,0x0077,0x0069,0x0074,0x0068,0x005F,0x0070,0x0069,0x0063,0x0074,0x0075,
    0x0072,0x0065,0xD83D,0xDDBC,0xFE0F,
    // "free"
    0x0066,0x0072,0x0065,0x0065,0xD83C,0xDD93,
    // "fried_egg"
    0x0066,0x0072,0x0069,0x0065,0x0064,0x005F,0x0065,0x0067,0x0067,0xD83C,0xDF73,
    // "fried_shrimp"
    0x0066,0x0072,0x0069,0x0065,0x0064,0x005F,0x0073,0x0068,0x0072,0x0069,0x006D,0x0070,0xD83C,0xDF64,
    // "fries"
    0x0066,0x0072,0x0069,0x0065,0x0073,0xD83C,0xDF5F,
    // "frog"
    0x0066,0x0072,0x006F,0x0067,0xD83D,0xDC38,
    // "frowning"
    0x0066,0x0072,0x006F,0x0077,0x006E,0x0069,0x006E,0x0067,0xD83D,0xDE26,
    // "fuelpump"
    0x0066,0x0075,0x0065,0x006C,0x0070,0x0075,0x006D,0x0070,0x26FD,
    // "full_moon"
    0x0066,0x0075,0x006C,0x006C,0x005F,0x006D,0x006F,0x006F,0x006E,0xD83C,0xDF15,
    // "full_moon_with_face"
    0x0066,0x0075,0x006C,0x006C,0x005F,0x006D,0x006F,0x006F,0x006E,0x005F,0x0077,0x0069,0x0074,0x0068,0x005F,0x0066,
    0x0061,0x0063,0x0065,0xD83C,0xDF1D,
    // "funeral_urn"
    0x0066,0x0075,0x006E,0x0065,0x0072,0x0061,0x006C,0x005F,0x0075,0x0072,0x006E,0x26B1,0xFE0F,
    // "game_die"
    0x0067,0x0061,0x006D,0x0065,0x005F,0x0064,0x0069,0x0065,0xD83C,0xDFB2,
    // "garlic"
    0x0067,0x0061,0x0072,0x006C,0x0069,0x0063,0xD83E,0xDDC4,
    // "gb"
    0x0067,0x0062,0xD83C,0xDDEC,0xD83C,0xDDE7,
    // "gear"
    0x0067,0x0065,0x0061,0x0072,0x2699,0xFE0F,
    // "gem"
    0x0067,0x0065,0x006D,0xD83D,0xDC8E,
    // "gemini"
    0x0067,0x0065,0x006D,0x0069,0x006E,0x0069,0x264A,
    // "genie"
    0x0067,0x0065,0x006E,0x0069,0x0065,0xD83E,0xDDDE,
    // "ghost"
    0x0067,0x0068,0x006F,0x0073,0x0074,0xD83D,0xDC7B,
    // "gift"
    0x0067,0x0069,0x0066,0x0074,0xD83C,0xDF81,
    // "gift_heart"
    0x0067,0x0069,0x0066,0x0074,0x005F,0x0068,0x0065,0x0061,0x0072,0x0074,0xD83D,0xDC9D,
    // "ginger_root"
    0x0067,0x0069,0x006E,0x0067,0x0065,0x0072,0x005F,0x0072,0x006F,0x006F,0x0074,0xD83E,0xDEDA,
    // "giraffe_face"
    0x0067,0x0069,0x0072,0x0061,0x0066,0x0066,0x0065,0x005F,0x0066,0x0061,0x0063,0x0065,0xD83E,0xDD92,
    // "girl"
    0x0067,0x0069,0x0072,0x006C,0xD83D,0xDC67,
    // "glass_of_milk"
    0x0067,0x006C,0x0061,0x0073,0x0073,0x005F,0x006F,0x0066,0x005F,0x006D,0x0069,0x006C,0x006B,0xD83E,0xDD5B,
    // "globe_with_meridians"
    0x0067,0x006C,0x006F,0x0062,0x0065,0x005F,0x0077,0x0069,0x0074,0x0068,0x005F,0x006D,0x0065,0x0072,0x0069,0x0064,
    0x0069,0x0061,0x006E,0x0073,0xD83C,0xDF10,
    // "gloves"
    0x0067,0x006C,0x006F,0x0076,0x0065,0x0073,0xD83E,0xDDE4,
    // "goal_net"
    0x0067,0x006F,0x0061,0x006C,0x005F,0x006E,0x0065,0x0074,0xD83E,0xDD45,
    // "goat"
    0x0067,0x006F,0x0061,0x0074,0xD83D,0xDC10,
    // "goggles"
    0x0067,0x006F,0x0067,0x0067,0x006C,0x0065,0x0073,0xD83E,0xDD7D,
    // "golf"
    0x0067,0x006F,0x006C,0x0066,0x26F3,
    // "golfer"
    0x0067,0x006F,0x006C,0x0066,0x0065,0x0072,0xD83C,0xDFCC,0xFE0F,
    // "goose"
    0x0067,0x006F,0x006F,0x0073,0x0065,0xD83E,0xDEBF,
    // "gorilla"
    0x0067,0x006F,0x0072,0x0069,0x006C,0x006C,0x0061,0xD83E,0xDD8D,
    // "grapes"
    0x0067,0x0072,0x0061,0x0070,0x0065,0x0073,0xD83C,0xDF47,
    // "green_apple"
    0x0067,0x0072,0x0065,0x0065,0x006E,0x005F,0x0061,0x0070,0x0070,0x006C,0x0065,0xD83C,0xDF4F,
    // "green_book"
    0x0067,0x0072,0x0065,0x0065,0x006E,0x005F,0x0062,0x006F,0x006F,0x006B,0xD83D,0xDCD7,
    // "green_heart"
    0x0067,0x0072,0x0065,0x0065,0x006E,0x005F,0x0068,0x0065,0x0061,0x0072,0x0074,0xD83D,0xDC9A,
    // "green_salad"
    0x0067,0x0072,0x0065,0x0065,0x006E,0x005F,0x0073,0x0061,0x006C,0x0061,0x0064,0xD83E,0xDD57,
    // "grey_exclamation"
    0x0067,0x0072,0x0065,0x0079,0x005F,0x0065,0x0078,0x0063,0x006C,0x0061,0x006D,0x0061,0x0074,0x0069,0x006F,0x006E,
    0x2755,
    // "grey_heart"
    0x0067,0x0072,0x0065,0x0079,0x005F,0x0068,0x0065,0x0061,0x0072,0x0074,0xD83E,0xDE76,
    // "grey_question"
    0x0067,0x0072,0x0065,0x0079,0x005F,0x0071,0x0075,0x0065,0x0073,0x0074,0x0069,0x006F,0x006E,0x2754,
    // "grimacing"
    0x0067,0x0072,0x0069,0x006D,0x0061,0x0063,0x0069,0x006E,0x0067,0xD83D,0xDE2C,
    // "grin"
    0x0067,0x0072,0x0069,0x006E,0xD83D,0xDE01,
    // "grinning"
    0x0067,0x0072,0x0069,0x006E,0x006E,0x0069,0x006E,0x0067,0xD83D,0xDE00,
    // "grinning_face_with_one_large_and_one_small_eye"
    0x0067,0x0072,0x0069,0x006E,0x006E,0x0069,0x006E,0x0067,0x005F,0x0066,0x0061,0x0063,0x0065,0x005F,0x0077,0x0069,
    0x0074,0x0068,0x005F,0x006F,0x006E,0x0065,0x005F,0x006C,0x0061,0x0072,0x0067,0x0065,0x005F,0x0061,0x006E,0x0064,
    0x005F,0x006F,0x006E,0x0065,0x005F,0x0073,0x006D,0x0061,0x006C,0x006C,0x005F,0x0065,0x0079,0x0065,0xD83E,0xDD2A,
    // "grinning_face_with_star_eyes"
    0x0067,0x0072,0x0069,0x006E,0x006E,0x0069,0x006E,0x0067,0x005F,0x0066,0x0061,0x0063,0x0065,0x005F,0x0077,0x0069,
    0x0074,0x0068,0x005F,0x0073,0x0074,0x0061,0x0072,0x005F,0x0065,0x0079,0x0065,0x0073,0xD83E,0xDD29,
    // "guardsman"
    0x0067,0x0075,0x0061,0x0072,0x0064,0x0073,0x006D,0x0061,0x006E,0xD83D,0xDC82,
    // "guide_dog"
    0x0067,0x0075,0x0069,0x0064,0x0065,0x005F,0x0064,0x006F,0x0067,0xD83E,0xDDAE,
    // "guitar"
    0x0067,0x0075,0x0069,0x0074,0x0061,0x0072,0xD83C,0xDFB8,
    // "gun"
    0x0067,0x0075,0x006E,0xD83D,0xDD2B,
    // "hair_pick"
    0x0068,0x0061,0x0069,0x0072,0x005F,0x0070,0x0069,0x0063,0x006B,0xD83E,0xDEAE,
    // "haircut"
    0x0068,0x0061,0x0069,0x0072,0x0063,0x0075,0x0074,0xD83D,0xDC87,
    // "hamburger"
    0x0068,0x0061,0x006D,0x0062,0x0075,0x0072,0x0067,0x0065,0x0072,0xD83C,0xDF54,
    // "hammer"
    0x0068,0x0061,0x006D,0x006D,0x0065,0x0072,0xD83D,0xDD28,
    // "hammer_and_pick"
    0x0068,0x0061,0x006D,0x006D,0x0065,0x0072,0x005F,0x0061,0x006E,0x0064,0x005F,0x0070,0x0069,0x0063,0x006B,0x2692,
    0xFE0F,
    // "hammer_and_wrench"
    0x0068,0x0061,0x006D,0x006D,0x0065,0x0072,0x005F,0x0061,0x006E,0x0064,0x005F,0x0077,0x0072,0x0065,0x006E,0x0063,
    0x0068,0xD83D,0xDEE0,0xFE0F,
    // "hamsa"
    0x0068,0x0061,0x006D,0x0073,0x0061,0xD83E,0xDEAC,
    // "hamster"
    0x0068,0x0061,0x006D,0x0073,0x0074,0x0065,0x0072,0xD83D,0xDC39,
    // "hand"
    0x0068,0x0061,0x006E,0x0064,0x270B,
    // "hand_with_index_and_middle_fingers_crossed"
    0x0068,0x0061,0x006E,0x0064,0x005F,0x0077,0x0069,0x0074,0x0068,0x005F,0x0069,0x006E,0x0064,0x0065,0x0078,0x005F,
    0x0061,0x006E,0x0064,0x005F,0x006D,0x0069,0x0064,0x0064,0x006C,0x0065,0x005F,0x0066,0x0069,0x006E,0x0067,0x0065,
    0x0072,0x0073,0x005F,0x0063,0x0072,0x006F,0x0073,0x0073,0x0065,0x0064,0xD83E,0xDD1E,
    // "hand_with_index_finger_and_thumb_crossed"
    0x0068,0x0061,0x006E,0x0064,0x005F,0x0077,0x0069,0x0074,0x0068,0x005F,0x0069,0x006E,0x0064,0x0065,0x0078,0x005F,
    0x0066,0x0069,0x006E,0x0067,0x0065,0x0072,0x005F,0x0061,0x006E,0x0064,0x005F,0x0074,0x0068,0x0075,0x006D,0x0062,
    0x005F,0x0063,0x0072,0x006F,0x0073,0x0073,0x0065,0x0064,0xD83E,0xDEF0,
    // "handbag"
    0x0068,0x0061,0x006E,0x0064,0x0062,0x0061,0x0067,0xD83D,0xDC5C,
    // "handball"
    0x0068,0x0061,0x006E,0x0064,0x0062,0x0061,0x006C,0x006C,0xD83E,0xDD3E,
    // "handshake"
    0x0068,0x0061,0x006E,0x0064,0x0073,0x0068,0x0061,0x006B,0x0065,0xD83E,0xDD1D,
    // "hankey"
    0x0068,0x0061,0x006E,0x006B,0x0065,0x0079,0xD83D,0xDCA9,
    // "harp"
    0x0068,0x0061,0x0072,0x0070,0xD83E,0xDE89,
    // "hash"
    0x0068,0x0061,0x0073,0x0068,0x0023,0xFE0F,0x20E3,
    // "hatched_chick"
    0x0068,0x0061,0x0074,0x0063,0x0068,0x0065,0x0064,0x005F,0x0063,0x0068,0x0069,0x0063,0x006B,0xD83D,0xDC25,
    // "hatching_chick"
    0x0068,0x0061,0x0074,0x0063,0x0068,0x0069,0x006E,0x0067,0x005F,0x0063,0x0068,0x0069,0x0063,0x006B,0xD83D,0xDC23,
    // "head_shaking_horizontally"
    0x0068,0x0065,0x0061,0x0064,0x005F,0x0073,0x0068,0x0061,0x006B,0x0069,0x006E,0x0067,0x005F,0x0068,0x006F,0x0072,
    0x0069,0x007A,0x006F,0x006E,0x0074,0x0061,0x006C,0x006C,0x0079,0xD83D,0xDE42,0x200D,0x2194,0xFE0F,
    // "head_shaking_vertically"
    0x0068,0x0065,0x0061,0x0064,0x005F,0x0073,0x0068,0x0061,0x006B,0x0069,0x006E,0x0067,0x005F,0x0076,0x0065,0x0072,
    0x0074,0x0069,0x0063,0x0061,0x006C,0x006C,0x0079,0xD83D,0xDE42,0x200D,0x2195,0xFE0F,
    // "headphones"
    0x0068,0x0065,0x0061,0x0064,0x0070,0x0068,0x006F,0x006E,0x0065,0x0073,0xD83C,0xDFA7,
    // "headstone"
    0x0068,0x0065,0x0061,0x0064,0x0073,0x0074,0x006F,0x006E,0x0065,0xD83E,0xDEA6,
    // "health_worker"
    0x0068,0x0065,0x0061,0x006C,0x0074,0x0068,0x005F,0x0077,0x006F,0x0072,0x006B,0x0065,0x0072,0xD83E,0xDDD1,0x200D,
    0x2695,0xFE0F,
    // "hear_no_evil"
    0x0068,0x0065,0x0061,0x0072,0x005F,0x006E,0x006F,0x005F,0x0065,0x0076,0x0069,0x006C,0xD83D,0xDE49,
    // "heart"
    0x0068,0x0065,0x0061,0x0072,0x0074,0x2764,0xFE0F,
    // "heart_decoration"
    0x0068,0x0065,0x0061,0x0072,0x0074,0x005F,0x0064,0x0065,0x0063,0x006F,0x0072,0x0061,0x0074,0x0069,0x006F,0x006E,
    0xD83D,0xDC9F,
    // "heart_eyes"
    0x0068,0x0065,0x0061,0x0072,0x0074,0x005F,0x0065,0x0079,0x0065,0x0073,0xD83D,0xDE0D,
    // "heart_eyes_cat"
    0x0068,0x0065,0x0061,0x0072,0x0074,0x005F,0x0065,0x0079,0x0065,0x0073,0x005F,0x0063,0x0061,0x0074,0xD83D,0xDE3B,
    // "heart_hands"
    0x0068,0x0065,0x0061,0x0072,0x0074,0x005F,0x0068,0x0061,0x006E,0x0064,0x0073,0xD83E,0xDEF6,
    // "heart_on_fire"
    0x0068,0x0065,0x0061,0x0072,0x0074,0x005F,0x006F,0x006E,0x005F,0x0066,0x0069,0x0072,0x0065,0x2764,0xFE0F,0x200D,
    0xD83D,0xDD25,
    // "heartbeat"
    0x0068,0x0065,0x0061,0x0072,0x0074,0x0062,0x0065,0x0061,0x0074,0xD83D,0xDC93,
    // "heartpulse"
    0x0068,0x0065,0x0061,0x0072,0x0074,0x0070,0x0075,0x006C,0x0073,0x0065,0xD83D,0xDC97,
    // "hearts"
    0x0068,0x0065,0x0061,0x0072,0x0074,0x0073,0x2665,0xFE0F,
    // "heavy_check_mark"
    0x0068,0x0065,0x0061,0x0076,0x0079,0x005F,0x0063,0x0068,0x0065,0x0063,0x006B,0x005F,0x006D,0x0061,0x0072,0x006B,
    0x2714,0xFE0F,
    // "heavy_division_sign"
    0x0068,0x0065,0x0061,0x0076,0x0079,0x005F,0x0064,0x0069,0x0076,0x0069,0x0073,0x0069,0x006F,0x006E,0x005F,0x0073,
    0x0069,0x0067,0x006E,0x2797,
    // "heavy_dollar_sign"
    0x0068,0x0065,0x0061,0x0076,0x0079,0x005F,0x0064,0x006F,0x006C,0x006C,0x0061,0x0072,0x005F,0x0073,0x0069,0x0067,
    0x006E,0xD83D,0xDCB2,
    // "heavy_equals_sign"
    0x0068,0x0065,0x0061,0x0076,0x0079,0x005F,0x0065,0x0071,0x0075,0x0061,0x006C,0x0073,0x005F,0x0073,0x0069,0x0067,
    0x006E,0xD83D,0xDFF0,
    // "heavy_exclamation_mark"
    0x0068,0x0065,0x0061,0x0076,0x0079,0x005F,0x0065,0x0078,0x0063,0x006C,0x0061,0x006D,0x0061,0x0074,0x0069,0x006F,
    0x006E,0x005F,0x006D,0x0061,0x0072,0x006B,0x2757,
    // "heavy_heart_exclamation_mark_ornament"
    0x0068,0x0065,0x0061,0x0076,0x0079,0x005F,0x0068,0x0065,0x0061,0x0072,0x0074,0x005F,0x0065,0x0078,0x0063,0x006C,
    0x0061,0x006D,0x0061,0x0074,0x0069,0x006F,0x006E,0x005F,0x006D,0x0061,0x0072,0x006B,0x005F,0x006F,0x0072,0x006E,
    0x0061,0x006D,0x0065,0x006E,0x0074,0x2763,0xFE0F,
    // "heavy_minus_sign"
    0x0068,0x0065,0x0061,0x0076,0x0079,0x005F,0x006D,0x0069,0x006E,0x0075,0x0073,0x005F,0x0073,0x0069,0x0067,0x006E,
    0x2796,
    // "heavy_multiplication_x"
    0x0068,0x0065,0x0061,0x0076,0x0079,0x005F,0x006D,0x0075,0x006C,0x0074,0x0069,0x0070,0x006C,0x0069,0x0063,0x0061,
    0x0074,0x0069,0x006F,0x006E,0x005F,0x0078,0x2716,0xFE0F,
    // "heavy_plus_sign"
    0x0068,0x0065,0x0061,0x0076,0x0079,0x005F,0x0070,0x006C,0x0075,0x0073,0x005F,0x0073,0x0069,0x0067,0x006E,0x2795,
    // "hedgehog"
    0x0068,0x0065,0x0064,0x0067,0x0065,0x0068,0x006F,0x0067,0xD83E,0xDD94,
    // "helicopter"
    0x0068,0x0065,0x006C,0x0069,0x0063,0x006F,0x0070,0x0074,0x0065,0x0072,0xD83D,0xDE81,
    // "helmet_with_white_cross"
    0x0068,0x0065,0x006C,0x006D,0x0065,0x0074,0x005F,0x0077,0x0069,0x0074,0x0068,0x005F,0x0077,0x0068,0x0069,0x0074,
    0x0065,0x005F,0x0063,0x0072,0x006F,0x0073,0x0073,0x26D1,0xFE0F,
    // "herb"
    0x0068,0x0065,0x0072,0x0062,0xD83C,0xDF3F,
    // "hibiscus"
    0x0068,0x0069,0x0062,0x0069,0x0073,0x0063,0x0075,0x0073,0xD83C,0xDF3A,
    // "high_brightness"
    0x0068,0x0069,0x0067,0x0068,0x005F,0x0062,0x0072,0x0069,0x0067,0x0068,0x0074,0x006E,0x0065,0x0073,0x0073,0xD83D,
    0xDD06,
    // "high_heel"
    0x0068,0x0069,0x0067,0x0068,0x005F,0x0068,0x0065,0x0065,0x006C,0xD83D,0xDC60,
    // "hiking_boot"
    0x0068,0x0069,0x006B,0x0069,0x006E,0x0067,0x005F,0x0062,0x006F,0x006F,0x0074,0xD83E,0xDD7E,
    // "hindu_temple"
    0x0068,0x0069,0x006E,0x0064,0x0075,0x005F,0x0074,0x0065,0x006D,0x0070,0x006C,0x0065,0xD83D,0xDED5,
    // "hippopotamus"
    0x0068,0x0069,0x0070,0x0070,0x006F,0x0070,0x006F,0x0074,0x0061,0x006D,0x0075,0x0073,0xD83E,0xDD9B,
    // "hocho"
    0x0068,0x006F,0x0063,0x0068,0x006F,0xD83D,0xDD2A,
    // "hole"
    0x0068,0x006F,0x006C,0x0065,0xD83D,0xDD73,0xFE0F,
    // "honey_pot"
    0x0068,0x006F,0x006E,0x0065,0x0079,0x005F,0x0070,0x006F,0x0074,0xD83C,0xDF6F,
    // "honeybee"
    0x0068,0x006F,0x006E,0x0065,0x0079,0x0062,0x0065,0x0065,0xD83D,0xDC1D,
    // "hook"
    0x0068,0x006F,0x006F,0x006B,0xD83E,0xDE9D,
    // "horse"
    0x0068,0x006F,0x0072,0x0073,0x0065,0xD83D,0xDC34,
    // "horse_racing"
    0x0068,0x006F,0x0072,0x0073,0x0065,0x005F,0x0072,0x0061,0x0063,0x0069,0x006E,0x0067,0xD83C,0xDFC7,
    // "hospital"
    0x0068,0x006F,0x0073,0x0070,0x0069,0x0074,0x0061,0x006C,0xD83C,0xDFE5,
    // "hot_face"
    0x0068,0x006F,0x0074,0x005F,0x0066,0x0061,0x0063,0x0065,0xD83E,0xDD75,
    // "hot_pepper"
    0x0068,0x006F,0x0074,0x005F,0x0070,0x0065,0x0070,0x0070,0x0065,0x0072,0xD83C,0xDF36,0xFE0F,
    // "hotdog"
    0x0068,0x006F,0x0074,0x0064,0x006F,0x0067,0xD83C,0xDF2D,
    // "hotel"
    0x0068,0x006F,0x0074,0x0065,0x006C,0xD83C,0xDFE8,
    // "hotsprings"
    0x0068,0x006F,0x0074,0x0073,0x0070,0x0072,0x0069,0x006E,0x0067,0x0073,0x2668,0xFE0F,
    // "hourglass"
    0x0068,0x006F,0x0075,0x0072,0x0067,0x006C,0x0061,0x0073,0x0073,0x231B,
    // "hourglass_flowing_sand"
    0x0068,0x006F,0x0075,0x0072,0x0067,0x006C,0x0061,0x0073,0x0073,0x005F,0x0066,0x006C,0x006F,0x0077,0x0069,0x006E,
    0x0067,0x005F,0x0073,0x0061,0x006E,0x0064,0x23F3,
    // "house"
    0x0068,0x006F,0x0075,0x0073,0x0065,0xD83C,0xDFE0,
    // "house_buildings"
    0x0068,0x006F,0x0075,0x0073,0x0065,0x005F,0x0062,0x0075,0x0069,0x006C,0x0064,0x0069,0x006E,0x0067,0x0073,0xD83C,
    0xDFD8,0xFE0F,
    // "house_with_garden"
    0x0068,0x006F,0x0075,0x0073,0x0065,0x005F,0x0077,0x0069,0x0074,0x0068,0x005F,0x0067,0x0061,0x0072,0x0064,0x0065,
    0x006E,0xD83C,0xDFE1,
    // "hugging_face"
    0x0068,0x0075,0x0067,0x0067,0x0069,0x006E,0x0067,0x005F,0x0066,0x0061,0x0063,0x0065,0xD83E,0xDD17,
    // "hushed"
    0x0068,0x0075,0x0073,0x0068,0x0065,0x0064,0xD83D,0xDE2F,
    // "hut"
    0x0068,0x0075,0x0074,0xD83D,0xDED6,
    // "hyacinth"
    0x0068,0x0079,0x0061,0x0063,0x0069,0x006E,0x0074,0x0068,0xD83E,0xDEBB,
    // "i_love_you_hand_sign"
    0x0069,0x005F,0x006C,0x006F,0x0076,0x0065,0x005F,0x0079,0x006F,0x0075,0x005F,0x0068,0x0061,0x006E,0x0064,0x005F,
    0x0073,0x0069,0x0067,0x006E,0xD83E,0xDD1F,
    // "ice_cream"
    0x0069,0x0063,0x0065,0x005F,0x0063,0x0072,0x0065,0x0061,0x006D,0xD83C,0xDF68,
    // "ice_cube"
    0x0069,0x0063,0x0065,0x005F,0x0063,0x0075,0x0062,0x0065,0xD83E,0xDDCA,
    // "ice_hockey_stick_and_puck"
    0x0069,0x0063,0x0065,0x005F,0x0068,0x006F,0x0063,0x006B,0x0065,0x0079,0x005F,0x0073,0x0074,0x0069,0x0063,0x006B,
    0x005F,0x0061,0x006E,0x0064,0x005F,0x0070,0x0075,0x0063,0x006B,0xD83C,0xDFD2,
    // "ice_skate"
    0x0069,0x0063,0x0065,0x005F,0x0073,0x006B,0x0061,0x0074,0x0065,0x26F8,0xFE0F,
    // "icecream"
    0x0069,0x0063,0x0065,0x0063,0x0072,0x0065,0x0061,0x006D,0xD83C,0xDF66,
    // "id"
    0x0069,0x0064,0xD83C,0xDD94,
    // "identification_card"
    0x0069,0x0064,0x0065,0x006E,0x0074,0x0069,0x0066,0x0069,0x0063,0x0061,0x0074,0x0069,0x006F,0x006E,0x005F,0x0063,
    0x0061,0x0072,0x0064,0xD83E,0xDEAA,
    // "ideograph_advantage"
    0x0069,0x0064,0x0065,0x006F,0x0067,0x0072,0x0061,0x0070,0x0068,0x005F,0x0061,0x0064,0x0076,0x0061,0x006E,0x0074,
    0x0061,0x0067,0x0065,0xD83C,0xDE50,
    // "imp"
    0x0069,0x006D,0x0070,0xD83D,0xDC7F,
    // "inbox_tray"
    0x0069,0x006E,0x0062,0x006F,0x0078,0x005F,0x0074,0x0072,0x0061,0x0079,0xD83D,0xDCE5,
    // "incoming_envelope"
    0x0069,0x006E,0x0063,0x006F,0x006D,0x0069,0x006E,0x0067,0x005F,0x0065,0x006E,0x0076,0x0065,0x006C,0x006F,0x0070,
    0x0065,0xD83D,0xDCE8,
    // "index_pointing_at_the_viewer"
    0x0069,0x006E,0x0064,0x0065,0x0078,0x005F,0x0070,0x006F,0x0069,0x006E,0x0074,0x0069,0x006E,0x0067,0x005F,0x0061,
    0x0074,0x005F,0x0074,0x0068,0x0065,0x005F,0x0076,0x0069,0x0065,0x0077,0x0065,0x0072,0xD83E,0xDEF5,
    // "infinity"
    0x0069,0x006E,0x0066,0x0069,0x006E,0x0069,0x0074,0x0079,0x267E,0xFE0F,
    // "information_desk_person"
    0x0069,0x006E,0x0066,0x006F,0x0072,0x006D,0x0061,0x0074,0x0069,0x006F,0x006E,0x005F,0x0064,0x0065,0x0073,0x006B,
    0x005F,0x0070,0x0065,0x0072,0x0073,0x006F,0x006E,0xD83D,0xDC81,
    // "information_source"
    0x0069,0x006E,0x0066,0x006F,0x0072,0x006D,0x0061,0x0074,0x0069,0x006F,0x006E,0x005F,0x0073,0x006F,0x0075,0x0072,
    0x0063,0x0065,0x2139,0xFE0F,
    // "innocent"
    0x0069,0x006E,0x006E,0x006F,0x0063,0x0065,0x006E,0x0074,0xD83D,0xDE07,
    // "interrobang"
    0x0069,0x006E,0x0074,0x0065,0x0072,0x0072,0x006F,0x0062,0x0061,0x006E,0x0067,0x2049,0xFE0F,
    // "iphone"
    0x0069,0x0070,0x0068,0x006F,0x006E,0x0065,0xD83D,0xDCF1,
    // "it"
    0x0069,0x0074,0xD83C,0xDDEE,0xD83C,0xDDF9,
    // "izakaya_lantern"
    0x0069,0x007A,0x0061,0x006B,0x0061,0x0079,0x0061,0x005F,0x006C,0x0061,0x006E,0x0074,0x0065,0x0072,0x006E,0xD83C,
    0xDFEE,
    // "jack_o_lantern"
    0x006A,0x0061,0x0063,0x006B,0x005F,0x006F,0x005F,0x006C,0x0061,0x006E,0x0074,0x0065,0x0072,0x006E,0xD83C,0xDF83,
    // "japan"
    0x006A,0x0061,0x0070,0x0061,0x006E,0xD83D,0xDDFE,
    // "japanese_castle"
    0x006A,0x0061,0x0070,0x0061,0x006E,0x0065,0x0073,0x0065,0x005F,0x0063,0x0061,0x0073,0x0074,0x006C,0x0065,0xD83C,
    0xDFEF,
    // "japanese_goblin"
    0x006A,0x0061,0x0070,0x0061,0x006E,0x0065,0x0073,0x0065,0x005F,0x0067,0x006F,0x0062,0x006C,0x0069,0x006E,0xD83D,
    0xDC7A,
    // "japanese_ogre"
    0x006A,0x0061,0x0070,0x0061,0x006E,0x0065,0x0073,0x0065,0x005F,0x006F,0x0067,0x0072,0x0065,0xD83D,0xDC79,
    // "jar"
    0x006A,0x0061,0x0072,0xD83E,0xDED9,
    // "jeans"
    0x006A,0x0065,0x0061,0x006E,0x0073,0xD83D,0xDC56,
    // "jellyfish"
    0x006A,0x0065,0x006C,0x006C,0x0079,0x0066,0x0069,0x0073,0x0068,0xD83E,0xDEBC,
    // "jigsaw"
    0x006A,0x0069,0x0067,0x0073,0x0061,0x0077,0xD83E,0xDDE9,
    // "joy"
    0x006A,0x006F,0x0079,0xD83D,0xDE02,
    // "joy_cat"
    0x006A,0x006F,0x0079,0x005F,0x0063,0x0061,0x0074,0xD83D,0xDE39,
    // "joystick"
    0x006A,0x006F,0x0079,0x0073,0x0074,0x0069,0x0063,0x006B,0xD83D,0xDD79,0xFE0F,
    // "jp"
    0x006A,0x0070,0xD83C,0xDDEF,0xD83C,0xDDF5,
    // "judge"
    0x006A,0x0075,0x0064,0x0067,0x0065,0xD83E,0xDDD1,0x200D,0x2696,0xFE0F,
    // "juggling"
    0x006A,0x0075,0x0067,0x0067,0x006C,0x0069,0x006E,0x0067,0xD83E,0xDD39,
    // "kaaba"
    0x006B,0x0061,0x0061,0x0062,0x0061,0xD83D,0xDD4B,
    // "kangaroo"
    0x006B,0x0061,0x006E,0x0067,0x0061,0x0072,0x006F,0x006F,0xD83E,0xDD98,
    // "key"
    0x006B,0x0065,0x0079,0xD83D,0xDD11,
    // "keyboard"
    0x006B,0x0065,0x0079,0x0062,0x006F,0x0061,0x0072,0x0064,0x2328,0xFE0F,
    // "keycap_star"
    0x006B,0x0065,0x0079,0x0063,0x0061,0x0070,0x005F,0x0073,0x0074,0x0061,0x0072,0x002A,0xFE0F,0x20E3,
    // "keycap_ten"
    0x006B,0x0065,0x0079,0x0063,0x0061,0x0070,0x005F,0x0074,0x0065,0x006E,0xD83D,0xDD1F,
    // "khanda"
    0x006B,0x0068,0x0061,0x006E,0x0064,0x0061,0xD83E,0xDEAF,
    // "kimono"
    0x006B,0x0069,0x006D,0x006F,0x006E,0x006F,0xD83D,0xDC58,
    // "kiss"
    0x006B,0x0069,0x0073,0x0073,0xD83D,0xDC8B,
    // "kissing"
    0x006B,0x0069,0x0073,0x0073,0x0069,0x006E,0x0067,0xD83D,0xDE17,
    // "kissing_cat"
    0x006B,0x0069,0x0073,0x0073,0x0069,0x006E,0x0067,0x005F,0x0063,0x0061,0x0074,0xD83D,0xDE3D,
    // "kissing_closed_eyes"
    0x006B,0x0069,0x0073,0x0073,0x0069,0x006E,0x0067,0x005F,0x0063,0x006C,0x006F,0x0073,0x0065,0x0064,0x005F,0x0065,
    0x0079,0x0065,0x0073,0xD83D,0xDE1A,
    // "kissing_heart"
    0x006B,0x0069,0x0073,0x0073,0x0069,0x006E,0x0067,0x005F,0x0068,0x0065,0x0061,0x0072,0x0074,0xD83D,0xDE18,
    // "kissing_smiling_eyes"
    0x006B,0x0069,0x0073,0x0073,0x0069,0x006E,0x0067,0x005F,0x0073,0x006D,0x0069,0x006C,0x0069,0x006E,0x0067,0x005F,
    0x0065,0x0079,0x0065,0x0073,0xD83D,0xDE19,
    // "kite"
    0x006B,0x0069,0x0074,0x0065,0xD83E,0xDE81,
    // "kiwifruit"
    0x006B,0x0069,0x0077,0x0069,0x0066,0x0072,0x0075,0x0069,0x0074,0xD83E,0xDD5D,
    // "kneeling_person"
    0x006B,0x006E,0x0065,0x0065,0x006C,0x0069,0x006E,0x0067,0x005F,0x0070,0x0065,0x0072,0x0073,0x006F,0x006E,0xD83E,
    0xDDCE,
    // "knife"
    0x006B,0x006E,0x0069,0x0066,0x0065,0xD83D,0xDD2A,
    // "knife_fork_plate"
    0x006B,0x006E,0x0069,0x0066,0x0065,0x005F,0x0066,0x006F,0x0072,0x006B,0x005F,0x0070,0x006C,0x0061,0x0074,0x0065,
    0xD83C,0xDF7D,0xFE0F,
    // "knot"
    0x006B,0x006E,0x006F,0x0074,0xD83E,0xDEA2,
    // "koala"
    0x006B,0x006F,0x0061,0x006C,0x0061,0xD83D,0xDC28,
    // "koko"
    0x006B,0x006F,0x006B,0x006F,0xD83C,0xDE01,
    // "kr"
    0x006B,0x0072,0xD83C,0xDDF0,0xD83C,0xDDF7,
    // "lab_coat"
    0x006C,0x0061,0x0062,0x005F,0x0063,0x006F,0x0061,0x0074,0xD83E,0xDD7C,
    // "label"
    0x006C,0x0061,0x0062,0x0065,0x006C,0xD83C,0xDFF7,0xFE0F,
    // "lacrosse"
    0x006C,0x0061,0x0063,0x0072,0x006F,0x0073,0x0073,0x0065,0xD83E,0xDD4D,
    // "ladder"
    0x006C,0x0061,0x0064,0x0064,0x0065,0x0072,0xD83E,0xDE9C,
    // "lady_beetle"
    0x006C,0x0061,0x0064,0x0079,0x005F,0x0062,0x0065,0x0065,0x0074,0x006C,0x0065,0xD83D,0xDC1E,
    // "ladybug"
    0x006C,0x0061,0x0064,0x0079,0x0062,0x0075,0x0067,0xD83D,0xDC1E,
    // "lantern"
    0x006C,0x0061,0x006E,0x0074,0x0065,0x0072,0x006E,0xD83C,0xDFEE,
    // "large_blue_circle"
    0x006C,0x0061,0x0072,0x0067,0x0065,0x005F,0x0062,0x006C,0x0075,0x0065,0x005F,0x0063,0x0069,0x0072,0x0063,0x006C,
    0x0065,0xD83D,0xDD35,
    // "large_blue_diamond"
    0x006C,0x0061,0x0072,0x0067,0x0065,0x005F,0x0062,0x006C,0x0075,0x0065,0x005F,0x0064,0x0069,0x0061,0x006D,0x006F,
    0x006E,0x0064,0xD83D,0xDD37,
    // "large_blue_square"
    0x006C,0x0061,0x0072,0x0067,0x0065,0x005F,0x0062,0x006C,0x0075,0x0065,0x005F,0x0073,0x0071,0x0075,0x0061,0x0072,
    0x0065,0xD83D,0xDFE6,
    // "large_brown_circle"
    0x006C,0x0061,0x0072,0x0067,0x0065,0x005F,0x0062,0x0072,0x006F,0x0077,0x006E,0x005F,0x0063,0x0069,0x0072,0x0063,
    0x006C,0x0065,0xD83D,0xDFE4,
    // "large_brown_square"
    0x006C,0x0061,0x0072,0x0067,0x0065,0x005F,0x0062,0x0072,0x006F,0x0077,0x006E,0x005F,0x0073,0x0071,0x0075,0x0061,
    0x0072,0x0065,0xD83D,0xDFEB,
    // "large_green_circle"
    0x006C,0x0061,0x0072,0x0067,0x0065,0x005F,0x0067,0x0072,0x0065,0x0065,0x006E,0x005F,0x0063,0x0069,0x0072,0x0063,
    0x006C,0x0065,0xD83D,0xDFE2,
    // "large_green_square"
    0x006C,0x0061,0x0072,0x0067,0x0065,0x005F,0x0067,0x0072,0x0065,0x0065,0x006E,0x005F,0x0073,0x0071,0x0075,0x0061,
    0x0072,0x0065,0xD83D,0xDFE9,
    // "large_orange_circle"
    0x006C,0x0061,0x0072,0x0067,0x0065,0x005F,0x006F,0x0072,0x0061,0x006E,0x0067,0x0065,0x005F,0x0063,0x0069,0x0072,
    0x0063,0x006C,0x0065,0xD83D,0xDFE0,
    // "large_orange_diamond"
    0x006C,0x0061,0x0072,0x0067,0x0065,0x005F,0x006F,0x0072,0x0061,0x006E,0x0067,0x0065,0x005F,0x0064,0x0069,0x0061,
    0x006D,0x006F,0x006E,0x0064,0xD83D,0xDD36,
    // "large_orange_square"
    0x006C,0x0061,0x0072,0x0067,0x0065,0x005F,0x006F,0x0072,0x0061,0x006E,0x0067,0x0065,0x005F,0x0073,0x0071,0x0075,
    0x0061,0x0072,0x0065,0xD83D,0xDFE7,
    // "large_purple_circle"
    0x006C,0x0061,0x0072,0x0067,0x0065,0x005F,0x0070,0x0075,0x0072,0x0070,0x006C,0x0065,0x005F,0x0063,0x0069,0x0072,
    0x0063,0x006C,0x0065,0xD83D,0xDFE3,
    // "large_purple_square"
    0x006C,0x0061,0x0072,0x0067,0x0065,0x005F,0x0070,0x0075,0x0072,0x0070,0x006C,0x0065,0x005F,0x0073,0x0071,0x0075,
    0x0061,0x0072,0x0065,0xD83D,0xDFEA,
    // "large_red_square"
    0x006C,0x0061,0x0072,0x0067,0x0065,0x005F,0x0072,0x0065,0x0064,0x005F,0x0073,0x0071,0x0075,0x0061,0x0072,0x0065,
    0xD83D,0xDFE5,
    // "large_yellow_circle"
    0x006C,0x0061,0x0072,0x0067,0x0065,0x005F,0x0079,0x0065,0x006C,0x006C,0x006F,0x0077,0x005F,0x0063,0x0069,0x0072,
    0x0063,0x006C,0x0065,0xD83D,0xDFE1,
    // "large_yellow_square"
    0x006C,0x0061,0x0072,0x0067,0x0065,0x005F,0x0079,0x0065,0x006C,0x006C,0x006F,0x0077,0x005F,0x0073,0x0071,0x0075,
    0x0061,0x0072,0x0065,0xD83D,0xDFE8,
    // "last_quarter_moon"
    0x006C,0x0061,0x0073,0x0074,0x005F,0x0071,0x0075,0x0061,0x0072,0x0074,0x0065,0x0072,0x005F,0x006D,0x006F,0x006F,
    0x006E,0xD83C,0xDF17,
    // "last_quarter_moon_with_face"
    0x006C,0x0061,0x0073,0x0074,0x005F,0x0071,0x0075,0x0061,0x0072,0x0074,0x0065,0x0072,0x005F,0x006D,0x006F,0x006F,
    0x006E,0x005F,0x0077,0x0069,0x0074,0x0068,0x005F,0x0066,0x0061,0x0063,0x0065,0xD83C,0xDF1C,
    // "latin_cross"
    0x006C,0x0061,0x0074,0x0069,0x006E,0x005F,0x0063,0x0072,0x006F,0x0073,0x0073,0x271D,0xFE0F,
    // "laughing"
    0x006C,0x0061,0x0075,0x0067,0x0068,0x0069,0x006E,0x0067,0xD83D,0xDE06,
    // "leafless_tree"
    0x006C,0x0065,0x0061,0x0066,0x006C,0x0065,0x0073,0x0073,0x005F,0x0074,0x0072,0x0065,0x0065,0xD83E,0xDEBE,
    // "leafy_green"
    0x006C,0x0065,0x0061,0x0066,0x0079,0x005F,0x0067,0x0072,0x0065,0x0065,0x006E,0xD83E,0xDD6C,
    // "leaves"
    0x006C,0x0065,0x0061,0x0076,0x0065,0x0073,0xD83C,0xDF43,
    // "ledger"
    0x006C,0x0065,0x0064,0x0067,0x0065,0x0072,0xD83D,0xDCD2,
    // "left-facing_fist"
    0x006C,0x0065,0x0066,0x0074,0x002D,0x0066,0x0061,0x0063,0x0069,0x006E,0x0067,0x005F,0x0066,0x0069,0x0073,0x0074,
    0xD83E,0xDD1B,
    // "left_luggage"
    0x006C,0x0065,0x0066,0x0074,0x005F,0x006C,0x0075,0x0067,0x0067,0x0061,0x0067,0x0065,0xD83D,0xDEC5,
    // "left_right_arrow"
    0x006C,0x0065,0x0066,0x0074,0x005F,0x0072,0x0069,0x0067,0x0068,0x0074,0x005F,0x0061,0x0072,0x0072,0x006F,0x0077,
    0x2194,0xFE0F,
    // "left_speech_bubble"
    0x006C,0x0065,0x0066,0x0074,0x005F,0x0073,0x0070,0x0065,0x0065,0x0063,0x0068,0x005F,0x0062,0x0075,0x0062,0x0062,
    0x006C,0x0065,0xD83D,0xDDE8,0xFE0F,
    // "leftwards_arrow_with_hook"
    0x006C,0x0065,0x0066,0x0074,0x0077,0x0061,0x0072,0x0064,0x0073,0x005F,0x0061,0x0072,0x0072,0x006F,0x0077,0x005F,
    0x0077,0x0069,0x0074,0x0068,0x005F,0x0068,0x006F,0x006F,0x006B,0x21A9,0xFE0F,
    // "leftwards_hand"
    0x006C,0x0065,0x0066,0x0074,0x0077,0x0061,0x0072,0x0064,0x0073,0x005F,0x0068,0x0061,0x006E,0x0064,0xD83E,0xDEF2,
    // "leftwards_pushing_hand"
    0x006C,0x0065,0x0066,0x0074,0x0077,0x0061,0x0072,0x0064,0x0073,0x005F,0x0070,0x0075,0x0073,0x0068,0x0069,0x006E,
    0x0067,0x005F,0x0068,0x0061,0x006E,0x0064,0xD83E,0xDEF7,
    // "leg"
    0x006C,0x0065,0x0067,0xD83E,0xDDB5,
    // "lemon"
    0x006C,0x0065,0x006D,0x006F,0x006E,0xD83C,0xDF4B,
    // "leo"
    0x006C,0x0065,0x006F,0x264C,
    // "leopard"
    0x006C,0x0065,0x006F,0x0070,0x0061,0x0072,0x0064,0xD83D,0xDC06,
    // "level_slider"
    0x006C,0x0065,0x0076,0x0065,0x006C,0x005F,0x0073,0x006C,0x0069,0x0064,0x0065,0x0072,0xD83C,0xDF9A,0xFE0F,
    // "libra"
    0x006C,0x0069,0x0062,0x0072,0x0061,0x264E,
    // "light_blue_heart"
    0x006C,0x0069,0x0067,0x0068,0x0074,0x005F,0x0062,0x006C,0x0075,0x0065,0x005F,0x0068,0x0065,0x0061,0x0072,0x0074,
    0xD83E,0xDE75,
    // "light_rail"
    0x006C,0x0069,0x0067,0x0068,0x0074,0x005F,0x0072,0x0061,0x0069,0x006C,0xD83D,0xDE88,
    // "lightning"
    0x006C,0x0069,0x0067,0x0068,0x0074,0x006E,0x0069,0x006E,0x0067,0xD83C,0xDF29,0xFE0F,
    // "lightning_cloud"
    0x006C,0x0069,0x0067,0x0068,0x0074,0x006E,0x0069,0x006E,0x0067,0x005F,0x0063,0x006C,0x006F,0x0075,0x0064,0xD83C,
    0xDF29,0xFE0F,
    // "lime"
    0x006C,0x0069,0x006D,0x0065,0xD83C,0xDF4B,0x200D,0xD83D,0xDFE9,
    // "link"
    0x006C,0x0069,0x006E,0x006B,0xD83D,0xDD17,
    // "linked_paperclips"
    0x006C,0x0069,0x006E,0x006B,0x0065,0x0064,0x005F,0x0070,0x0061,0x0070,0x0065,0x0072,0x0063,0x006C,0x0069,0x0070,
    0x0073,0xD83D,0xDD87,0xFE0F,
    // "lion_face"
    0x006C,0x0069,0x006F,0x006E,0x005F,0x0066,0x0061,0x0063,0x0065,0xD83E,0xDD81,
    // "lips"
    0x006C,0x0069,0x0070,0x0073,0xD83D,0xDC44,
    // "lipstick"
    0x006C,0x0069,0x0070,0x0073,0x0074,0x0069,0x0063,0x006B,0xD83D,0xDC84,
    // "lizard"
    0x006C,0x0069,0x007A,0x0061,0x0072,0x0064,0xD83E,0xDD8E,
    // "llama"
    0x006C,0x006C,0x0061,0x006D,0x0061,0xD83E,0xDD99,
    // "lobster"
    0x006C,0x006F,0x0062,0x0073,0x0074,0x0065,0x0072,0xD83E,0xDD9E,
    // "lock"
    0x006C,0x006F,0x0063,0x006B,0xD83D,0xDD12,
    // "lock_with_ink_pen"
    0x006C,0x006F,0x0063,0x006B,0x005F,0x0077,0x0069,0x0074,0x0068,0x005F,0x0069,0x006E,0x006B,0x005F,0x0070,0x0065,
    0x006E,0xD83D,0xDD0F,
    // "lollipop"
    0x006C,0x006F,0x006C,0x006C,0x0069,0x0070,0x006F,0x0070,0xD83C,0xDF6D,
    // "long_drum"
    0x006C,0x006F,0x006E,0x0067,0x005F,0x0064,0x0072,0x0075,0x006D,0xD83E,0xDE98,
    // "loop"
    0x006C,0x006F,0x006F,0x0070,0x27BF,
    // "lotion_bottle"
    0x006C,0x006F,0x0074,0x0069,0x006F,0x006E,0x005F,0x0062,0x006F,0x0074,0x0074,0x006C,0x0065,0xD83E,0xDDF4,
    // "lotus"
    0x006C,0x006F,0x0074,0x0075,0x0073,0xD83E,0xDEB7,
    // "loud_sound"
    0x006C,0x006F,0x0075,0x0064,0x005F,0x0073,0x006F,0x0075,0x006E,0x0064,0xD83D,0xDD0A,
    // "loudspeaker"
    0x006C,0x006F,0x0075,0x0064,0x0073,0x0070,0x0065,0x0061,0x006B,0x0065,0x0072,0xD83D,0xDCE2,
    // "love_hotel"
    0x006C,0x006F,0x0076,0x0065,0x005F,0x0068,0x006F,0x0074,0x0065,0x006C,0xD83C,0xDFE9,
    // "love_letter"
    0x006C,0x006F,0x0076,0x0065,0x005F,0x006C,0x0065,0x0074,0x0074,0x0065,0x0072,0xD83D,0xDC8C,
    // "low_battery"
    0x006C,0x006F,0x0077,0x005F,0x0062,0x0061,0x0074,0x0074,0x0065,0x0072,0x0079,0xD83E,0xDEAB,
    // "low_brightness"
    0x006C,0x006F,0x0077,0x005F,0x0062,0x0072,0x0069,0x0067,0x0068,0x0074,0x006E,0x0065,0x0073,0x0073,0xD83D,0xDD05,
    // "lower_left_ballpoint_pen"
    0x006C,0x006F,0x0077,0x0065,0x0072,0x005F,0x006C,0x0065,0x0066,0x0074,0x005F,0x0062,0x0061,0x006C,0x006C,0x0070,
    0x006F,0x0069,0x006E,0x0074,0x005F,0x0070,0x0065,0x006E,0xD83D,0xDD8A,0xFE0F,
    // "lower_left_crayon"
    0x006C,0x006F,0x0077,0x0065,0x0072,0x005F,0x006C,0x0065,0x0066,0x0074,0x005F,0x0063,0x0072,0x0061,0x0079,0x006F,
    0x006E,0xD83D,0xDD8D,0xFE0F,
    // "lower_left_fountain_pen"
    0x006C,0x006F,0x0077,0x0065,0x0072,0x005F,0x006C,0x0065,0x0066,0x0074,0x005F,0x0066,0x006F,0x0075,0x006E,0x0074,
    0x0061,0x0069,0x006E,0x005F,0x0070,0x0065,0x006E,0xD83D,0xDD8B,0xFE0F,
    // "lower_left_paintbrush"
    0x006C,0x006F,0x0077,0x0065,0x0072,0x005F,0x006C,0x0065,0x0066,0x0074,0x005F,0x0070,0x0061,0x0069,0x006E,0x0074,
    0x0062,0x0072,0x0075,0x0073,0x0068,0xD83D,0xDD8C,0xFE0F,
    // "luggage"
    0x006C,0x0075,0x0067,0x0067,0x0061,0x0067,0x0065,0xD83E,0xDDF3,
    // "lungs"
    0x006C,0x0075,0x006E,0x0067,0x0073,0xD83E,0xDEC1,
    // "lying_face"
    0x006C,0x0079,0x0069,0x006E,0x0067,0x005F,0x0066,0x0061,0x0063,0x0065,0xD83E,0xDD25,
    // "m"
    0x006D,0x24C2,0xFE0F,
    // "mag"
    0x006D,0x0061,0x0067,0xD83D,0xDD0D,
    // "mag_right"
    0x006D,0x0061,0x0067,0x005F,0x0072,0x0069,0x0067,0x0068,0x0074,0xD83D,0xDD0E,
    // "mage"
    0x006D,0x0061,0x0067,0x0065,0xD83E,0xDDD9,
    // "magic_wand"
    0x006D,0x0061,0x0067,0x0069,0x0063,0x005F,0x0077,0x0061,0x006E,0x0064,0xD83E,0xDE84,
    // "magnet"
    0x006D,0x0061,0x0067,0x006E,0x0065,0x0074,0xD83E,0xDDF2,
    // "mahjong"
    0x006D,0x0061,0x0068,0x006A,0x006F,0x006E,0x0067,0xD83C,0xDC04,
    // "mailbox"
    0x006D,0x0061,0x0069,0x006C,0x0062,0x006F,0x0078,0xD83D,0xDCEB,
    // "mailbox_closed"
    0x006D,0x0061,0x0069,0x006C,0x0062,0x006F,0x0078,0x005F,0x0063,0x006C,0x006F,0x0073,0x0065,0x0064,0xD83D,0xDCEA,
    // "mailbox_with_mail"
    0x006D,0x0061,0x0069,0x006C,0x0062,0x006F,0x0078,0x005F,0x0077,0x0069,0x0074,0x0068,0x005F,0x006D,0x0061,0x0069,
    0x006C,0xD83D,0xDCEC,
    // "mailbox_with_no_mail"
    0x006D,0x0061,0x0069,0x006C,0x0062,0x006F,0x0078,0x005F,0x0077,0x0069,0x0074,0x0068,0x005F,0x006E,0x006F,0x005F,
    0x006D,0x0061,0x0069,0x006C,0xD83D,0xDCED,
    // "male-artist"
    0x006D,0x0061,0x006C,0x0065,0x002D,0x0061,0x0072,0x0074,0x0069,0x0073,0x0074,0xD83D,0xDC68,0x200D,0xD83C,0xDFA8,
    // "male-astronaut"
    0x006D,0x0061,0x006C,0x0065,0x002D,0x0061,0x0073,0x0074,0x0072,0x006F,0x006E,0x0061,0x0075,0x0074,0xD83D,0xDC68,
    0x200D,0xD83D,0xDE80,
    // "male-construction-worker"
    0x006D,0x0061,0x006C,0x0065,0x002D,0x0063,0x006F,0x006E,0x0073,0x0074,0x0072,0x0075,0x0063,0x0074,0x0069,0x006F,
    0x006E,0x002D,0x0077,0x006F,0x0072,0x006B,0x0065,0x0072,0xD83D,0xDC77,0x200D,0x2642,0xFE0F,
    // "male-cook"
    0x006D,0x0061,0x006C,0x0065,0x002D,0x0063,0x006F,0x006F,0x006B,0xD83D,0xDC68,0x200D,0xD83C,0xDF73,
    // "male-detective"
    0x006D,0x0061,0x006C,0x0065,0x002D,0x0064,0x0065,0x0074,0x0065,0x0063,0x0074,0x0069,0x0076,0x0065,0xD83D,0xDD75,
    0xFE0F,0x200D,0x2642,0xFE0F,
    // "male-doctor"
    0x006D,0x0061,0x006C,0x0065,0x002D,0x0064,0x006F,0x0063,0x0074,0x006F,0x0072,0xD83D,0xDC68,0x200D,0x2695,0xFE0F,
    // "male-factory-worker"
    0x006D,0x0061,0x006C,0x0065,0x002D,0x0066,0x0061,0x0063,0x0074,0x006F,0x0072,0x0079,0x002D,0x0077,0x006F,0x0072,
    0x006B,0x0065,0x0072,0xD83D,0xDC68,0x200D,0xD83C,0xDFED,
    // "male-farmer"
    0x006D,0x0061,0x006C,0x0065,0x002D,0x0066,0x0061,0x0072,0x006D,0x0065,0x0072,0xD83D,0xDC68,0x200D,0xD83C,0xDF3E,
    // "male-firefighter"
    0x006D,0x0061,0x006C,0x0065,0x002D,0x0066,0x0069,0x0072,0x0065,0x0066,0x0069,0x0067,0x0068,0x0074,0x0065,0x0072,
    0xD83D,0xDC68,0x200D,0xD83D,0xDE92,
    // "male-guard"
    0x006D,0x0061,0x006C,0x0065,0x002D,0x0067,0x0075,0x0061,0x0072,0x0064,0xD83D,0xDC82,0x200D,0x2642,0xFE0F,
    // "male-judge"
    0x006D,0x0061,0x006C,0x0065,0x002D,0x006A,0x0075,0x0064,0x0067,0x0065,0xD83D,0xDC68,0x200D,0x2696,0xFE0F,
    // "male-mechanic"
    0x006D,0x0061,0x006C,0x0065,0x002D,0x006D,0x0065,0x0063,0x0068,0x0061,0x006E,0x0069,0x0063,0xD83D,0xDC68,0x200D,
    0xD83D,0xDD27,
    // "male-office-worker"
    0x006D,0x0061,0x006C,0x0065,0x002D,0x006F,0x0066,0x0066,0x0069,0x0063,0x0065,0x002D,0x0077,0x006F,0x0072,0x006B,
    0x0065,0x0072,0xD83D,0xDC68,0x200D,0xD83D,0xDCBC,
    // "male-pilot"
    0x006D,0x0061,0x006C,0x0065,0x002D,0x0070,0x0069,0x006C,0x006F,0x0074,0xD83D,0xDC68,0x200D,0x2708,0xFE0F,
    // "male-police-officer"
    0x006D,0x0061,0x006C,0x0065,0x002D,0x0070,0x006F,0x006C,0x0069,0x0063,0x0065,0x002D,0x006F,0x0066,0x0066,0x0069,
    0x0063,0x0065,0x0072,0xD83D,0xDC6E,0x200D,0x2642,0xFE0F,
    // "male-scientist"
    0x006D,0x0061,0x006C,0x0065,0x002D,0x0073,0x0063,0x0069,0x0065,0x006E,0x0074,0x0069,0x0073,0x0074,0xD83D,0xDC68,
    0x200D,0xD83D,0xDD2C,
    // "male-singer"
    0x006D,0x0061,0x006C,0x0065,0x002D,0x0073,0x0069,0x006E,0x0067,0x0065,0x0072,0xD83D,0xDC68,0x200D,0xD83C,0xDFA4,
    // "male-student"
    0x006D,0x0061,0x006C,0x0065,0x002D,0x0073,0x0074,0x0075,0x0064,0x0065,0x006E,0x0074,0xD83D,0xDC68,0x200D,0xD83C,
    0xDF93,
    // "male-teacher"
    0x006D,0x0061,0x006C,0x0065,0x002D,0x0074,0x0065,0x0061,0x0063,0x0068,0x0065,0x0072,0xD83D,0xDC68,0x200D,0xD83C,
    0xDFEB,
    // "male-technologist"
    0x006D,0x0061,0x006C,0x0065,0x002D,0x0074,0x0065,0x0063,0x0068,0x006E,0x006F,0x006C,0x006F,0x0067,0x0069,0x0073,
    0x0074,0xD83D,0xDC68,0x200D,0xD83D,0xDCBB,
    // "male_elf"
    0x006D,0x0061,0x006C,0x0065,0x005F,0x0065,0x006C,0x0066,0xD83E,0xDDDD,0x200D,0x2642,0xFE0F,
    // "male_fairy"
    0x006D,0x0061,0x006C,0x0065,0x005F,0x0066,0x0061,0x0069,0x0072,0x0079,0xD83E,0xDDDA,0x200D,0x2642,0xFE0F,
    // "male_genie"
    0x006D,0x0061,0x006C,0x0065,0x005F,0x0067,0x0065,0x006E,0x0069,0x0065,0xD83E,0xDDDE,0x200D,0x2642,0xFE0F,
    // "male_mage"
    0x006D,0x0061,0x006C,0x0065,0x005F,0x006D,0x0061,0x0067,0x0065,0xD83E,0xDDD9,0x200D,0x2642,0xFE0F,
    // "male_sign"
    0x006D,0x0061,0x006C,0x0065,0x005F,0x0073,0x0069,0x0067,0x006E,0x2642,0xFE0F,
    // "male_superhero"
    0x006D,0x0061,0x006C,0x0065,0x005F,0x0073,0x0075,0x0070,0x0065,0x0072,0x0068,0x0065,0x0072,0x006F,0xD83E,0xDDB8,
    0x200D,0x2642,0xFE0F,
    // "male_supervillain"
    0x006D,0x0061,0x006C,0x0065,0x005F,0x0073,0x0075,0x0070,0x0065,0x0072,0x0076,0x0069,0x006C,0x006C,0x0061,0x0069,
    0x006E,0xD83E,0xDDB9,0x200D,0x2642,0xFE0F,
    // "male_vampire"
    0x006D,0x0061,0x006C,0x0065,0x005F,0x0076,0x0061,0x006D,0x0070,0x0069,0x0072,0x0065,0xD83E,0xDDDB,0x200D,0x2642,
    0xFE0F,
    // "male_zombie"
    0x006D,0x0061,0x006C,0x0065,0x005F,0x007A,0x006F,0x006D,0x0062,0x0069,0x0065,0xD83E,0xDDDF,0x200D,0x2642,0xFE0F,
    // "mammoth"
    0x006D,0x0061,0x006D,0x006D,0x006F,0x0074,0x0068,0xD83E,0xDDA3,
    // "man"
    0x006D,0x0061,0x006E,0xD83D,0xDC68,
    // "man-biking"
    0x006D,0x0061,0x006E,0x002D,0x0062,0x0069,0x006B,0x0069,0x006E,0x0067,0xD83D,0xDEB4,0x200D,0x2642,0xFE0F,
    // "man-bouncing-ball"
    0x006D,0x0061,0x006E,0x002D,0x0062,0x006F,0x0075,0x006E,0x0063,0x0069,0x006E,0x0067,0x002D,0x0062,0x0061,0x006C,
    0x006C,0x26F9,0xFE0F,0x200D,0x2642,0xFE0F,
    // "man-bowing"
    0x006D,0x0061,0x006E,0x002D,0x0062,0x006F,0x0077,0x0069,0x006E,0x0067,0xD83D,0xDE47,0x200D,0x2642,0xFE0F,
    // "man-boy"
    0x006D,0x0061,0x006E,0x002D,0x0062,0x006F,0x0079,0xD83D,0xDC68,0x200D,0xD83D,0xDC66,
    // "man-boy-boy"
    0x006D,0x0061,0x006E,0x002D,0x0062,0x006F,0x0079,0x002D,0x0062,0x006F,0x0079,0xD83D,0xDC68,0x200D,0xD83D,0xDC66,
    0x200D,0xD83D,0xDC66,
    // "man-cartwheeling"
    0x006D,0x0061,0x006E,0x002D,0x0063,0x0061,0x0072,0x0074,0x0077,0x0068,0x0065,0x0065,0x006C,0x0069,0x006E,0x0067,
    0xD83E,0xDD38,0x200D,0x2642,0xFE0F,
    // "man-facepalming"
    0x006D,0x0061,0x006E,0x002D,0x0066,0x0061,0x0063,0x0065,0x0070,0x0061,0x006C,0x006D,0x0069,0x006E,0x0067,0xD83E,
    0xDD26,0x200D,0x2642,0xFE0F,
    // "man-frowning"
    0x006D,0x0061,0x006E,0x002D,0x0066,0x0072,0x006F,0x0077,0x006E,0x0069,0x006E,0x0067,0xD83D,0xDE4D,0x200D,0x2642,
    0xFE0F,
    // "man-gesturing-no"
    0x006D,0x0061,0x006E,0x002D,0x0067,0x0065,0x0073,0x0074,0x0075,0x0072,0x0069,0x006E,0x0067,0x002D,0x006E,0x006F,
    0xD83D,0xDE45,0x200D,0x2642,0xFE0F,
    // "man-gesturing-ok"
    0x006D,0x0061,0x006E,0x002D,0x0067,0x0065,0x0073,0x0074,0x0075,0x0072,0x0069,0x006E,0x0067,0x002D,0x006F,0x006B,
    0xD83D,0xDE46,0x200D,0x2642,0xFE0F,
    // "man-getting-haircut"
    0x006D,0x0061,0x006E,0x002D,0x0067,0x0065,0x0074,0x0074,0x0069,0x006E,0x0067,0x002D,0x0068,0x0061,0x0069,0x0072,
    0x0063,0x0075,0x0074,0xD83D,0xDC87,0x200D,0x2642,0xFE0F,
    // "man-getting-massage"
    0x006D,0x0061,0x006E,0x002D,0x0067,0x0065,0x0074,0x0074,0x0069,0x006E,0x0067,0x002D,0x006D,0x0061,0x0073,0x0073,
    0x0061,0x0067,0x0065,0xD83D,0xDC86,0x200D,0x2642,0xFE0F,
    // "man-girl"
    0x006D,0x0061,0x006E,0x002D,0x0067,0x0069,0x0072,0x006C,0xD83D,0xDC68,0x200D,0xD83D,0xDC67,
    // "man-girl-boy"
    0x006D,0x0061,0x006E,0x002D,0x0067,0x0069,0x0072,0x006C,0x002D,0x0062,0x006F,0x0079,0xD83D,0xDC68,0x200D,0xD83D,
    0xDC67,0x200D,0xD83D,0xDC66,
    // "man-girl-girl"
    0x006D,0x0061,0x006E,0x002D,0x0067,0x0069,0x0072,0x006C,0x002D,0x0067,0x0069,0x0072,0x006C,0xD83D,0xDC68,0x200D,
    0xD83D,0xDC67,0x200D,0xD83D,0xDC67,
    // "man-golfing"
    0x006D,0x0061,0x006E,0x002D,0x0067,0x006F,0x006C,0x0066,0x0069,0x006E,0x0067,0xD83C,0xDFCC,0xFE0F,0x200D,0x2642,
    0xFE0F,
    // "man-heart-man"
    0x006D,0x0061,0x006E,0x002D,0x0068,0x0065,0x0061,0x0072,0x0074,0x002D,0x006D,0x0061,0x006E,0xD83D,0xDC68,0x200D,
    0x2764,0xFE0F,0x200D,0xD83D,0xDC68,
    // "man-juggling"
    0x006D,0x0061,0x006E,0x002D,0x006A,0x0075,0x0067,0x0067,0x006C,0x0069,0x006E,0x0067,0xD83E,0xDD39,0x200D,0x2642,
    0xFE0F,
    // "man-kiss-man"
    0x006D,0x0061,0x006E,0x002D,0x006B,0x0069,0x0073,0x0073,0x002D,0x006D,0x0061,0x006E,0xD83D,0xDC68,0x200D,0x2764,
    0xFE0F,0x200D,0xD83D,0xDC8B,0x200D,0xD83D,0xDC68,
    // "man-lifting-weights"
    0x006D,0x0061,0x006E,0x002D,0x006C,0x0069,0x0066,0x0074,0x0069,0x006E,0x0067,0x002D,0x0077,0x0065,0x0069,0x0067,
    0x0068,0x0074,0x0073,0xD83C,0xDFCB,0xFE0F,0x200D,0x2642,0xFE0F,
    // "man-man-boy"
    0x006D,0x0061,0x006E,0x002D,0x006D,0x0061,0x006E,0x002D,0x0062,0x006F,0x0079,0xD83D,0xDC68,0x200D,0xD83D,0xDC68,
    0x200D,0xD83D,0xDC66,
    // "man-man-boy-boy"
    0x006D,0x0061,0x006E,0x002D,0x006D,0x0061,0x006E,0x002D,0x0062,0x006F,0x0079,0x002D,0x0062,0x006F,0x0079,0xD83D,
    0xDC68,0x200D,0xD83D,0xDC68,0x200D,0xD83D,0xDC66,0x200D,0xD83D,0xDC66,
    // "man-man-girl"
    0x006D,0x0061,0x006E,0x002D,0x006D,0x0061,0x006E,0x002D,0x0067,0x0069,0x0072,0x006C,0xD83D,0xDC68,0x200D,0xD83D,
    0xDC68,0x200D,0xD83D,0xDC67,
    // "man-man-girl-boy"
    0x006D,0x0061,0x006E,0x002D,0x006D,0x0061,0x006E,0x002D,0x0067,0x0069,0x0072,0x006C,0x002D,0x0062,0x006F,0x0079,
    0xD83D,0xDC68,0x200D,0xD83D,0xDC68,0x200D,0xD83D,0xDC67,0x200D,0xD83D,0xDC66,
    // "man-man-girl-girl"
    0x006D,0x0061,0x006E,0x002D,0x006D,0x0061,0x006E,0x002D,0x0067,0x0069,0x0072,0x006C,0x002D,0x0067,0x0069,0x0072,
    0x006C,0xD83D,0xDC68,0x200D,0xD83D,0xDC68,0x200D,0xD83D,0xDC67,0x200D,0xD83D,0xDC67,
    // "man-mountain-biking"
    0x006D,0x0061,0x006E,0x002D,0x006D,0x006F,0x0075,0x006E,0x0074,0x0061,0x0069,0x006E,0x002D,0x0062,0x0069,0x006B,
    0x0069,0x006E,0x0067,0xD83D,0xDEB5,0x200D,0x2642,0xFE0F,
    // "man-playing-handball"
    0x006D,0x0061,0x006E,0x002D,0x0070,0x006C,0x0061,0x0079,0x0069,0x006E,0x0067,0x002D,0x0068,0x0061,0x006E,0x0064,
    0x0062,0x0061,0x006C,0x006C,0xD83E,0xDD3E,0x200D,0x2642,0xFE0F,
    // "man-playing-water-polo"
    0x006D,0x0061,0x006E,0x002D,0x0070,0x006C,0x0061,0x0079,0x0069,0x006E,0x0067,0x002D,0x0077,0x0061,0x0074,0x0065,
    0x0072,0x002D,0x0070,0x006F,0x006C,0x006F,0xD83E,0xDD3D,0x200D,0x2642,0xFE0F,
    // "man-pouting"
    0x006D,0x0061,0x006E,0x002D,0x0070,0x006F,0x0075,0x0074,0x0069,0x006E,0x0067,0xD83D,0xDE4E,0x200D,0x2642,0xFE0F,
    // "man-raising-hand"
    0x006D,0x0061,0x006E,0x002D,0x0072,0x0061,0x0069,0x0073,0x0069,0x006E,0x0067,0x002D,0x0068,0x0061,0x006E,0x0064,
    0xD83D,0xDE4B,0x200D,0x2642,0xFE0F,
    // "man-rowing-boat"
    0x006D,0x0061,0x006E,0x002D,0x0072,0x006F,0x0077,0x0069,0x006E,0x0067,0x002D,0x0062,0x006F,0x0061,0x0074,0xD83D,
    0xDEA3,0x200D,0x2642,0xFE0F,
    // "man-running"
    0x006D,0x0061,0x006E,0x002D,0x0072,0x0075,0x006E,0x006E,0x0069,0x006E,0x0067,0xD83C,0xDFC3,0x200D,0x2642,0xFE0F,
    // "man-shrugging"
    0x006D,0x0061,0x006E,0x002D,0x0073,0x0068,0x0072,0x0075,0x0067,0x0067,0x0069,0x006E,0x0067,0xD83E,0xDD37,0x200D,
    0x2642,0xFE0F,
    // "man-surfing"
    0x006D,0x0061,0x006E,0x002D,0x0073,0x0075,0x0072,0x0066,0x0069,0x006E,0x0067,0xD83C,0xDFC4,0x200D,0x2642,0xFE0F,
    // "man-swimming"
    0x006D,0x0061,0x006E,0x002D,0x0073,0x0077,0x0069,0x006D,0x006D,0x0069,0x006E,0x0067,0xD83C,0xDFCA,0x200D,0x2642,
    0xFE0F,
    // "man-tipping-hand"
    0x006D,0x0061,0x006E,0x002D,0x0074,0x0069,0x0070,0x0070,0x0069,0x006E,0x0067,0x002D,0x0068,0x0061,0x006E,0x0064,
    0xD83D,0xDC81,0x200D,0x2642,0xFE0F,
    // "man-walking"
    0x006D,0x0061,0x006E,0x002D,0x0077,0x0061,0x006C,0x006B,0x0069,0x006E,0x0067,0xD83D,0xDEB6,0x200D,0x2642,0xFE0F,
    // "man-wearing-turban"
    0x006D,0x0061,0x006E,0x002D,0x0077,0x0065,0x0061,0x0072,0x0069,0x006E,0x0067,0x002D,0x0074,0x0075,0x0072,0x0062,
    0x0061,0x006E,0xD83D,0xDC73,0x200D,0x2642,0xFE0F,
    // "man-with-bunny-ears-partying"
    0x006D,0x0061,0x006E,0x002D,0x0077,0x0069,0x0074,0x0068,0x002D,0x0062,0x0075,0x006E,0x006E,0x0079,0x002D,0x0065,
    0x0061,0x0072,0x0073,0x002D,0x0070,0x0061,0x0072,0x0074,0x0079,0x0069,0x006E,0x0067,0xD83D,0xDC6F,0x200D,0x2642,
    0xFE0F,
    // "man-woman-boy"
    0x006D,0x0061,0x006E,0x002D,0x0077,0x006F,0x006D,0x0061,0x006E,0x002D,0x0062,0x006F,0x0079,0xD83D,0xDC68,0x200D,
    0xD83D,0xDC69,0x200D,0xD83D,0xDC66,
    // "man-woman-boy-boy"
    0x006D,0x0061,0x006E,0x002D,0x0077,0x006F,0x006D,0x0061,0x006E,0x002D,0x0062,0x006F,0x0079,0x002D,0x0062,0x006F,
    0x0079,0xD83D,0xDC68,0x200D,0xD83D,0xDC69,0x200D,0xD83D,0xDC66,0x200D,0xD83D,0xDC66,
    // "man-woman-girl"
    0x006D,0x0061,0x006E,0x002D,0x0077,0x006F,0x006D,0x0061,0x006E,0x002D,0x0067,0x0069,0x0072,0x006C,0xD83D,0xDC68,
    0x200D,0xD83D,0xDC69,0x200D,0xD83D,0xDC67,
    // "man-woman-girl-boy"
    0x006D,0x0061,0x006E,0x002D,0x0077,0x006F,0x006D,0x0061,0x006E,0x002D,0x0067,0x0069,0x0072,0x006C,0x002D,0x0062,
    0x006F,0x0079,0xD83D,0xDC68,0x200D,0xD83D,0xDC69,0x200D,0xD83D,0xDC67,0x200D,0xD83D,0xDC66,
    // "man-woman-girl-girl"
    0x006D,0x0061,0x006E,0x002D,0x0077,0x006F,0x006D,0x0061,0x006E,0x002D,0x0067,0x0069,0x0072,0x006C,0x002D,0x0067,
    0x0069,0x0072,0x006C,0xD83D,0xDC68,0x200D,0xD83D,0xDC69,0x200D,0xD83D,0xDC67,0x200D,0xD83D,0xDC67,
    // "man-wrestling"
    0x006D,0x0061,0x006E,0x002D,0x0077,0x0072,0x0065,0x0073,0x0074,0x006C,0x0069,0x006E,0x0067,0xD83E,0xDD3C,0x200D,
    0x2642,0xFE0F,
    // "man_and_woman_holding_hands"
    0x006D,0x0061,0x006E,0x005F,0x0061,0x006E,0x0064,0x005F,0x0077,0x006F,0x006D,0x0061,0x006E,0x005F,0x0068,0x006F,
    0x006C,0x0064,0x0069,0x006E,0x0067,0x005F,0x0068,0x0061,0x006E,0x0064,0x0073,0xD83D,0xDC6B,
    // "man_climbing"
    0x006D,0x0061,0x006E,0x005F,0x0063,0x006C,0x0069,0x006D,0x0062,0x0069,0x006E,0x0067,0xD83E,0xDDD7,0x200D,0x2642,
    0xFE0F,
    // "man_dancing"
    0x006D,0x0061,0x006E,0x005F,0x0064,0x0061,0x006E,0x0063,0x0069,0x006E,0x0067,0xD83D,0xDD7A,
    // "man_feeding_baby"
    0x006D,0x0061,0x006E,0x005F,0x0066,0x0065,0x0065,0x0064,0x0069,0x006E,0x0067,0x005F,0x0062,0x0061,0x0062,0x0079,
    0xD83D,0xDC68,0x200D,0xD83C,0xDF7C,
    // "man_in_business_suit_levitating"
    0x006D,0x0061,0x006E,0x005F,0x0069,0x006E,0x005F,0x0062,0x0075,0x0073,0x0069,0x006E,0x0065,0x0073,0x0073,0x005F,
    0x0073,0x0075,0x0069,0x0074,0x005F,0x006C,0x0065,0x0076,0x0069,0x0074,0x0061,0x0074,0x0069,0x006E,0x0067,0xD83D,
    0xDD74,0xFE0F,
    // "man_in_lotus_position"
    0x006D,0x0061,0x006E,0x005F,0x0069,0x006E,0x005F,0x006C,0x006F,0x0074,0x0075,0x0073,0x005F,0x0070,0x006F,0x0073,
    0x0069,0x0074,0x0069,0x006F,0x006E,0xD83E,0xDDD8,0x200D,0x2642,0xFE0F,
    // "man_in_manual_wheelchair"
    0x006D,0x0061,0x006E,0x005F,0x0069,0x006E,0x005F,0x006D,0x0061,0x006E,0x0075,0x0061,0x006C,0x005F,0x0077,0x0068,
    0x0065,0x0065,0x006C,0x0063,0x0068,0x0061,0x0069,0x0072,0xD83D,0xDC68,0x200D,0xD83E,0xDDBD,
    // "man_in_manual_wheelchair_facing_right"
    0x006D,0x0061,0x006E,0x005F,0x0069,0x006E,0x005F,0x006D,0x0061,0x006E,0x0075,0x0061,0x006C,0x005F,0x0077,0x0068,
    0x0065,0x0065,0x006C,0x0063,0x0068,0x0061,0x0069,0x0072,0x005F,0x0066,0x0061,0x0063,0x0069,0x006E,0x0067,0x005F,
    0x0072,0x0069,0x0067,0x0068,0x0074,0xD83D,0xDC68,0x200D,0xD83E,0xDDBD,0x200D,0x27A1,0xFE0F,
    // "man_in_motorized_wheelchair"
    0x006D,0x0061,0x006E,0x005F,0x0069,0x006E,0x005F,0x006D,0x006F,0x0074,0x006F,0x0072,0x0069,0x007A,0x0065,0x0064,
    0x005F,0x0077,0x0068,0x0065,0x0065,0x006C,0x0063,0x0068,0x0061,0x0069,0x0072,0xD83D,0xDC68,0x200D,0xD83E,0xDDBC,
    // "man_in_motorized_wheelchair_facing_right"
    0x006D,0x0061,0x006E,0x005F,0x0069,0x006E,0x005F,0x006D,0x006F,0x0074,0x006F,0x0072,0x0069,0x007A,0x0065,0x0064,
    0x005F,0x0077,0x0068,0x0065,0x0065,0x006C,0x0063,0x0068,0x0061,0x0069,0x0072,0x005F,0x0066,0x0061,0x0063,0x0069,
    0x006E,0x0067,0x005F,0x0072,0x0069,0x0067,0x0068,0x0074,0xD83D,0xDC68,0x200D,0xD83E,0xDDBC,0x200D,0x27A1,0xFE0F,
    // "man_in_steamy_room"
    0x006D,0x0061,0x006E,0x005F,0x0069,0x006E,0x005F,0x0073,0x0074,0x0065,0x0061,0x006D,0x0079,0x005F,0x0072,0x006F,
    0x006F,0x006D,0xD83E,0xDDD6,0x200D,0x2642,0xFE0F,
    // "man_in_tuxedo"
    0x006D,0x0061,0x006E,0x005F,0x0069,0x006E,0x005F,0x0074,0x0075,0x0078,0x0065,0x0064,0x006F,0xD83E,0xDD35,0x200D,
    0x2642,0xFE0F,
    // "man_kneeling"
    0x006D,0x0061,0x006E,0x005F,0x006B,0x006E,0x0065,0x0065,0x006C,0x0069,0x006E,0x0067,0xD83E,0xDDCE,0x200D,0x2642,
    0xFE0F,
    // "man_kneeling_facing_right"
    0x006D,0x0061,0x006E,0x005F,0x006B,0x006E,0x0065,0x0065,0x006C,0x0069,0x006E,0x0067,0x005F,0x0066,0x0061,0x0063,
    0x0069,0x006E,0x0067,0x005F,0x0072,0x0069,0x0067,0x0068,0x0074,0xD83E,0xDDCE,0x200D,0x2642,0xFE0F,0x200D,0x27A1,
    0xFE0F,
    // "man_running_facing_right"
    0x006D,0x0061,0x006E,0x005F,0x0072,0x0075,0x006E,0x006E,0x0069,0x006E,0x0067,0x005F,0x0066,0x0061,0x0063,0x0069,
    0x006E,0x0067,0x005F,0x0072,0x0069,0x0067,0x0068,0x0074,0xD83C,0xDFC3,0x200D,0x2642,0xFE0F,0x200D,0x27A1,0xFE0F,
    // "man_standing"
    0x006D,0x0061,0x006E,0x005F,0x0073,0x0074,0x0061,0x006E,0x0064,0x0069,0x006E,0x0067,0xD83E,0xDDCD,0x200D,0x2642,
    0xFE0F,
    // "man_walking_facing_right"
    0x006D,0x0061,0x006E,0x005F,0x0077,0x0061,0x006C,0x006B,0x0069,0x006E,0x0067,0x005F,0x0066,0x0061,0x0063,0x0069,
    0x006E,0x0067,0x005F,0x0072,0x0069,0x0067,0x0068,0x0074,0xD83D,0xDEB6,0x200D,0x2642,0xFE0F,0x200D,0x27A1,0xFE0F,
    // "man_with_beard"
    0x006D,0x0061,0x006E,0x005F,0x0077,0x0069,0x0074,0x0068,0x005F,0x0062,0x0065,0x0061,0x0072,0x0064,0xD83E,0xDDD4,
    0x200D,0x2642,0xFE0F,
    // "man_with_gua_pi_mao"
    0x006D,0x0061,0x006E,0x005F,0x0077,0x0069,0x0074,0x0068,0x005F,0x0067,0x0075,0x0061,0x005F,0x0070,0x0069,0x005F,
    0x006D,0x0061,0x006F,0xD83D,0xDC72,
    // "man_with_probing_cane"
    0x006D,0x0061,0x006E,0x005F,0x0077,0x0069,0x0074,0x0068,0x005F,0x0070,0x0072,0x006F,0x0062,0x0069,0x006E,0x0067,
    0x005F,0x0063,0x0061,0x006E,0x0065,0xD83D,0xDC68,0x200D,0xD83E,0xDDAF,
    // "man_with_turban"
    0x006D,0x0061,0x006E,0x005F,0x0077,0x0069,0x0074,0x0068,0x005F,0x0074,0x0075,0x0072,0x0062,0x0061,0x006E,0xD83D,
    0xDC73,
    // "man_with_veil"
    0x006D,0x0061,0x006E,0x005F,0x0077,0x0069,0x0074,0x0068,0x005F,0x0076,0x0065,0x0069,0x006C,0xD83D,0xDC70,0x200D,
    0x2642,0xFE0F,
    // "man_with_white_cane_facing_right"
    0x006D,0x0061,0x006E,0x005F,0x0077,0x0069,0x0074,0x0068,0x005F,0x0077,0x0068,0x0069,0x0074,0x0065,0x005F,0x0063,
    0x0061,0x006E,0x0065,0x005F,0x0066,0x0061,0x0063,0x0069,0x006E,0x0067,0x005F,0x0072,0x0069,0x0067,0x0068,0x0074,
    0xD83D,0xDC68,0x200D,0xD83E,0xDDAF,0x200D,0x27A1,0xFE0F,
    // "mango"
    0x006D,0x0061,0x006E,0x0067,0x006F,0xD83E,0xDD6D,
    // "mans_shoe"
    0x006D,0x0061,0x006E,0x0073,0x005F,0x0073,0x0068,0x006F,0x0065,0xD83D,0xDC5E,
    // "mantelpiece_clock"
    0x006D,0x0061,0x006E,0x0074,0x0065,0x006C,0x0070,0x0069,0x0065,0x0063,0x0065,0x005F,0x0063,0x006C,0x006F,0x0063,
    0x006B,0xD83D,0xDD70,0xFE0F,
    // "manual_wheelchair"
    0x006D,0x0061,0x006E,0x0075,0x0061,0x006C,0x005F,0x0077,0x0068,0x0065,0x0065,0x006C,0x0063,0x0068,0x0061,0x0069,
    0x0072,0xD83E,0xDDBD,
    // "maple_leaf"
    0x006D,0x0061,0x0070,0x006C,0x0065,0x005F,0x006C,0x0065,0x0061,0x0066,0xD83C,0xDF41,
    // "maracas"
    0x006D,0x0061,0x0072,0x0061,0x0063,0x0061,0x0073,0xD83E,0xDE87,
    // "martial_arts_uniform"
    0x006D,0x0061,0x0072,0x0074,0x0069,0x0061,0x006C,0x005F,0x0061,0x0072,0x0074,0x0073,0x005F,0x0075,0x006E,0x0069,
    0x0066,0x006F,0x0072,0x006D,0xD83E,0xDD4B,
    // "mask"
    0x006D,0x0061,0x0073,0x006B,0xD83D,0xDE37,
    // "massage"
    0x006D,0x0061,0x0073,0x0073,0x0061,0x0067,0x0065,0xD83D,0xDC86,
    // "mate_drink"
    0x006D,0x0061,0x0074,0x0065,0x005F,0x0064,0x0072,0x0069,0x006E,0x006B,0xD83E,0xDDC9,
    // "meat_on_bone"
    0x006D,0x0065,0x0061,0x0074,0x005F,0x006F,0x006E,0x005F,0x0062,0x006F,0x006E,0x0065,0xD83C,0xDF56,
    // "mechanic"
    0x006D,0x0065,0x0063,0x0068,0x0061,0x006E,0x0069,0x0063,0xD83E,0xDDD1,0x200D,0xD83D,0xDD27,
    // "mechanical_arm"
    0x006D,0x0065,0x0063,0x0068,0x0061,0x006E,0x0069,0x0063,0x0061,0x006C,0x005F,0x0061,0x0072,0x006D,0xD83E,0xDDBE,
    // "mechanical_leg"
    0x006D,0x0065,0x0063,0x0068,0x0061,0x006E,0x0069,0x0063,0x0061,0x006C,0x005F,0x006C,0x0065,0x0067,0xD83E,0xDDBF,
    // "medal"
    0x006D,0x0065,0x0064,0x0061,0x006C,0xD83C,0xDF96,0xFE0F,
    // "medical_symbol"
    0x006D,0x0065,0x0064,0x0069,0x0063,0x0061,0x006C,0x005F,0x0073,0x0079,0x006D,0x0062,0x006F,0x006C,0x2695,0xFE0F,
    // "mega"
    0x006D,0x0065,0x0067,0x0061,0xD83D,0xDCE3,
    // "melon"
    0x006D,0x0065,0x006C,0x006F,0x006E,0xD83C,0xDF48,
    // "melting_face"
    0x006D,0x0065,0x006C,0x0074,0x0069,0x006E,0x0067,0x005F,0x0066,0x0061,0x0063,0x0065,0xD83E,0xDEE0,
    // "memo"
    0x006D,0x0065,0x006D,0x006F,0xD83D,0xDCDD,
    // "men-with-bunny-ears-partying"
    0x006D,0x0065,0x006E,0x002D,0x0077,0x0069,0x0074,0x0068,0x002D,0x0062,0x0075,0x006E,0x006E,0x0079,0x002D,0x0065,
    0x0061,0x0072,0x0073,0x002D,0x0070,0x0061,0x0072,0x0074,0x0079,0x0069,0x006E,0x0067,0xD83D,0xDC6F,0x200D,0x2642,
    0xFE0F,
    // "men_holding_hands"
    0x006D,0x0065,0x006E,0x005F,0x0068,0x006F,0x006C,0x0064,0x0069,0x006E,0x0067,0x005F,0x0068,0x0061,0x006E,0x0064,
    0x0073,0xD83D,0xDC6C,
    // "mending_heart"
    0x006D,0x0065,0x006E,0x0064,0x0069,0x006E,0x0067,0x005F,0x0068,0x0065,0x0061,0x0072,0x0074,0x2764,0xFE0F,0x200D,
    0xD83E,0xDE79,
    // "menorah_with_nine_branches"
    0x006D,0x0065,0x006E,0x006F,0x0072,0x0061,0x0068,0x005F,0x0077,0x0069,0x0074,0x0068,0x005F,0x006E,0x0069,0x006E,
    0x0065,0x005F,0x0062,0x0072,0x0061,0x006E,0x0063,0x0068,0x0065,0x0073,0xD83D,0xDD4E,
    // "mens"
    0x006D,0x0065,0x006E,0x0073,0xD83D,0xDEB9,
    // "mermaid"
    0x006D,0x0065,0x0072,0x006D,0x0061,0x0069,0x0064,0xD83E,0xDDDC,0x200D,0x2640,0xFE0F,
    // "merman"
    0x006D,0x0065,0x0072,0x006D,0x0061,0x006E,0xD83E,0xDDDC,0x200D,0x2642,0xFE0F,
    // "merperson"
    0x006D,0x0065,0x0072,0x0070,0x0065,0x0072,0x0073,0x006F,0x006E,0xD83E,0xDDDC,
    // "metro"
    0x006D,0x0065,0x0074,0x0072,0x006F,0xD83D,0xDE87,
    // "microbe"
    0x006D,0x0069,0x0063,0x0072,0x006F,0x0062,0x0065,0xD83E,0xDDA0,
    // "microphone"
    0x006D,0x0069,0x0063,0x0072,0x006F,0x0070,0x0068,0x006F,0x006E,0x0065,0xD83C,0xDFA4,
    // "microscope"
    0x006D,0x0069,0x0063,0x0072,0x006F,0x0073,0x0063,0x006F,0x0070,0x0065,0xD83D,0xDD2C,
    // "middle_finger"
    0x006D,0x0069,0x0064,0x0064,0x006C,0x0065,0x005F,0x0066,0x0069,0x006E,0x0067,0x0065,0x0072,0xD83D,0xDD95,
    // "military_helmet"
    0x006D,0x0069,0x006C,0x0069,0x0074,0x0061,0x0072,0x0079,0x005F,0x0068,0x0065,0x006C,0x006D,0x0065,0x0074,0xD83E,
    0xDE96,
    // "milky_way"
    0x006D,0x0069,0x006C,0x006B,0x0079,0x005F,0x0077,0x0061,0x0079,0xD83C,0xDF0C,
    // "minibus"
    0x006D,0x0069,0x006E,0x0069,0x0062,0x0075,0x0073,0xD83D,0xDE90,
    // "minidisc"
    0x006D,0x0069,0x006E,0x0069,0x0064,0x0069,0x0073,0x0063,0xD83D,0xDCBD,
    // "mirror"
    0x006D,0x0069,0x0072,0x0072,0x006F,0x0072,0xD83E,0xDE9E,
    // "mirror_ball"
    0x006D,0x0069,0x0072,0x0072,0x006F,0x0072,0x005F,0x0062,0x0061,0x006C,0x006C,0xD83E,0xDEA9,
    // "mobile_phone_off"
    0x006D,0x006F,0x0062,0x0069,0x006C,0x0065,0x005F,0x0070,0x0068,0x006F,0x006E,0x0065,0x005F,0x006F,0x0066,0x0066,
    0xD83D,0xDCF4,
    // "money_mouth_face"
    0x006D,0x006F,0x006E,0x0065,0x0079,0x005F,0x006D,0x006F,0x0075,0x0074,0x0068,0x005F,0x0066,0x0061,0x0063,0x0065,
    0xD83E,0xDD11,
    // "money_with_wings"
    0x006D,0x006F,0x006E,0x0065,0x0079,0x005F,0x0077,0x0069,0x0074,0x0068,0x005F,0x0077,0x0069,0x006E,0x0067,0x0073,
    0xD83D,0xDCB8,
    // "moneybag"
    0x006D,0x006F,0x006E,0x0065,0x0079,0x0062,0x0061,0x0067,0xD83D,0xDCB0,
    // "monkey"
    0x006D,0x006F,0x006E,0x006B,0x0065,0x0079,0xD83D,0xDC12,
    // "monkey_face"
    0x006D,0x006F,0x006E,0x006B,0x0065,0x0079,0x005F,0x0066,0x0061,0x0063,0x0065,0xD83D,0xDC35,
    // "monorail"
    0x006D,0x006F,0x006E,0x006F,0x0072,0x0061,0x0069,0x006C,0xD83D,0xDE9D,
    // "moon"
    0x006D,0x006F,0x006F,0x006E,0xD83C,0xDF14,
    // "moon_cake"
    0x006D,0x006F,0x006F,0x006E,0x005F,0x0063,0x0061,0x006B,0x0065,0xD83E,0xDD6E,
    // "moose"
    0x006D,0x006F,0x006F,0x0073,0x0065,0xD83E,0xDECE,
    // "mortar_board"
    0x006D,0x006F,0x0072,0x0074,0x0061,0x0072,0x005F,0x0062,0x006F,0x0061,0x0072,0x0064,0xD83C,0xDF93,
    // "mosque"
    0x006D,0x006F,0x0073,0x0071,0x0075,0x0065,0xD83D,0xDD4C,
    // "mosquito"
    0x006D,0x006F,0x0073,0x0071,0x0075,0x0069,0x0074,0x006F,0xD83E,0xDD9F,
    // "mostly_sunny"
    0x006D,0x006F,0x0073,0x0074,0x006C,0x0079,0x005F,0x0073,0x0075,0x006E,0x006E,0x0079,0xD83C,0xDF24,0xFE0F,
    // "mother_christmas"
    0x006D,0x006F,0x0074,0x0068,0x0065,0x0072,0x005F,0x0063,0x0068,0x0072,0x0069,0x0073,0x0074,0x006D,0x0061,0x0073,
    0xD83E,0xDD36,
    // "motor_boat"
    0x006D,0x006F,0x0074,0x006F,0x0072,0x005F,0x0062,0x006F,0x0061,0x0074,0xD83D,0xDEE5,0xFE0F,
    // "motor_scooter"
    0x006D,0x006F,0x0074,0x006F,0x0072,0x005F,0x0073,0x0063,0x006F,0x006F,0x0074,0x0065,0x0072,0xD83D,0xDEF5,
    // "motorized_wheelchair"
    0x006D,0x006F,0x0074,0x006F,0x0072,0x0069,0x007A,0x0065,0x0064,0x005F,0x0077,0x0068,0x0065,0x0065,0x006C,0x0063,
    0x0068,0x0061,0x0069,0x0072,0xD83E,0xDDBC,
    // "motorway"
    0x006D,0x006F,0x0074,0x006F,0x0072,0x0077,0x0061,0x0079,0xD83D,0xDEE3,0xFE0F,
    // "mount_fuji"
    0x006D,0x006F,0x0075,0x006E,0x0074,0x005F,0x0066,0x0075,0x006A,0x0069,0xD83D,0xDDFB,
    // "mountain"
    0x006D,0x006F,0x0075,0x006E,0x0074,0x0061,0x0069,0x006E,0x26F0,0xFE0F,
    // "mountain_bicyclist"
    0x006D,0x006F,0x0075,0x006E,0x0074,0x0061,0x0069,0x006E,0x005F,0x0062,0x0069,0x0063,0x0079,0x0063,0x006C,0x0069,
    0x0073,0x0074,0xD83D,0xDEB5,
    // "mountain_cableway"
    0x006D,0x006F,0x0075,0x006E,0x0074,0x0061,0x0069,0x006E,0x005F,0x0063,0x0061,0x0062,0x006C,0x0065,0x0077,0x0061,
    0x0079,0xD83D,0xDEA0,
    // "mountain_railway"
    0x006D,0x006F,0x0075,0x006E,0x0074,0x0061,0x0069,0x006E,0x005F,0x0072,0x0061,0x0069,0x006C,0x0077,0x0061,0x0079,
    0xD83D,0xDE9E,
    // "mouse"
    0x006D,0x006F,0x0075,0x0073,0x0065,0xD83D,0xDC2D,
    // "mouse2"
    0x006D,0x006F,0x0075,0x0073,0x0065,0x0032,0xD83D,0xDC01,
    // "mouse_trap"
    0x006D,0x006F,0x0075,0x0073,0x0065,0x005F,0x0074,0x0072,0x0061,0x0070,0xD83E,0xDEA4,
    // "movie_camera"
    0x006D,0x006F,0x0076,0x0069,0x0065,0x005F,0x0063,0x0061,0x006D,0x0065,0x0072,0x0061,0xD83C,0xDFA5,
    // "moyai"
    0x006D,0x006F,0x0079,0x0061,0x0069,0xD83D,0xDDFF,
    // "mrs_claus"
    0x006D,0x0072,0x0073,0x005F,0x0063,0x006C,0x0061,0x0075,0x0073,0xD83E,0xDD36,
    // "muscle"
    0x006D,0x0075,0x0073,0x0063,0x006C,0x0065,0xD83D,0xDCAA,
    // "mushroom"
    0x006D,0x0075,0x0073,0x0068,0x0072,0x006F,0x006F,0x006D,0xD83C,0xDF44,
    // "musical_keyboard"
    0x006D,0x0075,0x0073,0x0069,0x0063,0x0061,0x006C,0x005F,0x006B,0x0065,0x0079,0x0062,0x006F,0x0061,0x0072,0x0064,
    0xD83C,0xDFB9,
    // "musical_note"
    0x006D,0x0075,0x0073,0x0069,0x0063,0x0061,0x006C,0x005F,0x006E,0x006F,0x0074,0x0065,0xD83C,0xDFB5,
    // "musical_score"
    0x006D,0x0075,0x0073,0x0069,0x0063,0x0061,0x006C,0x005F,0x0073,0x0063,0x006F,0x0072,0x0065,0xD83C,0xDFBC,
    // "mute"
    0x006D,0x0075,0x0074,0x0065,0xD83D,0xDD07,
    // "mx_claus"
    0x006D,0x0078,0x005F,0x0063,0x006C,0x0061,0x0075,0x0073,0xD83E,0xDDD1,0x200D,0xD83C,0xDF84,
    // "nail_care"
    0x006E,0x0061,0x0069,0x006C,0x005F,0x0063,0x0061,0x0072,0x0065,0xD83D,0xDC85,
    // "name_badge"
    0x006E,0x0061,0x006D,0x0065,0x005F,0x0062,0x0061,0x0064,0x0067,0x0065,0xD83D,0xDCDB,
    // "national_park"
    0x006E,0x0061,0x0074,0x0069,0x006F,0x006E,0x0061,0x006C,0x005F,0x0070,0x0061,0x0072,0x006B,0xD83C,0xDFDE,0xFE0F,
    // "nauseated_face"
    0x006E,0x0061,0x0075,0x0073,0x0065,0x0061,0x0074,0x0065,0x0064,0x005F,0x0066,0x0061,0x0063,0x0065,0xD83E,0xDD22,
    // "nazar_amulet"
    0x006E,0x0061,0x007A,0x0061,0x0072,0x005F,0x0061,0x006D,0x0075,0x006C,0x0065,0x0074,0xD83E,0xDDFF,
    // "necktie"
    0x006E,0x0065,0x0063,0x006B,0x0074,0x0069,0x0065,0xD83D,0xDC54,
    // "negative_squared_cross_mark"
    0x006E,0x0065,0x0067,0x0061,0x0074,0x0069,0x0076,0x0065,0x005F,0x0073,0x0071,0x0075,0x0061,0x0072,0x0065,0x0064,
    0x005F,0x0063,0x0072,0x006F,0x0073,0x0073,0x005F,0x006D,0x0061,0x0072,0x006B,0x274E,
    // "nerd_face"
    0x006E,0x0065,0x0072,0x0064,0x005F,0x0066,0x0061,0x0063,0x0065,0xD83E,0xDD13,
    // "nest_with_eggs"
    0x006E,0x0065,0x0073,0x0074,0x005F,0x0077,0x0069,0x0074,0x0068,0x005F,0x0065,0x0067,0x0067,0x0073,0xD83E,0xDEBA,
    // "nesting_dolls"
    0x006E,0x0065,0x0073,0x0074,0x0069,0x006E,0x0067,0x005F,0x0064,0x006F,0x006C,0x006C,0x0073,0xD83E,0xDE86,
    // "neutral_face"
    0x006E,0x0065,0x0075,0x0074,0x0072,0x0061,0x006C,0x005F,0x0066,0x0061,0x0063,0x0065,0xD83D,0xDE10,
    // "new"
    0x006E,0x0065,0x0077,0xD83C,0xDD95,
    // "new_moon"
    0x006E,0x0065,0x0077,0x005F,0x006D,0x006F,0x006F,0x006E,0xD83C,0xDF11,
    // "new_moon_with_face"
    0x006E,0x0065,0x0077,0x005F,0x006D,0x006F,0x006F,0x006E,0x005F,0x0077,0x0069,0x0074,0x0068,0x005F,0x0066,0x0061,
    0x0063,0x0065,0xD83C,0xDF1A,
    // "newspaper"
    0x006E,0x0065,0x0077,0x0073,0x0070,0x0061,0x0070,0x0065,0x0072,0xD83D,0xDCF0,
    // "ng"
    0x006E,0x0067,0xD83C,0xDD96,
    // "night_with_stars"
    0x006E,0x0069,0x0067,0x0068,0x0074,0x005F,0x0077,0x0069,0x0074,0x0068,0x005F,0x0073,0x0074,0x0061,0x0072,0x0073,
    0xD83C,0xDF03,
    // "nine"
    0x006E,0x0069,0x006E,0x0065,0x0039,0xFE0F,0x20E3,
    // "ninja"
    0x006E,0x0069,0x006E,0x006A,0x0061,0xD83E,0xDD77,
    // "no_bell"
    0x006E,0x006F,0x005F,0x0062,0x0065,0x006C,0x006C,0xD83D,0xDD15,
    // "no_bicycles"
    0x006E,0x006F,0x005F,0x0062,0x0069,0x0063,0x0079,0x0063,0x006C,0x0065,0x0073,0xD83D,0xDEB3,
    // "no_entry"
    0x006E,0x006F,0x005F,0x0065,0x006E,0x0074,0x0072,0x0079,0x26D4,
    // "no_entry_sign"
    0x006E,0x006F,0x005F,0x0065,0x006E,0x0074,0x0072,0x0079,0x005F,0x0073,0x0069,0x0067,0x006E,0xD83D,0xDEAB,
    // "no_good"
    0x006E,0x006F,0x005F,0x0067,0x006F,0x006F,0x0064,0xD83D,0xDE45,
    // "no_mobile_phones"
    0x006E,0x006F,0x005F,0x006D,0x006F,0x0062,0x0069,0x006C,0x0065,0x005F,0x0070,0x0068,0x006F,0x006E,0x0065,0x0073,
    0xD83D,0xDCF5,
    // "no_mouth"
    0x006E,0x006F,0x005F,0x006D,0x006F,0x0075,0x0074,0x0068,0xD83D,0xDE36,
    // "no_pedestrians"
    0x006E,0x006F,0x005F,0x0070,0x0065,0x0064,0x0065,0x0073,0x0074,0x0072,0x0069,0x0061,0x006E,0x0073,0xD83D,0xDEB7,
    // "no_smoking"
    0x006E,0x006F,0x005F,0x0073,0x006D,0x006F,0x006B,0x0069,0x006E,0x0067,0xD83D,0xDEAD,
    // "non-potable_water"
    0x006E,0x006F,0x006E,0x002D,0x0070,0x006F,0x0074,0x0061,0x0062,0x006C,0x0065,0x005F,0x0077,0x0061,0x0074,0x0065,
    0x0072,0xD83D,0xDEB1,
    // "nose"
    0x006E,0x006F,0x0073,0x0065,0xD83D,0xDC43,
    // "notebook"
    0x006E,0x006F,0x0074,0x0065,0x0062,0x006F,0x006F,0x006B,0xD83D,0xDCD3,
    // "notebook_with_decorative_cover"
    0x006E,0x006F,0x0074,0x0065,0x0062,0x006F,0x006F,0x006B,0x005F,0x0077,0x0069,0x0074,0x0068,0x005F,0x0064,0x0065,
    0x0063,0x006F,0x0072,0x0061,0x0074,0x0069,0x0076,0x0065,0x005F,0x0063,0x006F,0x0076,0x0065,0x0072,0xD83D,0xDCD4,
    // "notes"
    0x006E,0x006F,0x0074,0x0065,0x0073,0xD83C,0xDFB6,
    // "nut_and_bolt"
    0x006E,0x0075,0x0074,0x005F,0x0061,0x006E,0x0064,0x005F,0x0062,0x006F,0x006C,0x0074,0xD83D,0xDD29,
    // "o"
    0x006F,0x2B55,
    // "o2"
    0x006F,0x0032,0xD83C,0xDD7E,0xFE0F,
    // "ocean"
    0x006F,0x0063,0x0065,0x0061,0x006E,0xD83C,0xDF0A,
    // "octagonal_sign"
    0x006F,0x0063,0x0074,0x0061,0x0067,0x006F,0x006E,0x0061,0x006C,0x005F,0x0073,0x0069,0x0067,0x006E,0xD83D,0xDED1,
    // "octopus"
    0x006F,0x0063,0x0074,0x006F,0x0070,0x0075,0x0073,0xD83D,0xDC19,
    // "oden"
    0x006F,0x0064,0x0065,0x006E,0xD83C,0xDF62,
    // "office"
    0x006F,0x0066,0x0066,0x0069,0x0063,0x0065,0xD83C,0xDFE2,
    // "office_worker"
    0x006F,0x0066,0x0066,0x0069,0x0063,0x0065,0x005F,0x0077,0x006F,0x0072,0x006B,0x0065,0x0072,0xD83E,0xDDD1,0x200D,
    0xD83D,0xDCBC,
    // "oil_drum"
    0x006F,0x0069,0x006C,0x005F,0x0064,0x0072,0x0075,0x006D,0xD83D,0xDEE2,0xFE0F,
    // "ok"
    0x006F,0x006B,0xD83C,0xDD97,
    // "ok_hand"
    0x006F,0x006B,0x005F,0x0068,0x0061,0x006E,0x0064,0xD83D,0xDC4C,
    // "ok_woman"
    0x006F,0x006B,0x005F,0x0077,0x006F,0x006D,0x0061,0x006E,0xD83D,0xDE46,
    // "old_key"
    0x006F,0x006C,0x0064,0x005F,0x006B,0x0065,0x0079,0xD83D,0xDDDD,0xFE0F,
    // "older_adult"
    0x006F,0x006C,0x0064,0x0065,0x0072,0x005F,0x0061,0x0064,0x0075,0x006C,0x0074,0xD83E,0xDDD3,
    // "older_man"
    0x006F,0x006C,0x0064,0x0065,0x0072,0x005F,0x006D,0x0061,0x006E,0xD83D,0xDC74,
    // "older_woman"
    0x006F,0x006C,0x0064,0x0065,0x0072,0x005F,0x0077,0x006F,0x006D,0x0061,0x006E,0xD83D,0xDC75,
    // "olive"
    0x006F,0x006C,0x0069,0x0076,0x0065,0xD83E,0xDED2,
    // "om_symbol"
    0x006F,0x006D,0x005F,0x0073,0x0079,0x006D,0x0062,0x006F,0x006C,0xD83D,0xDD49,0xFE0F,
    // "on"
    0x006F,0x006E,0xD83D,0xDD1B,
    // "oncoming_automobile"
    0x006F,0x006E,0x0063,0x006F,0x006D,0x0069,0x006E,0x0067,0x005F,0x0061,0x0075,0x0074,0x006F,0x006D,0x006F,0x0062,
    0x0069,0x006C,0x0065,0xD83D,0xDE98,
    // "oncoming_bus"
    0x006F,0x006E,0x0063,0x006F,0x006D,0x0069,0x006E,0x0067,0x005F,0x0062,0x0075,0x0073,0xD83D,0xDE8D,
    // "oncoming_police_car"
    0x006F,0x006E,0x0063,0x006F,0x006D,0x0069,0x006E,0x0067,0x005F,0x0070,0x006F,0x006C,0x0069,0x0063,0x0065,0x005F,
    0x0063,0x0061,0x0072,0xD83D,0xDE94,
    // "oncoming_taxi"
    0x006F,0x006E,0x0063,0x006F,0x006D,0x0069,0x006E,0x0067,0x005F,0x0074,0x0061,0x0078,0x0069,0xD83D,0xDE96,
    // "one"
    0x006F,0x006E,0x0065,0x0031,0xFE0F,0x20E3,
    // "one-piece_swimsuit"
    0x006F,0x006E,0x0065,0x002D,0x0070,0x0069,0x0065,0x0063,0x0065,0x005F,0x0073,0x0077,0x0069,0x006D,0x0073,0x0075,
    0x0069,0x0074,0xD83E,0xDE71,
    // "onion"
    0x006F,0x006E,0x0069,0x006F,0x006E,0xD83E,0xDDC5,
    // "open_book"
    0x006F,0x0070,0x0065,0x006E,0x005F,0x0062,0x006F,0x006F,0x006B,0xD83D,0xDCD6,
    // "open_file_folder"
    0x006F,0x0070,0x0065,0x006E,0x005F,0x0066,0x0069,0x006C,0x0065,0x005F,0x0066,0x006F,0x006C,0x0064,0x0065,0x0072,
    0xD83D,0xDCC2,
    // "open_hands"
    0x006F,0x0070,0x0065,0x006E,0x005F,0x0068,0x0061,0x006E,0x0064,0x0073,0xD83D,0xDC50,
    // "open_mouth"
    0x006F,0x0070,0x0065,0x006E,0x005F,0x006D,0x006F,0x0075,0x0074,0x0068,0xD83D,0xDE2E,
    // "ophiuchus"
    0x006F,0x0070,0x0068,0x0069,0x0075,0x0063,0x0068,0x0075,0x0073,0x26CE,
    // "orange_book"
    0x006F,0x0072,0x0061,0x006E,0x0067,0x0065,0x005F,0x0062,0x006F,0x006F,0x006B,0xD83D,0xDCD9,
    // "orange_heart"
    0x006F,0x0072,0x0061,0x006E,0x0067,0x0065,0x005F,0x0068,0x0065,0x0061,0x0072,0x0074,0xD83E,0xDDE1,
    // "orangutan"
    0x006F,0x0072,0x0061,0x006E,0x0067,0x0075,0x0074,0x0061,0x006E,0xD83E,0xDDA7,
    // "orthodox_cross"
    0x006F,0x0072,0x0074,0x0068,0x006F,0x0064,0x006F,0x0078,0x005F,0x0063,0x0072,0x006F,0x0073,0x0073,0x2626,0xFE0F,
    // "otter"
    0x006F,0x0074,0x0074,0x0065,0x0072,0xD83E,0xDDA6,
    // "outbox_tray"
    0x006F,0x0075,0x0074,0x0062,0x006F,0x0078,0x005F,0x0074,0x0072,0x0061,0x0079,0xD83D,0xDCE4,
    // "owl"
    0x006F,0x0077,0x006C,0xD83E,0xDD89,
    // "ox"
    0x006F,0x0078,0xD83D,0xDC02,
    // "oyster"
    0x006F,0x0079,0x0073,0x0074,0x0065,0x0072,0xD83E,0xDDAA,
    // "package"
    0x0070,0x0061,0x0063,0x006B,0x0061,0x0067,0x0065,0xD83D,0xDCE6,
    // "page_facing_up"
    0x0070,0x0061,0x0067,0x0065,0x005F,0x0066,0x0061,0x0063,0x0069,0x006E,0x0067,0x005F,0x0075,0x0070,0xD83D,0xDCC4,
    // "page_with_curl"
    0x0070,0x0061,0x0067,0x0065,0x005F,0x0077,0x0069,0x0074,0x0068,0x005F,0x0063,0x0075,0x0072,0x006C,0xD83D,0xDCC3,
    // "pager"
    0x0070,0x0061,0x0067,0x0065,0x0072,0xD83D,0xDCDF,
    // "palm_down_hand"
    0x0070,0x0061,0x006C,0x006D,0x005F,0x0064,0x006F,0x0077,0x006E,0x005F,0x0068,0x0061,0x006E,0x0064,0xD83E,0xDEF3,
    // "palm_tree"
    0x0070,0x0061,0x006C,0x006D,0x005F,0x0074,0x0072,0x0065,0x0065,0xD83C,0xDF34,
    // "palm_up_hand"
    0x0070,0x0061,0x006C,0x006D,0x005F,0x0075,0x0070,0x005F,0x0068,0x0061,0x006E,0x0064,0xD83E,0xDEF4,
    // "palms_up_together"
    0x0070,0x0061,0x006C,0x006D,0x0073,0x005F,0x0075,0x0070,0x005F,0x0074,0x006F,0x0067,0x0065,0x0074,0x0068,0x0065,
    0x0072,0xD83E,0xDD32,
    // "pancakes"
    0x0070,0x0061,0x006E,0x0063,0x0061,0x006B,0x0065,0x0073,0xD83E,0xDD5E,
    // "panda_face"
    0x0070,0x0061,0x006E,0x0064,0x0061,0x005F,0x0066,0x0061,0x0063,0x0065,0xD83D,0xDC3C,
    // "paperclip"
    0x0070,0x0061,0x0070,0x0065,0x0072,0x0063,0x006C,0x0069,0x0070,0xD83D,0xDCCE,
    // "parachute"
    0x0070,0x0061,0x0072,0x0061,0x0063,0x0068,0x0075,0x0074,0x0065,0xD83E,0xDE82,
    // "parking"
    0x0070,0x0061,0x0072,0x006B,0x0069,0x006E,0x0067,0xD83C,0xDD7F,0xFE0F,
    // "parrot"
    0x0070,0x0061,0x0072,0x0072,0x006F,0x0074,0xD83E,0xDD9C,
    // "part_alternation_mark"
    0x0070,0x0061,0x0072,0x0074,0x005F,0x0061,0x006C,0x0074,0x0065,0x0072,0x006E,0x0061,0x0074,0x0069,0x006F,0x006E,
    0x005F,0x006D,0x0061,0x0072,0x006B,0x303D,0xFE0F,
    // "partly_sunny"
    0x0070,0x0061,0x0072,0x0074,0x006C,0x0079,0x005F,0x0073,0x0075,0x006E,0x006E,0x0079,0x26C5,
    // "partly_sunny_rain"
    0x0070,0x0061,0x0072,0x0074,0x006C,0x0079,0x005F,0x0073,0x0075,0x006E,0x006E,0x0079,0x005F,0x0072,0x0061,0x0069,
    0x006E,0xD83C,0xDF26,0xFE0F,
    // "partying_face"
    0x0070,0x0061,0x0072,0x0074,0x0079,0x0069,0x006E,0x0067,0x005F,0x0066,0x0061,0x0063,0x0065,0xD83E,0xDD73,
    // "passenger_ship"
    0x0070,0x0061,0x0073,0x0073,0x0065,0x006E,0x0067,0x0065,0x0072,0x005F,0x0073,0x0068,0x0069,0x0070,0xD83D,0xDEF3,
    0xFE0F,
    // "passport_control"
    0x0070,0x0061,0x0073,0x0073,0x0070,0x006F,0x0072,0x0074,0x005F,0x0063,0x006F,0x006E,0x0074,0x0072,0x006F,0x006C,
    0xD83D,0xDEC2,
    // "paw_prints"
    0x0070,0x0061,0x0077,0x005F,0x0070,0x0072,0x0069,0x006E,0x0074,0x0073,0xD83D,0xDC3E,
    // "pea_pod"
    0x0070,0x0065,0x0061,0x005F,0x0070,0x006F,0x0064,0xD83E,0xDEDB,
    // "peace_symbol"
    0x0070,0x0065,0x0061,0x0063,0x0065,0x005F,0x0073,0x0079,0x006D,0x0062,0x006F,0x006C,0x262E,0xFE0F,
    // "peach"
    0x0070,0x0065,0x0061,0x0063,0x0068,0xD83C,0xDF51,
    // "peacock"
    0x0070,0x0065,0x0061,0x0063,0x006F,0x0063,0x006B,0xD83E,0xDD9A,
    // "peanuts"
    0x0070,0x0065,0x0061,0x006E,0x0075,0x0074,0x0073,0xD83E,0xDD5C,
    // "pear"
    0x0070,0x0065,0x0061,0x0072,0xD83C,0xDF50,
    // "pencil"
    0x0070,0x0065,0x006E,0x0063,0x0069,0x006C,0xD83D,0xDCDD,
    // "pencil2"
    0x0070,0x0065,0x006E,0x0063,0x0069,0x006C,0x0032,0x270F,0xFE0F,
    // "penguin"
    0x0070,0x0065,0x006E,0x0067,0x0075,0x0069,0x006E,0xD83D,0xDC27,
    // "pensive"
    0x0070,0x0065,0x006E,0x0073,0x0069,0x0076,0x0065,0xD83D,0xDE14,
    // "people_holding_hands"
    0x0070,0x0065,0x006F,0x0070,0x006C,0x0065,0x005F,0x0068,0x006F,0x006C,0x0064,0x0069,0x006E,0x0067,0x005F,0x0068,
    0x0061,0x006E,0x0064,0x0073,0xD83E,0xDDD1,0x200D,0xD83E,0xDD1D,0x200D,0xD83E,0xDDD1,
    // "people_hugging"
    0x0070,0x0065,0x006F,0x0070,0x006C,0x0065,0x005F,0x0068,0x0075,0x0067,0x0067,0x0069,0x006E,0x0067,0xD83E,0xDEC2,
    // "performing_arts"
    0x0070,0x0065,0x0072,0x0066,0x006F,0x0072,0x006D,0x0069,0x006E,0x0067,0x005F,0x0061,0x0072,0x0074,0x0073,0xD83C,
    0xDFAD,
    // "persevere"
    0x0070,0x0065,0x0072,0x0073,0x0065,0x0076,0x0065,0x0072,0x0065,0xD83D,0xDE23,
    // "person_climbing"
    0x0070,0x0065,0x0072,0x0073,0x006F,0x006E,0x005F,0x0063,0x006C,0x0069,0x006D,0x0062,0x0069,0x006E,0x0067,0xD83E,
    0xDDD7,
    // "person_doing_cartwheel"
    0x0070,0x0065,0x0072,0x0073,0x006F,0x006E,0x005F,0x0064,0x006F,0x0069,0x006E,0x0067,0x005F,0x0063,0x0061,0x0072,
    0x0074,0x0077,0x0068,0x0065,0x0065,0x006C,0xD83E,0xDD38,
    // "person_feeding_baby"
    0x0070,0x0065,0x0072,0x0073,0x006F,0x006E,0x005F,0x0066,0x0065,0x0065,0x0064,0x0069,0x006E,0x0067,0x005F,0x0062,
    0x0061,0x0062,0x0079,0xD83E,0xDDD1,0x200D,0xD83C,0xDF7C,
    // "person_frowning"
    0x0070,0x0065,0x0072,0x0073,0x006F,0x006E,0x005F,0x0066,0x0072,0x006F,0x0077,0x006E,0x0069,0x006E,0x0067,0xD83D,
    0xDE4D,
    // "person_in_lotus_position"
    0x0070,0x0065,0x0072,0x0073,0x006F,0x006E,0x005F,0x0069,0x006E,0x005F,0x006C,0x006F,0x0074,0x0075,0x0073,0x005F,
    0x0070,0x006F,0x0073,0x0069,0x0074,0x0069,0x006F,0x006E,0xD83E,0xDDD8,
    // "person_in_manual_wheelchair"
    0x0070,0x0065,0x0072,0x0073,0x006F,0x006E,0x005F,0x0069,0x006E,0x005F,0x006D,0x0061,0x006E,0x0075,0x0061,0x006C,
    0x005F,0x0077,0x0068,0x0065,0x0065,0x006C,0x0063,0x0068,0x0061,0x0069,0x0072,0xD83E,0xDDD1,0x200D,0xD83E,0xDDBD,
    // "person_in_manual_wheelchair_facing_right"
    0x0070,0x0065,0x0072,0x0073,0x006F,0x006E,0x005F,0x0069,0x006E,0x005F,0x006D,0x0061,0x006E,0x0075,0x0061,0x006C,
    0x005F,0x0077,0x0068,0x0065,0x0065,0x006C,0x0063,0x0068,0x0061,0x0069,0x0072,0x005F,0x0066,0x0061,0x0063,0x0069,
    0x006E,0x0067,0x005F,0x0072,0x0069,0x0067,0x0068,0x0074,0xD83E,0xDDD1,0x200D,0xD83E,0xDDBD,0x200D,0x27A1,0xFE0F,
    // "person_in_motorized_wheelchair"
    0x0070,0x0065,0x0072,0x0073,0x006F,0x006E,0x005F,0x0069,0x006E,0x005F,0x006D,0x006F,0x0074,0x006F,0x0072,0x0069,
    0x007A,0x0065,0x0064,0x005F,0x0077,0x0068,0x0065,0x0065,0x006C,0x0063,0x0068,0x0061,0x0069,0x0072,0xD83E,0xDDD1,
    0x200D,0xD83E,0xDDBC,
    // "person_in_motorized_wheelchair_facing_right"
    0x0070,0x0065,0x0072,0x0073,0x006F,0x006E,0x005F,0x0069,0x006E,0x005F,0x006D,0x006F,0x0074,0x006F,0x0072,0x0069,
    0x007A,0x0065,0x0064,0x005F,0x0077,0x0068,0x0065,0x0065,0x006C,0x0063,0x0068,0x0061,0x0069,0x0072,0x005F,0x0066,
    0x0061,0x0063,0x0069,0x006E,0x0067,0x005F,0x0072,0x0069,0x0067,0x0068,0x0074,0xD83E,0xDDD1,0x200D,0xD83E,0xDDBC,
    0x200D,0x27A1,0xFE0F,
    // "person_in_steamy_room"
    0x0070,0x0065,0x0072,0x0073,0x006F,0x006E,0x005F,0x0069,0x006E,0x005F,0x0073,0x0074,0x0065,0x0061,0x006D,0x0079,
    0x005F,0x0072,0x006F,0x006F,0x006D,0xD83E,0xDDD6,
    // "person_in_tuxedo"
    0x0070,0x0065,0x0072,0x0073,0x006F,0x006E,0x005F,0x0069,0x006E,0x005F,0x0074,0x0075,0x0078,0x0065,0x0064,0x006F,
    0xD83E,0xDD35,
    // "person_kneeling_facing_right"
    0x0070,0x0065,0x0072,0x0073,0x006F,0x006E,0x005F,0x006B,0x006E,0x0065,0x0065,0x006C,0x0069,0x006E,0x0067,0x005F,
    0x0066,0x0061,0x0063,0x0069,0x006E,0x0067,0x005F,0x0072,0x0069,0x0067,0x0068,0x0074,0xD83E,0xDDCE,0x200D,0x27A1,
    0xFE0F,
    // "person_running_facing_right"
    0x0070,0x0065,0x0072,0x0073,0x006F,0x006E,0x005F,0x0072,0x0075,0x006E,0x006E,0x0069,0x006E,0x0067,0x005F,0x0066,
    0x0061,0x0063,0x0069,0x006E,0x0067,0x005F,0x0072,0x0069,0x0067,0x0068,0x0074,0xD83C,0xDFC3,0x200D,0x27A1,0xFE0F,
    // "person_walking_facing_right"
    0x0070,0x0065,0x0072,0x0073,0x006F,0x006E,0x005F,0x0077,0x0061,0x006C,0x006B,0x0069,0x006E,0x0067,0x005F,0x0066,
    0x0061,0x0063,0x0069,0x006E,0x0067,0x005F,0x0072,0x0069,0x0067,0x0068,0x0074,0xD83D,0xDEB6,0x200D,0x27A1,0xFE0F,
    // "person_with_ball"
    0x0070,0x0065,0x0072,0x0073,0x006F,0x006E,0x005F,0x0077,0x0069,0x0074,0x0068,0x005F,0x0062,0x0061,0x006C,0x006C,
    0x26F9,0xFE0F,
    // "person_with_blond_hair"
    0x0070,0x0065,0x0072,0x0073,0x006F,0x006E,0x005F,0x0077,0x0069,0x0074,0x0068,0x005F,0x0062,0x006C,0x006F,0x006E,
    0x0064,0x005F,0x0068,0x0061,0x0069,0x0072,0xD83D,0xDC71,
    // "person_with_crown"
    0x0070,0x0065,0x0072,0x0073,0x006F,0x006E,0x005F,0x0077,0x0069,0x0074,0x0068,0x005F,0x0063,0x0072,0x006F,0x0077,
    0x006E,0xD83E,0xDEC5,
    // "person_with_headscarf"
    0x0070,0x0065,0x0072,0x0073,0x006F,0x006E,0x005F,0x0077,0x0069,0x0074,0x0068,0x005F,0x0068,0x0065,0x0061,0x0064,
    0x0073,0x0063,0x0061,0x0072,0x0066,0xD83E,0xDDD5,
    // "person_with_pouting_face"
    0x0070,0x0065,0x0072,0x0073,0x006F,0x006E,0x005F,0x0077,0x0069,0x0074,0x0068,0x005F,0x0070,0x006F,0x0075,0x0074,
    0x0069,0x006E,0x0067,0x005F,0x0066,0x0061,0x0063,0x0065,0xD83D,0xDE4E,
    // "person_with_probing_cane"
    0x0070,0x0065,0x0072,0x0073,0x006F,0x006E,0x005F,0x0077,0x0069,0x0074,0x0068,0x005F,0x0070,0x0072,0x006F,0x0062,
    0x0069,0x006E,0x0067,0x005F,0x0063,0x0061,0x006E,0x0065,0xD83E,0xDDD1,0x200D,0xD83E,0xDDAF,
    // "person_with_white_cane_facing_right"
    0x0070,0x0065,0x0072,0x0073,0x006F,0x006E,0x005F,0x0077,0x0069,0x0074,0x0068,0x005F,0x0077,0x0068,0x0069,0x0074,
    0x0065,0x005F,0x0063,0x0061,0x006E,0x0065,0x005F,0x0066,0x0061,0x0063,0x0069,0x006E,0x0067,0x005F,0x0072,0x0069,
    0x0067,0x0068,0x0074,0xD83E,0xDDD1,0x200D,0xD83E,0xDDAF,0x200D,0x27A1,0xFE0F,
    // "petri_dish"
    0x0070,0x0065,0x0074,0x0072,0x0069,0x005F,0x0064,0x0069,0x0073,0x0068,0xD83E,0xDDEB,
    // "phoenix"
    0x0070,0x0068,0x006F,0x0065,0x006E,0x0069,0x0078,0xD83D,0xDC26,0x200D,0xD83D,0xDD25,
    // "phone"
    0x0070,0x0068,0x006F,0x006E,0x0065,0x260E,0xFE0F,
    // "pick"
    0x0070,0x0069,0x0063,0x006B,0x26CF,0xFE0F,
    // "pickup_truck"
    0x0070,0x0069,0x0063,0x006B,0x0075,0x0070,0x005F,0x0074,0x0072,0x0075,0x0063,0x006B,0xD83D,0xDEFB,
    // "pie"
    0x0070,0x0069,0x0065,0xD83E,0xDD67,
    // "pig"
    0x0070,0x0069,0x0067,0xD83D,0xDC37,
    // "pig2"
    0x0070,0x0069,0x0067,0x0032,0xD83D,0xDC16,
    // "pig_nose"
    0x0070,0x0069,0x0067,0x005F,0x006E,0x006F,0x0073,0x0065,0xD83D,0xDC3D,
    // "pill"
    0x0070,0x0069,0x006C,0x006C,0xD83D,0xDC8A,
    // "pilot"
    0x0070,0x0069,0x006C,0x006F,0x0074,0xD83E,0xDDD1,0x200D,0x2708,0xFE0F,
    // "pinata"
    0x0070,0x0069,0x006E,0x0061,0x0074,0x0061,0xD83E,0xDE85,
    // "pinched_fingers"
    0x0070,0x0069,0x006E,0x0063,0x0068,0x0065,0x0064,0x005F,0x0066,0x0069,0x006E,0x0067,0x0065,0x0072,0x0073,0xD83E,
    0xDD0C,
    // "pinching_hand"
    0x0070,0x0069,0x006E,0x0063,0x0068,0x0069,0x006E,0x0067,0x005F,0x0068,0x0061,0x006E,0x0064,0xD83E,0xDD0F,
    // "pineapple"
    0x0070,0x0069,0x006E,0x0065,0x0061,0x0070,0x0070,0x006C,0x0065,0xD83C,0xDF4D,
    // "pink_heart"
    0x0070,0x0069,0x006E,0x006B,0x005F,0x0068,0x0065,0x0061,0x0072,0x0074,0xD83E,0xDE77,
    // "pirate_flag"
    0x0070,0x0069,0x0072,0x0061,0x0074,0x0065,0x005F,0x0066,0x006C,0x0061,0x0067,0xD83C,0xDFF4,0x200D,0x2620,0xFE0F,
    // "pisces"
    0x0070,0x0069,0x0073,0x0063,0x0065,0x0073,0x2653,
    // "pizza"
    0x0070,0x0069,0x007A,0x007A,0x0061,0xD83C,0xDF55,
    // "placard"
    0x0070,0x006C,0x0061,0x0063,0x0061,0x0072,0x0064,0xD83E,0xDEA7,
    // "place_of_worship"
    0x0070,0x006C,0x0061,0x0063,0x0065,0x005F,0x006F,0x0066,0x005F,0x0077,0x006F,0x0072,0x0073,0x0068,0x0069,0x0070,
    0xD83D,0xDED0,
    // "playground_slide"
    0x0070,0x006C,0x0061,0x0079,0x0067,0x0072,0x006F,0x0075,0x006E,0x0064,0x005F,0x0073,0x006C,0x0069,0x0064,0x0065,
    0xD83D,0xDEDD,
    // "pleading_face"
    0x0070,0x006C,0x0065,0x0061,0x0064,0x0069,0x006E,0x0067,0x005F,0x0066,0x0061,0x0063,0x0065,0xD83E,0xDD7A,
    // "plunger"
    0x0070,0x006C,0x0075,0x006E,0x0067,0x0065,0x0072,0xD83E,0xDEA0,
    // "point_down"
    0x0070,0x006F,0x0069,0x006E,0x0074,0x005F,0x0064,0x006F,0x0077,0x006E,0xD83D,0xDC47,
    // "point_left"
    0x0070,0x006F,0x0069,0x006E,0x0074,0x005F,0x006C,0x0065,0x0066,0x0074,0xD83D,0xDC48,
    // "point_right"
    0x0070,0x006F,0x0069,0x006E,0x0074,0x005F,0x0072,0x0069,0x0067,0x0068,0x0074,0xD83D,0xDC49,
    // "point_up"
    0x0070,0x006F,0x0069,0x006E,0x0074,0x005F,0x0075,0x0070,0x261D,0xFE0F,
    // "point_up_2"
    0x0070,0x006F,0x0069,0x006E,0x0074,0x005F,0x0075,0x0070,0x005F,0x0032,0xD83D,0xDC46,
    // "polar_bear"
    0x0070,0x006F,0x006C,0x0061,0x0072,0x005F,0x0062,0x0065,0x0061,0x0072,0xD83D,0xDC3B,0x200D,0x2744,0xFE0F,
    // "police_car"
    0x0070,0x006F,0x006C,0x0069,0x0063,0x0065,0x005F,0x0063,0x0061,0x0072,0xD83D,0xDE93,
    // "poodle"
    0x0070,0x006F,0x006F,0x0064,0x006C,0x0065,0xD83D,0xDC29,
    // "poop"
    0x0070,0x006F,0x006F,0x0070,0xD83D,0xDCA9,
    // "popcorn"
    0x0070,0x006F,0x0070,0x0063,0x006F,0x0072,0x006E,0xD83C,0xDF7F,
    // "post_office"
    0x0070,0x006F,0x0073,0x0074,0x005F,0x006F,0x0066,0x0066,0x0069,0x0063,0x0065,0xD83C,0xDFE3,
    // "postal_horn"
    0x0070,0x006F,0x0073,0x0074,0x0061,0x006C,0x005F,0x0068,0x006F,0x0072,0x006E,0xD83D,0xDCEF,
    // "postbox"
    0x0070,0x006F,0x0073,0x0074,0x0062,0x006F,0x0078,0xD83D,0xDCEE,
    // "potable_water"
    0x0070,0x006F,0x0074,0x0061,0x0062,0x006C,0x0065,0x005F,0x0077,0x0061,0x0074,0x0065,0x0072,0xD83D,0xDEB0,
    // "potato"
    0x0070,0x006F,0x0074,0x0061,0x0074,0x006F,0xD83E,0xDD54,
    // "potted_plant"
    0x0070,0x006F,0x0074,0x0074,0x0065,0x0064,0x005F,0x0070,0x006C,0x0061,0x006E,0x0074,0xD83E,0xDEB4,
    // "pouch"
    0x0070,0x006F,0x0075,0x0063,0x0068,0xD83D,0xDC5D,
    // "poultry_leg"
    0x0070,0x006F,0x0075,0x006C,0x0074,0x0072,0x0079,0x005F,0x006C,0x0065,0x0067,0xD83C,0xDF57,
    // "pound"
    0x0070,0x006F,0x0075,0x006E,0x0064,0xD83D,0xDCB7,
    // "pouring_liquid"
    0x0070,0x006F,0x0075,0x0072,0x0069,0x006E,0x0067,0x005F,0x006C,0x0069,0x0071,0x0075,0x0069,0x0064,0xD83E,0xDED7,
    // "pouting_cat"
    0x0070,0x006F,0x0075,0x0074,0x0069,0x006E,0x0067,0x005F,0x0063,0x0061,0x0074,0xD83D,0xDE3E,
    // "pray"
    0x0070,0x0072,0x0061,0x0079,0xD83D,0xDE4F,
    // "prayer_beads"
    0x0070,0x0072,0x0061,0x0079,0x0065,0x0072,0x005F,0x0062,0x0065,0x0061,0x0064,0x0073,0xD83D,0xDCFF,
    // "pregnant_man"
    0x0070,0x0072,0x0065,0x0067,0x006E,0x0061,0x006E,0x0074,0x005F,0x006D,0x0061,0x006E,0xD83E,0xDEC3,
    // "pregnant_person"
    0x0070,0x0072,0x0065,0x0067,0x006E,0x0061,0x006E,0x0074,0x005F,0x0070,0x0065,0x0072,0x0073,0x006F,0x006E,0xD83E,
    0xDEC4,
    // "pregnant_woman"
    0x0070,0x0072,0x0065,0x0067,0x006E,0x0061,0x006E,0x0074,0x005F,0x0077,0x006F,0x006D,0x0061,0x006E,0xD83E,0xDD30,
    // "pretzel"
    0x0070,0x0072,0x0065,0x0074,0x007A,0x0065,0x006C,0xD83E,0xDD68,
    // "prince"
    0x0070,0x0072,0x0069,0x006E,0x0063,0x0065,0xD83E,0xDD34,
    // "princess"
    0x0070,0x0072,0x0069,0x006E,0x0063,0x0065,0x0073,0x0073,0xD83D,0xDC78,
    // "printer"
    0x0070,0x0072,0x0069,0x006E,0x0074,0x0065,0x0072,0xD83D,0xDDA8,0xFE0F,
    // "probing_cane"
    0x0070,0x0072,0x006F,0x0062,0x0069,0x006E,0x0067,0x005F,0x0063,0x0061,0x006E,0x0065,0xD83E,0xDDAF,
    // "punch"
    0x0070,0x0075,0x006E,0x0063,0x0068,0xD83D,0xDC4A,
    // "purple_heart"
    0x0070,0x0075,0x0072,0x0070,0x006C,0x0065,0x005F,0x0068,0x0065,0x0061,0x0072,0x0074,0xD83D,0xDC9C,
    // "purse"
    0x0070,0x0075,0x0072,0x0073,0x0065,0xD83D,0xDC5B,
    // "pushpin"
    0x0070,0x0075,0x0073,0x0068,0x0070,0x0069,0x006E,0xD83D,0xDCCC,
    // "put_litter_in_its_place"
    0x0070,0x0075,0x0074,0x005F,0x006C,0x0069,0x0074,0x0074,0x0065,0x0072,0x005F,0x0069,0x006E,0x005F,0x0069,0x0074,
    0x0073,0x005F,0x0070,0x006C,0x0061,0x0063,0x0065,0xD83D,0xDEAE,
    // "question"
    0x0071,0x0075,0x0065,0x0073,0x0074,0x0069,0x006F,0x006E,0x2753,
    // "rabbit"
    0x0072,0x0061,0x0062,0x0062,0x0069,0x0074,0xD83D,0xDC30,
    // "rabbit2"
    0x0072,0x0061,0x0062,0x0062,0x0069,0x0074,0x0032,0xD83D,0xDC07,
    // "raccoon"
    0x0072,0x0061,0x0063,0x0063,0x006F,0x006F,0x006E,0xD83E,0xDD9D,
    // "racehorse"
    0x0072,0x0061,0x0063,0x0065,0x0068,0x006F,0x0072,0x0073,0x0065,0xD83D,0xDC0E,
    // "racing_car"
    0x0072,0x0061,0x0063,0x0069,0x006E,0x0067,0x005F,0x0063,0x0061,0x0072,0xD83C,0xDFCE,0xFE0F,
    // "racing_motorcycle"
    0x0072,0x0061,0x0063,0x0069,0x006E,0x0067,0x005F,0x006D,0x006F,0x0074,0x006F,0x0072,0x0063,0x0079,0x0063,0x006C,
    0x0065,0xD83C,0xDFCD,0xFE0F,
    // "radio"
    0x0072,0x0061,0x0064,0x0069,0x006F,0xD83D,0xDCFB,
    // "radio_button"
    0x0072,0x0061,0x0064,0x0069,0x006F,0x005F,0x0062,0x0075,0x0074,0x0074,0x006F,0x006E,0xD83D,0xDD18,
    // "radioactive_sign"
    0x0072,0x0061,0x0064,0x0069,0x006F,0x0061,0x0063,0x0074,0x0069,0x0076,0x0065,0x005F,0x0073,0x0069,0x0067,0x006E,
    0x2622,0xFE0F,
    // "rage"
    0x0072,0x0061,0x0067,0x0065,0xD83D,0xDE21,
    // "railway_car"
    0x0072,0x0061,0x0069,0x006C,0x0077,0x0061,0x0079,0x005F,0x0063,0x0061,0x0072,0xD83D,0xDE83,
    // "railway_track"
    0x0072,0x0061,0x0069,0x006C,0x0077,0x0061,0x0079,0x005F,0x0074,0x0072,0x0061,0x0063,0x006B,0xD83D,0xDEE4,0xFE0F,
    // "rain_cloud"
    0x0072,0x0061,0x0069,0x006E,0x005F,0x0063,0x006C,0x006F,0x0075,0x0064,0xD83C,0xDF27,0xFE0F,
    // "rainbow"
    0x0072,0x0061,0x0069,0x006E,0x0062,0x006F,0x0077,0xD83C,0xDF08,
    // "rainbow-flag"
    0x0072,0x0061,0x0069,0x006E,0x0062,0x006F,0x0077,0x002D,0x0066,0x006C,0x0061,0x0067,0xD83C,0xDFF3,0xFE0F,0x200D,
    0xD83C,0xDF08,
    // "raised_back_of_hand"
    0x0072,0x0061,0x0069,0x0073,0x0065,0x0064,0x005F,0x0062,0x0061,0x0063,0x006B,0x005F,0x006F,0x0066,0x005F,0x0068,
    0x0061,0x006E,0x0064,0xD83E,0xDD1A,
    // "raised_hand"
    0x0072,0x0061,0x0069,0x0073,0x0065,0x0064,0x005F,0x0068,0x0061,0x006E,0x0064,0x270B,
    // "raised_hand_with_fingers_splayed"
    0x0072,0x0061,0x0069,0x0073,0x0065,0x0064,0x005F,0x0068,0x0061,0x006E,0x0064,0x005F,0x0077,0x0069,0x0074,0x0068,
    0x005F,0x0066,0x0069,0x006E,0x0067,0x0065,0x0072,0x0073,0x005F,0x0073,0x0070,0x006C,0x0061,0x0079,0x0065,0x0064,
    0xD83D,0xDD90,0xFE0F,
    // "raised_hands"
    0x0072,0x0061,0x0069,0x0073,0x0065,0x0064,0x005F,0x0068,0x0061,0x006E,0x0064,0x0073,0xD83D,0xDE4C,
    // "raising_hand"
    0x0072,0x0061,0x0069,0x0073,0x0069,0x006E,0x0067,0x005F,0x0068,0x0061,0x006E,0x0064,0xD83D,0xDE4B,
    // "ram"
    0x0072,0x0061,0x006D,0xD83D,0xDC0F,
    // "ramen"
    0x0072,0x0061,0x006D,0x0065,0x006E,0xD83C,0xDF5C,
    // "rat"
    0x0072,0x0061,0x0074,0xD83D,0xDC00,
    // "razor"
    0x0072,0x0061,0x007A,0x006F,0x0072,0xD83E,0xDE92,
    // "receipt"
    0x0072,0x0065,0x0063,0x0065,0x0069,0x0070,0x0074,0xD83E,0xDDFE,
    // "recycle"
    0x0072,0x0065,0x0063,0x0079,0x0063,0x006C,0x0065,0x267B,0xFE0F,
    // "red_car"
    0x0072,0x0065,0x0064,0x005F,0x0063,0x0061,0x0072,0xD83D,0xDE97,
    // "red_circle"
    0x0072,0x0065,0x0064,0x005F,0x0063,0x0069,0x0072,0x0063,0x006C,0x0065,0xD83D,0xDD34,
    // "red_envelope"
    0x0072,0x0065,0x0064,0x005F,0x0065,0x006E,0x0076,0x0065,0x006C,0x006F,0x0070,0x0065,0xD83E,0xDDE7,
    // "red_haired_man"
    0x0072,0x0065,0x0064,0x005F,0x0068,0x0061,0x0069,0x0072,0x0065,0x0064,0x005F,0x006D,0x0061,0x006E,0xD83D,0xDC68,
    0x200D,0xD83E,0xDDB0,
    // "red_haired_person"
    0x0072,0x0065,0x0064,0x005F,0x0068,0x0061,0x0069,0x0072,0x0065,0x0064,0x005F,0x0070,0x0065,0x0072,0x0073,0x006F,
    0x006E,0xD83E,0xDDD1,0x200D,0xD83E,0xDDB0,
    // "red_haired_woman"
    0x0072,0x0065,0x0064,0x005F,0x0068,0x0061,0x0069,0x0072,0x0065,0x0064,0x005F,0x0077,0x006F,0x006D,0x0061,0x006E,
    0xD83D,0xDC69,0x200D,0xD83E,0xDDB0,
    // "registered"
    0x0072,0x0065,0x0067,0x0069,0x0073,0x0074,0x0065,0x0072,0x0065,0x0064,0x00AE,0xFE0F,
    // "relaxed"
    0x0072,0x0065,0x006C,0x0061,0x0078,0x0065,0x0064,0x263A,0xFE0F,
    // "relieved"
    0x0072,0x0065,0x006C,0x0069,0x0065,0x0076,0x0065,0x0064,0xD83D,0xDE0C,
    // "reminder_ribbon"
    0x0072,0x0065,0x006D,0x0069,0x006E,0x0064,0x0065,0x0072,0x005F,0x0072,0x0069,0x0062,0x0062,0x006F,0x006E,0xD83C,
    0xDF97,0xFE0F,
    // "repeat"
    0x0072,0x0065,0x0070,0x0065,0x0061,0x0074,0xD83D,0xDD01,
    // "repeat_one"
    0x0072,0x0065,0x0070,0x0065,0x0061,0x0074,0x005F,0x006F,0x006E,0x0065,0xD83D,0xDD02,
    // "restroom"
    0x0072,0x0065,0x0073,0x0074,0x0072,0x006F,0x006F,0x006D,0xD83D,0xDEBB,
    // "reversed_hand_with_middle_finger_extended"
    0x0072,0x0065,0x0076,0x0065,0x0072,0x0073,0x0065,0x0064,0x005F,0x0068,0x0061,0x006E,0x0064,0x005F,0x0077,0x0069,
    0x0074,0x0068,0x005F,0x006D,0x0069,0x0064,0x0064,0x006C,0x0065,0x005F,0x0066,0x0069,0x006E,0x0067,0x0065,0x0072,
    0x005F,0x0065,0x0078,0x0074,0x0065,0x006E,0x0064,0x0065,0x0064,0xD83D,0xDD95,
    // "revolving_hearts"
    0x0072,0x0065,0x0076,0x006F,0x006C,0x0076,0x0069,0x006E,0x0067,0x005F,0x0068,0x0065,0x0061,0x0072,0x0074,0x0073,
    0xD83D,0xDC9E,
    // "rewind"
    0x0072,0x0065,0x0077,0x0069,0x006E,0x0064,0x23EA,
    // "rhinoceros"
    0x0072,0x0068,0x0069,0x006E,0x006F,0x0063,0x0065,0x0072,0x006F,0x0073,0xD83E,0xDD8F,
    // "ribbon"
    0x0072,0x0069,0x0062,0x0062,0x006F,0x006E,0xD83C,0xDF80,
    // "rice"
    0x0072,0x0069,0x0063,0x0065,0xD83C,0xDF5A,
    // "rice_ball"
    0x0072,0x0069,0x0063,0x0065,0x005F,0x0062,0x0061,0x006C,0x006C,0xD83C,0xDF59,
    // "rice_cracker"
    0x0072,0x0069,0x0063,0x0065,0x005F,0x0063,0x0072,0x0061,0x0063,0x006B,0x0065,0x0072,0xD83C,0xDF58,
    // "rice_scene"
    0x0072,0x0069,0x0063,0x0065,0x005F,0x0073,0x0063,0x0065,0x006E,0x0065,0xD83C,0xDF91,
    // "right-facing_fist"
    0x0072,0x0069,0x0067,0x0068,0x0074,0x002D,0x0066,0x0061,0x0063,0x0069,0x006E,0x0067,0x005F,0x0066,0x0069,0x0073,
    0x0074,0xD83E,0xDD1C,
    // "right_anger_bubble"
    0x0072,0x0069,0x0067,0x0068,0x0074,0x005F,0x0061,0x006E,0x0067,0x0065,0x0072,0x005F,0x0062,0x0075,0x0062,0x0062,
    0x006C,0x0065,0xD83D,0xDDEF,0xFE0F,
    // "rightwards_hand"
    0x0072,0x0069,0x0067,0x0068,0x0074,0x0077,0x0061,0x0072,0x0064,0x0073,0x005F,0x0068,0x0061,0x006E,0x0064,0xD83E,
    0xDEF1,
    // "rightwards_pushing_hand"
    0x0072,0x0069,0x0067,0x0068,0x0074,0x0077,0x0061,0x0072,0x0064,0x0073,0x005F,0x0070,0x0075,0x0073,0x0068,0x0069,
    0x006E,0x0067,0x005F,0x0068,0x0061,0x006E,0x0064,0xD83E,0xDEF8,
    // "ring"
    0x0072,0x0069,0x006E,0x0067,0xD83D,0xDC8D,
    // "ring_buoy"
    0x0072,0x0069,0x006E,0x0067,0x005F,0x0062,0x0075,0x006F,0x0079,0xD83D,0xDEDF,
    // "ringed_planet"
    0x0072,0x0069,0x006E,0x0067,0x0065,0x0064,0x005F,0x0070,0x006C,0x0061,0x006E,0x0065,0x0074,0xD83E,0xDE90,
    // "robot_face"
    0x0072,0x006F,0x0062,0x006F,0x0074,0x005F,0x0066,0x0061,0x0063,0x0065,0xD83E,0xDD16,
    // "rock"
    0x0072,0x006F,0x0063,0x006B,0xD83E,0xDEA8,
    // "rocket"
    0x0072,0x006F,0x0063,0x006B,0x0065,0x0074,0xD83D,0xDE80,
    // "roll_of_paper"
    0x0072,0x006F,0x006C,0x006C,0x005F,0x006F,0x0066,0x005F,0x0070,0x0061,0x0070,0x0065,0x0072,0xD83E,0xDDFB,
    // "rolled_up_newspaper"
    0x0072,0x006F,0x006C,0x006C,0x0065,0x0064,0x005F,0x0075,0x0070,0x005F,0x006E,0x0065,0x0077,0x0073,0x0070,0x0061,
    0x0070,0x0065,0x0072,0xD83D,0xDDDE,0xFE0F,
    // "roller_coaster"
    0x0072,0x006F,0x006C,0x006C,0x0065,0x0072,0x005F,0x0063,0x006F,0x0061,0x0073,0x0074,0x0065,0x0072,0xD83C,0xDFA2,
    // "roller_skate"
    0x0072,0x006F,0x006C,0x006C,0x0065,0x0072,0x005F,0x0073,0x006B,0x0061,0x0074,0x0065,0xD83D,0xDEFC,
    // "rolling_on_the_floor_laughing"
    0x0072,0x006F,0x006C,0x006C,0x0069,0x006E,0x0067,0x005F,0x006F,0x006E,0x005F,0x0074,0x0068,0x0065,0x005F,0x0066,
    0x006C,0x006F,0x006F,0x0072,0x005F,0x006C,0x0061,0x0075,0x0067,0x0068,0x0069,0x006E,0x0067,0xD83E,0xDD23,
    // "rooster"
    0x0072,0x006F,0x006F,0x0073,0x0074,0x0065,0x0072,0xD83D,0xDC13,
    // "root_vegetable"
    0x0072,0x006F,0x006F,0x0074,0x005F,0x0076,0x0065,0x0067,0x0065,0x0074,0x0061,0x0062,0x006C,0x0065,0xD83E,0xDEDC,
    // "rose"
    0x0072,0x006F,0x0073,0x0065,0xD83C,0xDF39,
    // "rosette"
    0x0072,0x006F,0x0073,0x0065,0x0074,0x0074,0x0065,0xD83C,0xDFF5,0xFE0F,
    // "rotating_light"
    0x0072,0x006F,0x0074,0x0061,0x0074,0x0069,0x006E,0x0067,0x005F,0x006C,0x0069,0x0067,0x0068,0x0074,0xD83D,0xDEA8,
    // "round_pushpin"
    0x0072,0x006F,0x0075,0x006E,0x0064,0x005F,0x0070,0x0075,0x0073,0x0068,0x0070,0x0069,0x006E,0xD83D,0xDCCD,
    // "rowboat"
    0x0072,0x006F,0x0077,0x0062,0x006F,0x0061,0x0074,0xD83D,0xDEA3,
    // "ru"
    0x0072,0x0075,0xD83C,0xDDF7,0xD83C,0xDDFA,
    // "rugby_football"
    0x0072,0x0075,0x0067,0x0062,0x0079,0x005F,0x0066,0x006F,0x006F,0x0074,0x0062,0x0061,0x006C,0x006C,0xD83C,0xDFC9,
    // "runner"
    0x0072,0x0075,0x006E,0x006E,0x0065,0x0072,0xD83C,0xDFC3,
    // "running"
    0x0072,0x0075,0x006E,0x006E,0x0069,0x006E,0x0067,0xD83C,0xDFC3,
    // "running_shirt_with_sash"
    0x0072,0x0075,0x006E,0x006E,0x0069,0x006E,0x0067,0x005F,0x0073,0x0068,0x0069,0x0072,0x0074,0x005F,0x0077,0x0069,
    0x0074,0x0068,0x005F,0x0073,0x0061,0x0073,0x0068,0xD83C,0xDFBD,
    // "sa"
    0x0073,0x0061,0xD83C,0xDE02,0xFE0F,
    // "safety_pin"
    0x0073,0x0061,0x0066,0x0065,0x0074,0x0079,0x005F,0x0070,0x0069,0x006E,0xD83E,0xDDF7,
    // "safety_vest"
    0x0073,0x0061,0x0066,0x0065,0x0074,0x0079,0x005F,0x0076,0x0065,0x0073,0x0074,0xD83E,0xDDBA,
    // "sagittarius"
    0x0073,0x0061,0x0067,0x0069,0x0074,0x0074,0x0061,0x0072,0x0069,0x0075,0x0073,0x2650,
    // "sailboat"
    0x0073,0x0061,0x0069,0x006C,0x0062,0x006F,0x0061,0x0074,0x26F5,
    // "sake"
    0x0073,0x0061,0x006B,0x0065,0xD83C,0xDF76,
    // "salt"
    0x0073,0x0061,0x006C,0x0074,0xD83E,0xDDC2,
    // "saluting_face"
    0x0073,0x0061,0x006C,0x0075,0x0074,0x0069,0x006E,0x0067,0x005F,0x0066,0x0061,0x0063,0x0065,0xD83E,0xDEE1,
    // "sandal"
    0x0073,0x0061,0x006E,0x0064,0x0061,0x006C,0xD83D,0xDC61,
    // "sandwich"
    0x0073,0x0061,0x006E,0x0064,0x0077,0x0069,0x0063,0x0068,0xD83E,0xDD6A,
    // "santa"
    0x0073,0x0061,0x006E,0x0074,0x0061,0xD83C,0xDF85,
    // "sari"
    0x0073,0x0061,0x0072,0x0069,0xD83E,0xDD7B,
    // "satellite"
    0x0073,0x0061,0x0074,0x0065,0x006C,0x006C,0x0069,0x0074,0x0065,0xD83D,0xDEF0,0xFE0F,
    // "satellite_antenna"
    0x0073,0x0061,0x0074,0x0065,0x006C,0x006C,0x0069,0x0074,0x0065,0x005F,0x0061,0x006E,0x0074,0x0065,0x006E,0x006E,
    0x0061,0xD83D,0xDCE1,
    // "satisfied"
    0x0073,0x0061,0x0074,0x0069,0x0073,0x0066,0x0069,0x0065,0x0064,0xD83D,0xDE06,
    // "sauropod"
    0x0073,0x0061,0x0075,0x0072,0x006F,0x0070,0x006F,0x0064,0xD83E,0xDD95,
    // "saxophone"
    0x0073,0x0061,0x0078,0x006F,0x0070,0x0068,0x006F,0x006E,0x0065,0xD83C,0xDFB7,
    // "scales"
    0x0073,0x0063,0x0061,0x006C,0x0065,0x0073,0x2696,0xFE0F,
    // "scarf"
    0x0073,0x0063,0x0061,0x0072,0x0066,0xD83E,0xDDE3,
    // "school"
    0x0073,0x0063,0x0068,0x006F,0x006F,0x006C,0xD83C,0xDFEB,
    // "school_satchel"
    0x0073,0x0063,0x0068,0x006F,0x006F,0x006C,0x005F,0x0073,0x0061,0x0074,0x0063,0x0068,0x0065,0x006C,0xD83C,0xDF92,
    // "scientist"
    0x0073,0x0063,0x0069,0x0065,0x006E,0x0074,0x0069,0x0073,0x0074,0xD83E,0xDDD1,0x200D,0xD83D,0xDD2C,
    // "scissors"
    0x0073,0x0063,0x0069,0x0073,0x0073,0x006F,0x0072,0x0073,0x2702,0xFE0F,
    // "scooter"
    0x0073,0x0063,0x006F,0x006F,0x0074,0x0065,0x0072,0xD83D,0xDEF4,
    // "scorpion"
    0x0073,0x0063,0x006F,0x0072,0x0070,0x0069,0x006F,0x006E,0xD83E,0xDD82,
    // "scorpius"
    0x0073,0x0063,0x006F,0x0072,0x0070,0x0069,0x0075,0x0073,0x264F,
    // "scream"
    0x0073,0x0063,0x0072,0x0065,0x0061,0x006D,0xD83D,0xDE31,
    // "scream_cat"
    0x0073,0x0063,0x0072,0x0065,0x0061,0x006D,0x005F,0x0063,0x0061,0x0074,0xD83D,0xDE40,
    // "screwdriver"
    0x0073,0x0063,0x0072,0x0065,0x0077,0x0064,0x0072,0x0069,0x0076,0x0065,0x0072,0xD83E,0xDE9B,
    // "scroll"
    0x0073,0x0063,0x0072,0x006F,0x006C,0x006C,0xD83D,0xDCDC,
    // "seal"
    0x0073,0x0065,0x0061,0x006C,0xD83E,0xDDAD,
    // "seat"
    0x0073,0x0065,0x0061,0x0074,0xD83D,0xDCBA,
    // "second_place_medal"
    0x0073,0x0065,0x0063,0x006F,0x006E,0x0064,0x005F,0x0070,0x006C,0x0061,0x0063,0x0065,0x005F,0x006D,0x0065,0x0064,
    0x0061,0x006C,0xD83E,0xDD48,
    // "secret"
    0x0073,0x0065,0x0063,0x0072,0x0065,0x0074,0x3299,0xFE0F,
    // "see_no_evil"
    0x0073,0x0065,0x0065,0x005F,0x006E,0x006F,0x005F,0x0065,0x0076,0x0069,0x006C,0xD83D,0xDE48,
    // "seedling"
    0x0073,0x0065,0x0065,0x0064,0x006C,0x0069,0x006E,0x0067,0xD83C,0xDF31,
    // "selfie"
    0x0073,0x0065,0x006C,0x0066,0x0069,0x0065,0xD83E,0xDD33,
    // "serious_face_with_symbols_covering_mouth"
    0x0073,0x0065,0x0072,0x0069,0x006F,0x0075,0x0073,0x005F,0x0066,0x0061,0x0063,0x0065,0x005F,0x0077,0x0069,0x0074,
    0x0068,0x005F,0x0073,0x0079,0x006D,0x0062,0x006F,0x006C,0x0073,0x005F,0x0063,0x006F,0x0076,0x0065,0x0072,0x0069,
    0x006E,0x0067,0x005F,0x006D,0x006F,0x0075,0x0074,0x0068,0xD83E,0xDD2C,
    // "service_dog"
    0x0073,0x0065,0x0072,0x0076,0x0069,0x0063,0x0065,0x005F,0x0064,0x006F,0x0067,0xD83D,0xDC15,0x200D,0xD83E,0xDDBA,
    // "seven"
    0x0073,0x0065,0x0076,0x0065,0x006E,0x0037,0xFE0F,0x20E3,
    // "sewing_needle"
    0x0073,0x0065,0x0077,0x0069,0x006E,0x0067,0x005F,0x006E,0x0065,0x0065,0x0064,0x006C,0x0065,0xD83E,0xDEA1,
    // "shaking_face"
    0x0073,0x0068,0x0061,0x006B,0x0069,0x006E,0x0067,0x005F,0x0066,0x0061,0x0063,0x0065,0xD83E,0xDEE8,
    // "shallow_pan_of_food"
    0x0073,0x0068,0x0061,0x006C,0x006C,0x006F,0x0077,0x005F,0x0070,0x0061,0x006E,0x005F,0x006F,0x0066,0x005F,0x0066,
    0x006F,0x006F,0x0064,0xD83E,0xDD58,
    // "shamrock"
    0x0073,0x0068,0x0061,0x006D,0x0072,0x006F,0x0063,0x006B,0x2618,0xFE0F,
    // "shark"
    0x0073,0x0068,0x0061,0x0072,0x006B,0xD83E,0xDD88,
    // "shaved_ice"
    0x0073,0x0068,0x0061,0x0076,0x0065,0x0064,0x005F,0x0069,0x0063,0x0065,0xD83C,0xDF67,
    // "sheep"
    0x0073,0x0068,0x0065,0x0065,0x0070,0xD83D,0xDC11,
    // "shell"
    0x0073,0x0068,0x0065,0x006C,0x006C,0xD83D,0xDC1A,
    // "shield"
    0x0073,0x0068,0x0069,0x0065,0x006C,0x0064,0xD83D,0xDEE1,0xFE0F,
    // "shinto_shrine"
    0x0073,0x0068,0x0069,0x006E,0x0074,0x006F,0x005F,0x0073,0x0068,0x0072,0x0069,0x006E,0x0065,0x26E9,0xFE0F,
    // "ship"
    0x0073,0x0068,0x0069,0x0070,0xD83D,0xDEA2,
    // "shirt"
    0x0073,0x0068,0x0069,0x0072,0x0074,0xD83D,0xDC55,
    // "shit"
    0x0073,0x0068,0x0069,0x0074,0xD83D,0xDCA9,
    // "shocked_face_with_exploding_head"
    0x0073,0x0068,0x006F,0x0063,0x006B,0x0065,0x0064,0x005F,0x0066,0x0061,0x0063,0x0065,0x005F,0x0077,0x0069,0x0074,
    0x0068,0x005F,0x0065,0x0078,0x0070,0x006C,0x006F,0x0064,0x0069,0x006E,0x0067,0x005F,0x0068,0x0065,0x0061,0x0064,
    0xD83E,0xDD2F,
    // "shoe"
    0x0073,0x0068,0x006F,0x0065,0xD83D,0xDC5E,
    // "shopping_bags"
    0x0073,0x0068,0x006F,0x0070,0x0070,0x0069,0x006E,0x0067,0x005F,0x0062,0x0061,0x0067,0x0073,0xD83D,0xDECD,0xFE0F,
    // "shopping_trolley"
    0x0073,0x0068,0x006F,0x0070,0x0070,0x0069,0x006E,0x0067,0x005F,0x0074,0x0072,0x006F,0x006C,0x006C,0x0065,0x0079,
    0xD83D,0xDED2,
    // "shorts"
    0x0073,0x0068,0x006F,0x0072,0x0074,0x0073,0xD83E,0xDE73,
    // "shovel"
    0x0073,0x0068,0x006F,0x0076,0x0065,0x006C,0xD83E,0xDE8F,
    // "shower"
    0x0073,0x0068,0x006F,0x0077,0x0065,0x0072,0xD83D,0xDEBF,
    // "shrimp"
    0x0073,0x0068,0x0072,0x0069,0x006D,0x0070,0xD83E,0xDD90,
    // "shrug"
    0x0073,0x0068,0x0072,0x0075,0x0067,0xD83E,0xDD37,
    // "shushing_face"
    0x0073,0x0068,0x0075,0x0073,0x0068,0x0069,0x006E,0x0067,0x005F,0x0066,0x0061,0x0063,0x0065,0xD83E,0xDD2B,
    // "sign_of_the_horns"
    0x0073,0x0069,0x0067,0x006E,0x005F,0x006F,0x0066,0x005F,0x0074,0x0068,0x0065,0x005F,0x0068,0x006F,0x0072,0x006E,
    0x0073,0xD83E,0xDD18,
    // "signal_strength"
    0x0073,0x0069,0x0067,0x006E,0x0061,0x006C,0x005F,0x0073,0x0074,0x0072,0x0065,0x006E,0x0067,0x0074,0x0068,0xD83D,
    0xDCF6,
    // "singer"
    0x0073,0x0069,0x006E,0x0067,0x0065,0x0072,0xD83E,0xDDD1,0x200D,0xD83C,0xDFA4,
    // "six"
    0x0073,0x0069,0x0078,0x0036,0xFE0F,0x20E3,
    // "six_pointed_star"
    0x0073,0x0069,0x0078,0x005F,0x0070,0x006F,0x0069,0x006E,0x0074,0x0065,0x0064,0x005F,0x0073,0x0074,0x0061,0x0072,
    0xD83D,0xDD2F,
    // "skateboard"
    0x0073,0x006B,0x0061,0x0074,0x0065,0x0062,0x006F,0x0061,0x0072,0x0064,0xD83D,0xDEF9,
    // "ski"
    0x0073,0x006B,0x0069,0xD83C,0xDFBF,
    // "skier"
    0x0073,0x006B,0x0069,0x0065,0x0072,0x26F7,0xFE0F,
    // "skin-tone-2"
    0x0073,0x006B,0x0069,0x006E,0x002D,0x0074,0x006F,0x006E,0x0065,0x002D,0x0032,0xD83C,0xDFFB,
    // "skin-tone-3"
    0x0073,0x006B,0x0069,0x006E,0x002D,0x0074,0x006F,0x006E,0x0065,0x002D,0x0033,0xD83C,0xDFFC,
    // "skin-tone-4"
    0x0073,0x006B,0x0069,0x006E,0x002D,0x0074,0x006F,0x006E,0x0065,0x002D,0x0034,0xD83C,0xDFFD,
    // "skin-tone-5"
    0x0073,0x006B,0x0069,0x006E,0x002D,0x0074,0x006F,0x006E,0x0065,0x002D,0x0035,0xD83C,0xDFFE,
    // "skin-tone-6"
    0x0073,0x006B,0x0069,0x006E,0x002D,0x0074,0x006F,0x006E,0x0065,0x002D,0x0036,0xD83C,0xDFFF,
    // "skull"
    0x0073,0x006B,0x0075,0x006C,0x006C,0xD83D,0xDC80,
    // "skull_and_crossbones"
    0x0073,0x006B,0x0075,0x006C,0x006C,0x005F,0x0061,0x006E,0x0064,0x005F,0x0063,0x0072,0x006F,0x0073,0x0073,0x0062,
    0x006F,0x006E,0x0065,0x0073,0x2620,0xFE0F,
    // "skunk"
    0x0073,0x006B,0x0075,0x006E,0x006B,0xD83E,0xDDA8,
    // "sled"
    0x0073,0x006C,0x0065,0x0064,0xD83D,0xDEF7,
    // "sleeping"
    0x0073,0x006C,0x0065,0x0065,0x0070,0x0069,0x006E,0x0067,0xD83D,0xDE34,
    // "sleeping_accommodation"
    0x0073,0x006C,0x0065,0x0065,0x0070,0x0069,0x006E,0x0067,0x005F,0x0061,0x0063,0x0063,0x006F,0x006D,0x006D,0x006F,
    0x0064,0x0061,0x0074,0x0069,0x006F,0x006E,0xD83D,0xDECC,
    // "sleepy"
    0x0073,0x006C,0x0065,0x0065,0x0070,0x0079,0xD83D,0xDE2A,
    // "sleuth_or_spy"
    0x0073,0x006C,0x0065,0x0075,0x0074,0x0068,0x005F,0x006F,0x0072,0x005F,0x0073,0x0070,0x0079,0xD83D,0xDD75,0xFE0F,
    // "slightly_frowning_face"
    0x0073,0x006C,0x0069,0x0067,0x0068,0x0074,0x006C,0x0079,0x005F,0x0066,0x0072,0x006F,0x0077,0x006E,0x0069,0x006E,
    0x0067,0x005F,0x0066,0x0061,0x0063,0x0065,0xD83D,0xDE41,
    // "slightly_smiling_face"
    0x0073,0x006C,0x0069,0x0067,0x0068,0x0074,0x006C,0x0079,0x005F,0x0073,0x006D,0x0069,0x006C,0x0069,0x006E,0x0067,
    0x005F,0x0066,0x0061,0x0063,0x0065,0xD83D,0xDE42,
    // "slot_machine"
    0x0073,0x006C,0x006F,0x0074,0x005F,0x006D,0x0061,0x0063,0x0068,0x0069,0x006E,0x0065,0xD83C,0xDFB0,
    // "sloth"
    0x0073,0x006C,0x006F,0x0074,0x0068,0xD83E,0xDDA5,
    // "small_airplane"
    0x0073,0x006D,0x0061,0x006C,0x006C,0x005F,0x0061,0x0069,0x0072,0x0070,0x006C,0x0061,0x006E,0x0065,0xD83D,0xDEE9,
    0xFE0F,
    // "small_blue_diamond"
    0x0073,0x006D,0x0061,0x006C,0x006C,0x005F,0x0062,0x006C,0x0075,0x0065,0x005F,0x0064,0x0069,0x0061,0x006D,0x006F,
    0x006E,0x0064,0xD83D,0xDD39,
    // "small_orange_diamond"
    0x0073,0x006D,0x0061,0x006C,0x006C,0x005F,0x006F,0x0072,0x0061,0x006E,0x0067,0x0065,0x005F,0x0064,0x0069,0x0061,
    0x006D,0x006F,0x006E,0x0064,0xD83D,0xDD38,
    // "small_red_triangle"
    0x0073,0x006D,0x0061,0x006C,0x006C,0x005F,0x0072,0x0065,0x0064,0x005F,0x0074,0x0072,0x0069,0x0061,0x006E,0x0067,
    0x006C,0x0065,0xD83D,0xDD3A,
    // "small_red_triangle_down"
    0x0073,0x006D,0x0061,0x006C,0x006C,0x005F,0x0072,0x0065,0x0064,0x005F,0x0074,0x0072,0x0069,0x0061,0x006E,0x0067,
    0x006C,0x0065,0x005F,0x0064,0x006F,0x0077,0x006E,0xD83D,0xDD3B,
    // "smile"
    0x0073,0x006D,0x0069,0x006C,0x0065,0xD83D,0xDE04,
    // "smile_cat"
    0x0073,0x006D,0x0069,0x006C,0x0065,0x005F,0x0063,0x0061,0x0074,0xD83D,0xDE38,
    // "smiley"
    0x0073,0x006D,0x0069,0x006C,0x0065,0x0079,0xD83D,0xDE03,
    // "smiley_cat"
    0x0073,0x006D,0x0069,0x006C,0x0065,0x0079,0x005F,0x0063,0x0061,0x0074,0xD83D,0xDE3A,
    // "smiling_face_with_3_hearts"
    0x0073,0x006D,0x0069,0x006C,0x0069,0x006E,0x0067,0x005F,0x0066,0x0061,0x0063,0x0065,0x005F,0x0077,0x0069,0x0074,
    0x0068,0x005F,0x0033,0x005F,0x0068,0x0065,0x0061,0x0072,0x0074,0x0073,0xD83E,0xDD70,
    // "smiling_face_with_smiling_eyes_and_hand_covering_mouth"
    0x0073,0x006D,0x0069,0x006C,0x0069,0x006E,0x0067,0x005F,0x0066,0x0061,0x0063,0x0065,0x005F,0x0077,0x0069,0x0074,
    0x0068,0x005F,0x0073,0x006D,0x0069,0x006C,0x0069,0x006E,0x0067,0x005F,0x0065,0x0079,0x0065,0x0073,0x005F,0x0061,
    0x006E,0x0064,0x005F,0x0068,0x0061,0x006E,0x0064,0x005F,0x0063,0x006F,0x0076,0x0065,0x0072,0x0069,0x006E,0x0067,
    0x005F,0x006D,0x006F,0x0075,0x0074,0x0068,0xD83E,0xDD2D,
    // "smiling_face_with_tear"
    0x0073,0x006D,0x0069,0x006C,0x0069,0x006E,0x0067,0x005F,0x0066,0x0061,0x0063,0x0065,0x005F,0x0077,0x0069,0x0074,
    0x0068,0x005F,0x0074,0x0065,0x0061,0x0072,0xD83E,0xDD72,
    // "smiling_imp"
    0x0073,0x006D,0x0069,0x006C,0x0069,0x006E,0x0067,0x005F,0x0069,0x006D,0x0070,0xD83D,0xDE08,
    // "smirk"
    0x0073,0x006D,0x0069,0x0072,0x006B,0xD83D,0xDE0F,
    // "smirk_cat"
    0x0073,0x006D,0x0069,0x0072,0x006B,0x005F,0x0063,0x0061,0x0074,0xD83D,0xDE3C,
    // "smoking"
    0x0073,0x006D,0x006F,0x006B,0x0069,0x006E,0x0067,0xD83D,0xDEAC,
    // "snail"
    0x0073,0x006E,0x0061,0x0069,0x006C,0xD83D,0xDC0C,
    // "snake"
    0x0073,0x006E,0x0061,0x006B,0x0065,0xD83D,0xDC0D,
    // "sneezing_face"
    0x0073,0x006E,0x0065,0x0065,0x007A,0x0069,0x006E,0x0067,0x005F,0x0066,0x0061,0x0063,0x0065,0xD83E,0xDD27,
    // "snow_capped_mountain"
    0x0073,0x006E,0x006F,0x0077,0x005F,0x0063,0x0061,0x0070,0x0070,0x0065,0x0064,0x005F,0x006D,0x006F,0x0075,0x006E,
    0x0074,0x0061,0x0069,0x006E,0xD83C,0xDFD4,0xFE0F,
    // "snow_cloud"
    0x0073,0x006E,0x006F,0x0077,0x005F,0x0063,0x006C,0x006F,0x0075,0x0064,0xD83C,0xDF28,0xFE0F,
    // "snowboarder"
    0x0073,0x006E,0x006F,0x0077,0x0062,0x006F,0x0061,0x0072,0x0064,0x0065,0x0072,0xD83C,0xDFC2,
    // "snowflake"
    0x0073,0x006E,0x006F,0x0077,0x0066,0x006C,0x0061,0x006B,0x0065,0x2744,0xFE0F,
    // "snowman"
    0x0073,0x006E,0x006F,0x0077,0x006D,0x0061,0x006E,0x2603,0xFE0F,
    // "snowman_without_snow"
    0x0073,0x006E,0x006F,0x0077,0x006D,0x0061,0x006E,0x005F,0x0077,0x0069,0x0074,0x0068,0x006F,0x0075,0x0074,0x005F,
    0x0073,0x006E,0x006F,0x0077,0x26C4,
    // "soap"
    0x0073,0x006F,0x0061,0x0070,0xD83E,0xDDFC,
    // "sob"
    0x0073,0x006F,0x0062,0xD83D,0xDE2D,
    // "soccer"
    0x0073,0x006F,0x0063,0x0063,0x0065,0x0072,0x26BD,
    // "socks"
    0x0073,0x006F,0x0063,0x006B,0x0073,0xD83E,0xDDE6,
    // "softball"
    0x0073,0x006F,0x0066,0x0074,0x0062,0x0061,0x006C,0x006C,0xD83E,0xDD4E,
    // "soon"
    0x0073,0x006F,0x006F,0x006E,0xD83D,0xDD1C,
    // "sos"
    0x0073,0x006F,0x0073,0xD83C,0xDD98,
    // "sound"
    0x0073,0x006F,0x0075,0x006E,0x0064,0xD83D,0xDD09,
    // "space_invader"
    0x0073,0x0070,0x0061,0x0063,0x0065,0x005F,0x0069,0x006E,0x0076,0x0061,0x0064,0x0065,0x0072,0xD83D,0xDC7E,
    // "spades"
    0x0073,0x0070,0x0061,0x0064,0x0065,0x0073,0x2660,0xFE0F,
    // "spaghetti"
    0x0073,0x0070,0x0061,0x0067,0x0068,0x0065,0x0074,0x0074,0x0069,0xD83C,0xDF5D,
    // "sparkle"
    0x0073,0x0070,0x0061,0x0072,0x006B,0x006C,0x0065,0x2747,0xFE0F,
    // "sparkler"
    0x0073,0x0070,0x0061,0x0072,0x006B,0x006C,0x0065,0x0072,0xD83C,0xDF87,
    // "sparkles"
    0x0073,0x0070,0x0061,0x0072,0x006B,0x006C,0x0065,0x0073,0x2728,
    // "sparkling_heart"
    0x0073,0x0070,0x0061,0x0072,0x006B,0x006C,0x0069,0x006E,0x0067,0x005F,0x0068,0x0065,0x0061,0x0072,0x0074,0xD83D,
    0xDC96,
    // "speak_no_evil"
    0x0073,0x0070,0x0065,0x0061,0x006B,0x005F,0x006E,0x006F,0x005F,0x0065,0x0076,0x0069,0x006C,0xD83D,0xDE4A,
    // "speaker"
    0x0073,0x0070,0x0065,0x0061,0x006B,0x0065,0x0072,0xD83D,0xDD08,
    // "speaking_head_in_silhouette"
    0x0073,0x0070,0x0065,0x0061,0x006B,0x0069,0x006E,0x0067,0x005F,0x0068,0x0065,0x0061,0x0064,0x005F,0x0069,0x006E,
    0x005F,0x0073,0x0069,0x006C,0x0068,0x006F,0x0075,0x0065,0x0074,0x0074,0x0065,0xD83D,0xDDE3,0xFE0F,
    // "speech_balloon"
    0x0073,0x0070,0x0065,0x0065,0x0063,0x0068,0x005F,0x0062,0x0061,0x006C,0x006C,0x006F,0x006F,0x006E,0xD83D,0xDCAC,
    // "speedboat"
    0x0073,0x0070,0x0065,0x0065,0x0064,0x0062,0x006F,0x0061,0x0074,0xD83D,0xDEA4,
    // "spider"
    0x0073,0x0070,0x0069,0x0064,0x0065,0x0072,0xD83D,0xDD77,0xFE0F,
    // "spider_web"
    0x0073,0x0070,0x0069,0x0064,0x0065,0x0072,0x005F,0x0077,0x0065,0x0062,0xD83D,0xDD78,0xFE0F,
    // "spiral_calendar_pad"
    0x0073,0x0070,0x0069,0x0072,0x0061,0x006C,0x005F,0x0063,0x0061,0x006C,0x0065,0x006E,0x0064,0x0061,0x0072,0x005F,
    0x0070,0x0061,0x0064,0xD83D,0xDDD3,0xFE0F,
    // "spiral_note_pad"
    0x0073,0x0070,0x0069,0x0072,0x0061,0x006C,0x005F,0x006E,0x006F,0x0074,0x0065,0x005F,0x0070,0x0061,0x0064,0xD83D,
    0xDDD2,0xFE0F,
    // "splatter"
    0x0073,0x0070,0x006C,0x0061,0x0074,0x0074,0x0065,0x0072,0xD83E,0xDEDF,
    // "spock-hand"
    0x0073,0x0070,0x006F,0x0063,0x006B,0x002D,0x0068,0x0061,0x006E,0x0064,0xD83D,0xDD96,
    // "sponge"
    0x0073,0x0070,0x006F,0x006E,0x0067,0x0065,0xD83E,0xDDFD,
    // "spoon"
    0x0073,0x0070,0x006F,0x006F,0x006E,0xD83E,0xDD44,
    // "sports_medal"
    0x0073,0x0070,0x006F,0x0072,0x0074,0x0073,0x005F,0x006D,0x0065,0x0064,0x0061,0x006C,0xD83C,0xDFC5,
    // "squid"
    0x0073,0x0071,0x0075,0x0069,0x0064,0xD83E,0xDD91,
    // "stadium"
    0x0073,0x0074,0x0061,0x0064,0x0069,0x0075,0x006D,0xD83C,0xDFDF,0xFE0F,
    // "staff_of_aesculapius"
    0x0073,0x0074,0x0061,0x0066,0x0066,0x005F,0x006F,0x0066,0x005F,0x0061,0x0065,0x0073,0x0063,0x0075,0x006C,0x0061,
    0x0070,0x0069,0x0075,0x0073,0x2695,0xFE0F,
    // "standing_person"
    0x0073,0x0074,0x0061,0x006E,0x0064,0x0069,0x006E,0x0067,0x005F,0x0070,0x0065,0x0072,0x0073,0x006F,0x006E,0xD83E,
    0xDDCD,
    // "star"
    0x0073,0x0074,0x0061,0x0072,0x2B50,
    // "star-struck"
    0x0073,0x0074,0x0061,0x0072,0x002D,0x0073,0x0074,0x0072,0x0075,0x0063,0x006B,0xD83E,0xDD29,
    // "star2"
    0x0073,0x0074,0x0061,0x0072,0x0032,0xD83C,0xDF1F,
    // "star_and_crescent"
    0x0073,0x0074,0x0061,0x0072,0x005F,0x0061,0x006E,0x0064,0x005F,0x0063,0x0072,0x0065,0x0073,0x0063,0x0065,0x006E,
    0x0074,0x262A,0xFE0F,
    // "star_of_david"
    0x0073,0x0074,0x0061,0x0072,0x005F,0x006F,0x0066,0x005F,0x0064,0x0061,0x0076,0x0069,0x0064,0x2721,0xFE0F,
    // "stars"
    0x0073,0x0074,0x0061,0x0072,0x0073,0xD83C,0xDF20,
    // "station"
    0x0073,0x0074,0x0061,0x0074,0x0069,0x006F,0x006E,0xD83D,0xDE89,
    // "statue_of_liberty"
    0x0073,0x0074,0x0061,0x0074,0x0075,0x0065,0x005F,0x006F,0x0066,0x005F,0x006C,0x0069,0x0062,0x0065,0x0072,0x0074,
    0x0079,0xD83D,0xDDFD,
    // "steam_locomotive"
    0x0073,0x0074,0x0065,0x0061,0x006D,0x005F,0x006C,0x006F,0x0063,0x006F,0x006D,0x006F,0x0074,0x0069,0x0076,0x0065,
    0xD83D,0xDE82,
    // "stethoscope"
    0x0073,0x0074,0x0065,0x0074,0x0068,0x006F,0x0073,0x0063,0x006F,0x0070,0x0065,0xD83E,0xDE7A,
    // "stew"
    0x0073,0x0074,0x0065,0x0077,0xD83C,0xDF72,
    // "stopwatch"
    0x0073,0x0074,0x006F,0x0070,0x0077,0x0061,0x0074,0x0063,0x0068,0x23F1,0xFE0F,
    // "straight_ruler"
    0x0073,0x0074,0x0072,0x0061,0x0069,0x0067,0x0068,0x0074,0x005F,0x0072,0x0075,0x006C,0x0065,0x0072,0xD83D,0xDCCF,
    // "strawberry"
    0x0073,0x0074,0x0072,0x0061,0x0077,0x0062,0x0065,0x0072,0x0072,0x0079,0xD83C,0xDF53,
    // "stuck_out_tongue"
    0x0073,0x0074,0x0075,0x0063,0x006B,0x005F,0x006F,0x0075,0x0074,0x005F,0x0074,0x006F,0x006E,0x0067,0x0075,0x0065,
    0xD83D,0xDE1B,
    // "stuck_out_tongue_closed_eyes"
    0x0073,0x0074,0x0075,0x0063,0x006B,0x005F,0x006F,0x0075,0x0074,0x005F,0x0074,0x006F,0x006E,0x0067,0x0075,0x0065,
    0x005F,0x0063,0x006C,0x006F,0x0073,0x0065,0x0064,0x005F,0x0065,0x0079,0x0065,0x0073,0xD83D,0xDE1D,
    // "stuck_out_tongue_winking_eye"
    0x0073,0x0074,0x0075,0x0063,0x006B,0x005F,0x006F,0x0075,0x0074,0x005F,0x0074,0x006F,0x006E,0x0067,0x0075,0x0065,
    0x005F,0x0077,0x0069,0x006E,0x006B,0x0069,0x006E,0x0067,0x005F,0x0065,0x0079,0x0065,0xD83D,0xDE1C,
    // "student"
    0x0073,0x0074,0x0075,0x0064,0x0065,0x006E,0x0074,0xD83E,0xDDD1,0x200D,0xD83C,0xDF93,
    // "studio_microphone"
    0x0073,0x0074,0x0075,0x0064,0x0069,0x006F,0x005F,0x006D,0x0069,0x0063,0x0072,0x006F,0x0070,0x0068,0x006F,0x006E,
    0x0065,0xD83C,0xDF99,0xFE0F,
    // "stuffed_flatbread"
    0x0073,0x0074,0x0075,0x0066,0x0066,0x0065,0x0064,0x005F,0x0066,0x006C,0x0061,0x0074,0x0062,0x0072,0x0065,0x0061,
    0x0064,0xD83E,0xDD59,
    // "sun_behind_cloud"
    0x0073,0x0075,0x006E,0x005F,0x0062,0x0065,0x0068,0x0069,0x006E,0x0064,0x005F,0x0063,0x006C,0x006F,0x0075,0x0064,
    0xD83C,0xDF25,0xFE0F,
    // "sun_behind_rain_cloud"
    0x0073,0x0075,0x006E,0x005F,0x0062,0x0065,0x0068,0x0069,0x006E,0x0064,0x005F,0x0072,0x0061,0x0069,0x006E,0x005F,
    0x0063,0x006C,0x006F,0x0075,0x0064,0xD83C,0xDF26,0xFE0F,
    // "sun_small_cloud"
    0x0073,0x0075,0x006E,0x005F,0x0073,0x006D,0x0061,0x006C,0x006C,0x005F,0x0063,0x006C,0x006F,0x0075,0x0064,0xD83C,
    0xDF24,0xFE0F,
    // "sun_with_face"
    0x0073,0x0075,0x006E,0x005F,0x0077,0x0069,0x0074,0x0068,0x005F,0x0066,0x0061,0x0063,0x0065,0xD83C,0xDF1E,
    // "sunflower"
    0x0073,0x0075,0x006E,0x0066,0x006C,0x006F,0x0077,0x0065,0x0072,0xD83C,0xDF3B,
    // "sunglasses"
    0x0073,0x0075,0x006E,0x0067,0x006C,0x0061,0x0073,0x0073,0x0065,0x0073,0xD83D,0xDE0E,
    // "sunny"
    0x0073,0x0075,0x006E,0x006E,0x0079,0x2600,0xFE0F,
    // "sunrise"
    0x0073,0x0075,0x006E,0x0072,0x0069,0x0073,0x0065,0xD83C,0xDF05,
    // "sunrise_over_mountains"
    0x0073,0x0075,0x006E,0x0072,0x0069,0x0073,0x0065,0x005F,0x006F,0x0076,0x0065,0x0072,0x005F,0x006D,0x006F,0x0075,
    0x006E,0x0074,0x0061,0x0069,0x006E,0x0073,0xD83C,0xDF04,
    // "superhero"
    0x0073,0x0075,0x0070,0x0065,0x0072,0x0068,0x0065,0x0072,0x006F,0xD83E,0xDDB8,
    // "supervillain"
    0x0073,0x0075,0x0070,0x0065,0x0072,0x0076,0x0069,0x006C,0x006C,0x0061,0x0069,0x006E,0xD83E,0xDDB9,
    // "surfer"
    0x0073,0x0075,0x0072,0x0066,0x0065,0x0072,0xD83C,0xDFC4,
    // "sushi"
    0x0073,0x0075,0x0073,0x0068,0x0069,0xD83C,0xDF63,
    // "suspension_railway"
    0x0073,0x0075,0x0073,0x0070,0x0065,0x006E,0x0073,0x0069,0x006F,0x006E,0x005F,0x0072,0x0061,0x0069,0x006C,0x0077,
    0x0061,0x0079,0xD83D,0xDE9F,
    // "swan"
    0x0073,0x0077,0x0061,0x006E,0xD83E,0xDDA2,
    // "sweat"
    0x0073,0x0077,0x0065,0x0061,0x0074,0xD83D,0xDE13,
    // "sweat_drops"
    0x0073,0x0077,0x0065,0x0061,0x0074,0x005F,0x0064,0x0072,0x006F,0x0070,0x0073,0xD83D,0xDCA6,
    // "sweat_smile"
    0x0073,0x0077,0x0065,0x0061,0x0074,0x005F,0x0073,0x006D,0x0069,0x006C,0x0065,0xD83D,0xDE05,
    // "sweet_potato"
    0x0073,0x0077,0x0065,0x0065,0x0074,0x005F,0x0070,0x006F,0x0074,0x0061,0x0074,0x006F,0xD83C,0xDF60,
    // "swimmer"
    0x0073,0x0077,0x0069,0x006D,0x006D,0x0065,0x0072,0xD83C,0xDFCA,
    // "symbols"
    0x0073,0x0079,0x006D,0x0062,0x006F,0x006C,0x0073,0xD83D,0xDD23,
    // "synagogue"
    0x0073,0x0079,0x006E,0x0061,0x0067,0x006F,0x0067,0x0075,0x0065,0xD83D,0xDD4D,
    // "syringe"
    0x0073,0x0079,0x0072,0x0069,0x006E,0x0067,0x0065,0xD83D,0xDC89,
    // "t-rex"
    0x0074,0x002D,0x0072,0x0065,0x0078,0xD83E,0xDD96,
    // "table_tennis_paddle_and_ball"
    0x0074,0x0061,0x0062,0x006C,0x0065,0x005F,0x0074,0x0065,0x006E,0x006E,0x0069,0x0073,0x005F,0x0070,0x0061,0x0064,
    0x0064,0x006C,0x0065,0x005F,0x0061,0x006E,0x0064,0x005F,0x0062,0x0061,0x006C,0x006C,0xD83C,0xDFD3,
    // "taco"
    0x0074,0x0061,0x0063,0x006F,0xD83C,0xDF2E,
    // "tada"
    0x0074,0x0061,0x0064,0x0061,0xD83C,0xDF89,
    // "takeout_box"
    0x0074,0x0061,0x006B,0x0065,0x006F,0x0075,0x0074,0x005F,0x0062,0x006F,0x0078,0xD83E,0xDD61,
    // "tamale"
    0x0074,0x0061,0x006D,0x0061,0x006C,0x0065,0xD83E,0xDED4,
    // "tanabata_tree"
    0x0074,0x0061,0x006E,0x0061,0x0062,0x0061,0x0074,0x0061,0x005F,0x0074,0x0072,0x0065,0x0065,0xD83C,0xDF8B,
    // "tangerine"
    0x0074,0x0061,0x006E,0x0067,0x0065,0x0072,0x0069,0x006E,0x0065,0xD83C,0xDF4A,
    // "taurus"
    0x0074,0x0061,0x0075,0x0072,0x0075,0x0073,0x2649,
    // "taxi"
    0x0074,0x0061,0x0078,0x0069,0xD83D,0xDE95,
    // "tea"
    0x0074,0x0065,0x0061,0xD83C,0xDF75,
    // "teacher"
    0x0074,0x0065,0x0061,0x0063,0x0068,0x0065,0x0072,0xD83E,0xDDD1,0x200D,0xD83C,0xDFEB,
    // "teapot"
    0x0074,0x0065,0x0061,0x0070,0x006F,0x0074,0xD83E,0xDED6,
    // "technologist"
    0x0074,0x0065,0x0063,0x0068,0x006E,0x006F,0x006C,0x006F,0x0067,0x0069,0x0073,0x0074,0xD83E,0xDDD1,0x200D,0xD83D,
    0xDCBB,
    // "teddy_bear"
    0x0074,0x0065,0x0064,0x0064,0x0079,0x005F,0x0062,0x0065,0x0061,0x0072,0xD83E,0xDDF8,
    // "telephone"
    0x0074,0x0065,0x006C,0x0065,0x0070,0x0068,0x006F,0x006E,0x0065,0x260E,0xFE0F,
    // "telephone_receiver"
    0x0074,0x0065,0x006C,0x0065,0x0070,0x0068,0x006F,0x006E,0x0065,0x005F,0x0072,0x0065,0x0063,0x0065,0x0069,0x0076,
    0x0065,0x0072,0xD83D,0xDCDE,
    // "telescope"
    0x0074,0x0065,0x006C,0x0065,0x0073,0x0063,0x006F,0x0070,0x0065,0xD83D,0xDD2D,
    // "tennis"
    0x0074,0x0065,0x006E,0x006E,0x0069,0x0073,0xD83C,0xDFBE,
    // "tent"
    0x0074,0x0065,0x006E,0x0074,0x26FA,
    // "test_tube"
    0x0074,0x0065,0x0073,0x0074,0x005F,0x0074,0x0075,0x0062,0x0065,0xD83E,0xDDEA,
    // "the_horns"
    0x0074,0x0068,0x0065,0x005F,0x0068,0x006F,0x0072,0x006E,0x0073,0xD83E,0xDD18,
    // "thermometer"
    0x0074,0x0068,0x0065,0x0072,0x006D,0x006F,0x006D,0x0065,0x0074,0x0065,0x0072,0xD83C,0xDF21,0xFE0F,
    // "thinking_face"
    0x0074,0x0068,0x0069,0x006E,0x006B,0x0069,0x006E,0x0067,0x005F,0x0066,0x0061,0x0063,0x0065,0xD83E,0xDD14,
    // "third_place_medal"
    0x0074,0x0068,0x0069,0x0072,0x0064,0x005F,0x0070,0x006C,0x0061,0x0063,0x0065,0x005F,0x006D,0x0065,0x0064,0x0061,
    0x006C,0xD83E,0xDD49,
    // "thong_sandal"
    0x0074,0x0068,0x006F,0x006E,0x0067,0x005F,0x0073,0x0061,0x006E,0x0064,0x0061,0x006C,0xD83E,0xDE74,
    // "thought_balloon"
    0x0074,0x0068,0x006F,0x0075,0x0067,0x0068,0x0074,0x005F,0x0062,0x0061,0x006C,0x006C,0x006F,0x006F,0x006E,0xD83D,
    0xDCAD,
    // "thread"
    0x0074,0x0068,0x0072,0x0065,0x0061,0x0064,0xD83E,0xDDF5,
    // "three"
    0x0074,0x0068,0x0072,0x0065,0x0065,0x0033,0xFE0F,0x20E3,
    // "three_button_mouse"
    0x0074,0x0068,0x0072,0x0065,0x0065,0x005F,0x0062,0x0075,0x0074,0x0074,0x006F,0x006E,0x005F,0x006D,0x006F,0x0075,
    0x0073,0x0065,0xD83D,0xDDB1,0xFE0F,
    // "thumbsdown"
    0x0074,0x0068,0x0075,0x006D,0x0062,0x0073,0x0064,0x006F,0x0077,0x006E,0xD83D,0xDC4E,
    // "thumbsup"
    0x0074,0x0068,0x0075,0x006D,0x0062,0x0073,0x0075,0x0070,0xD83D,0xDC4D,
    // "thunder_cloud_and_rain"
    0x0074,0x0068,0x0075,0x006E,0x0064,0x0065,0x0072,0x005F,0x0063,0x006C,0x006F,0x0075,0x0064,0x005F,0x0061,0x006E,
    0x0064,0x005F,0x0072,0x0061,0x0069,0x006E,0x26C8,0xFE0F,
    // "ticket"
    0x0074,0x0069,0x0063,0x006B,0x0065,0x0074,0xD83C,0xDFAB,
    // "tiger"
    0x0074,0x0069,0x0067,0x0065,0x0072,0xD83D,0xDC2F,
    // "tiger2"
    0x0074,0x0069,0x0067,0x0065,0x0072,0x0032,0xD83D,0xDC05,
    // "timer_clock"
    0x0074,0x0069,0x006D,0x0065,0x0072,0x005F,0x0063,0x006C,0x006F,0x0063,0x006B,0x23F2,0xFE0F,
    // "tired_face"
    0x0074,0x0069,0x0072,0x0065,0x0064,0x005F,0x0066,0x0061,0x0063,0x0065,0xD83D,0xDE2B,
    // "tm"
    0x0074,0x006D,0x2122,0xFE0F,
    // "toilet"
    0x0074,0x006F,0x0069,0x006C,0x0065,0x0074,0xD83D,0xDEBD,
    // "tokyo_tower"
    0x0074,0x006F,0x006B,0x0079,0x006F,0x005F,0x0074,0x006F,0x0077,0x0065,0x0072,0xD83D,0xDDFC,
    // "tomato"
    0x0074,0x006F,0x006D,0x0061,0x0074,0x006F,0xD83C,0xDF45,
    // "tongue"
    0x0074,0x006F,0x006E,0x0067,0x0075,0x0065,0xD83D,0xDC45,
    // "toolbox"
    0x0074,0x006F,0x006F,0x006C,0x0062,0x006F,0x0078,0xD83E,0xDDF0,
    // "tooth"
    0x0074,0x006F,0x006F,0x0074,0x0068,0xD83E,0xDDB7,
    // "toothbrush"
    0x0074,0x006F,0x006F,0x0074,0x0068,0x0062,0x0072,0x0075,0x0073,0x0068,0xD83E,0xDEA5,
    // "top"
    0x0074,0x006F,0x0070,0xD83D,0xDD1D,
    // "tophat"
    0x0074,0x006F,0x0070,0x0068,0x0061,0x0074,0xD83C,0xDFA9,
    // "tornado"
    0x0074,0x006F,0x0072,0x006E,0x0061,0x0064,0x006F,0xD83C,0xDF2A,0xFE0F,
    // "tornado_cloud"
    0x0074,0x006F,0x0072,0x006E,0x0061,0x0064,0x006F,0x005F,0x0063,0x006C,0x006F,0x0075,0x0064,0xD83C,0xDF2A,0xFE0F,
    // "trackball"
    0x0074,0x0072,0x0061,0x0063,0x006B,0x0062,0x0061,0x006C,0x006C,0xD83D,0xDDB2,0xFE0F,
    // "tractor"
    0x0074,0x0072,0x0061,0x0063,0x0074,0x006F,0x0072,0xD83D,0xDE9C,
    // "traffic_light"
    0x0074,0x0072,0x0061,0x0066,0x0066,0x0069,0x0063,0x005F,0x006C,0x0069,0x0067,0x0068,0x0074,0xD83D,0xDEA5,
    // "train"
    0x0074,0x0072,0x0061,0x0069,0x006E,0xD83D,0xDE8B,
    // "train2"
    0x0074,0x0072,0x0061,0x0069,0x006E,0x0032,0xD83D,0xDE86,
    // "tram"
    0x0074,0x0072,0x0061,0x006D,0xD83D,0xDE8A,
    // "transgender_flag"
    0x0074,0x0072,0x0061,0x006E,0x0073,0x0067,0x0065,0x006E,0x0064,0x0065,0x0072,0x005F,0x0066,0x006C,0x0061,0x0067,
    0xD83C,0xDFF3,0xFE0F,0x200D,0x26A7,0xFE0F,
    // "transgender_symbol"
    0x0074,0x0072,0x0061,0x006E,0x0073,0x0067,0x0065,0x006E,0x0064,0x0065,0x0072,0x005F,0x0073,0x0079,0x006D,0x0062,
    0x006F,0x006C,0x26A7,0xFE0F,
    // "triangular_flag_on_post"
    0x0074,0x0072,0x0069,0x0061,0x006E,0x0067,0x0075,0x006C,0x0061,0x0072,0x005F,0x0066,0x006C,0x0061,0x0067,0x005F,
    0x006F,0x006E,0x005F,0x0070,0x006F,0x0073,0x0074,0xD83D,0xDEA9,
    // "triangular_ruler"
    0x0074,0x0072,0x0069,0x0061,0x006E,0x0067,0x0075,0x006C,0x0061,0x0072,0x005F,0x0072,0x0075,0x006C,0x0065,0x0072,
    0xD83D,0xDCD0,
    // "trident"
    0x0074,0x0072,0x0069,0x0064,0x0065,0x006E,0x0074,0xD83D,0xDD31,
    // "triumph"
    0x0074,0x0072,0x0069,0x0075,0x006D,0x0070,0x0068,0xD83D,0xDE24,
    // "troll"
    0x0074,0x0072,0x006F,0x006C,0x006C,0xD83E,0xDDCC,
    // "trolleybus"
    0x0074,0x0072,0x006F,0x006C,0x006C,0x0065,0x0079,0x0062,0x0075,0x0073,0xD83D,0xDE8E,
    // "trophy"
    0x0074,0x0072,0x006F,0x0070,0x0068,0x0079,0xD83C,0xDFC6,
    // "tropical_drink"
    0x0074,0x0072,0x006F,0x0070,0x0069,0x0063,0x0061,0x006C,0x005F,0x0064,0x0072,0x0069,0x006E,0x006B,0xD83C,0xDF79,
    // "tropical_fish"
    0x0074,0x0072,0x006F,0x0070,0x0069,0x0063,0x0061,0x006C,0x005F,0x0066,0x0069,0x0073,0x0068,0xD83D,0xDC20,
    // "truck"
    0x0074,0x0072,0x0075,0x0063,0x006B,0xD83D,0xDE9A,
    // "trumpet"
    0x0074,0x0072,0x0075,0x006D,0x0070,0x0065,0x0074,0xD83C,0xDFBA,
    // "tshirt"
    0x0074,0x0073,0x0068,0x0069,0x0072,0x0074,0xD83D,0xDC55,
    // "tulip"
    0x0074,0x0075,0x006C,0x0069,0x0070,0xD83C,0xDF37,
    // "tumbler_glass"
    0x0074,0x0075,0x006D,0x0062,0x006C,0x0065,0x0072,0x005F,0x0067,0x006C,0x0061,0x0073,0x0073,0xD83E,0xDD43,
    // "turkey"
    0x0074,0x0075,0x0072,0x006B,0x0065,0x0079,0xD83E,0xDD83,
    // "turtle"
    0x0074,0x0075,0x0072,0x0074,0x006C,0x0065,0xD83D,0xDC22,
    // "tv"
    0x0074,0x0076,0xD83D,0xDCFA,
    // "twisted_rightwards_arrows"
    0x0074,0x0077,0x0069,0x0073,0x0074,0x0065,0x0064,0x005F,0x0072,0x0069,0x0067,0x0068,0x0074,0x0077,0x0061,0x0072,
    0x0064,0x0073,0x005F,0x0061,0x0072,0x0072,0x006F,0x0077,0x0073,0xD83D,0xDD00,
    // "two"
    0x0074,0x0077,0x006F,0x0032,0xFE0F,0x20E3,
    // "two_hearts"
    0x0074,0x0077,0x006F,0x005F,0x0068,0x0065,0x0061,0x0072,0x0074,0x0073,0xD83D,0xDC95,
    // "two_men_holding_hands"
    0x0074,0x0077,0x006F,0x005F,0x006D,0x0065,0x006E,0x005F,0x0068,0x006F,0x006C,0x0064,0x0069,0x006E,0x0067,0x005F,
    0x0068,0x0061,0x006E,0x0064,0x0073,0xD83D,0xDC6C,
    // "two_women_holding_hands"
    0x0074,0x0077,0x006F,0x005F,0x0077,0x006F,0x006D,0x0065,0x006E,0x005F,0x0068,0x006F,0x006C,0x0064,0x0069,0x006E,
    0x0067,0x005F,0x0068,0x0061,0x006E,0x0064,0x0073,0xD83D,0xDC6D,
    // "u5272"
    0x0075,0x0035,0x0032,0x0037,0x0032,0xD83C,0xDE39,
    // "u5408"
    0x0075,0x0035,0x0034,0x0030,0x0038,0xD83C,0xDE34,
    // "u55b6"
    0x0075,0x0035,0x0035,0x0062,0x0036,0xD83C,0xDE3A,
    // "u6307"
    0x0075,0x0036,0x0033,0x0030,0x0037,0xD83C,0xDE2F,
    // "u6708"
    0x0075,0x0036,0x0037,0x0030,0x0038,0xD83C,0xDE37,0xFE0F,
    // "u6709"
    0x0075,0x0036,0x0037,0x0030,0x0039,0xD83C,0xDE36,
    // "u6e80"
    0x0075,0x0036,0x0065,0x0038,0x0030,0xD83C,0xDE35,
    // "u7121"
    0x0075,0x0037,0x0031,0x0032,0x0031,0xD83C,0xDE1A,
    // "u7533"
    0x0075,0x0037,0x0035,0x0033,0x0033,0xD83C,0xDE38,
    // "u7981"
    0x0075,0x0037,0x0039,0x0038,0x0031,0xD83C,0xDE32,
    // "u7a7a"
    0x0075,0x0037,0x0061,0x0037,0x0061,0xD83C,0xDE33,
    // "uk"
    0x0075,0x006B,0xD83C,0xDDEC,0xD83C,0xDDE7,
    // "umbrella"
    0x0075,0x006D,0x0062,0x0072,0x0065,0x006C,0x006C,0x0061,0x2602,0xFE0F,
    // "umbrella_on_ground"
    0x0075,0x006D,0x0062,0x0072,0x0065,0x006C,0x006C,0x0061,0x005F,0x006F,0x006E,0x005F,0x0067,0x0072,0x006F,0x0075,
    0x006E,0x0064,0x26F1,0xFE0F,
    // "umbrella_with_rain_drops"
    0x0075,0x006D,0x0062,0x0072,0x0065,0x006C,0x006C,0x0061,0x005F,0x0077,0x0069,0x0074,0x0068,0x005F,0x0072,0x0061,
    0x0069,0x006E,0x005F,0x0064,0x0072,0x006F,0x0070,0x0073,0x2614,
    // "unamused"
    0x0075,0x006E,0x0061,0x006D,0x0075,0x0073,0x0065,0x0064,0xD83D,0xDE12,
    // "underage"
    0x0075,0x006E,0x0064,0x0065,0x0072,0x0061,0x0067,0x0065,0xD83D,0xDD1E,
    // "unicorn_face"
    0x0075,0x006E,0x0069,0x0063,0x006F,0x0072,0x006E,0x005F,0x0066,0x0061,0x0063,0x0065,0xD83E,0xDD84,
    // "unlock"
    0x0075,0x006E,0x006C,0x006F,0x0063,0x006B,0xD83D,0xDD13,
    // "up"
    0x0075,0x0070,0xD83C,0xDD99,
    // "upside_down_face"
    0x0075,0x0070,0x0073,0x0069,0x0064,0x0065,0x005F,0x0064,0x006F,0x0077,0x006E,0x005F,0x0066,0x0061,0x0063,0x0065,
    0xD83D,0xDE43,
    // "us"
    0x0075,0x0073,0xD83C,0xDDFA,0xD83C,0xDDF8,
    // "v"
    0x0076,0x270C,0xFE0F,
    // "vampire"
    0x0076,0x0061,0x006D,0x0070,0x0069,0x0072,0x0065,0xD83E,0xDDDB,
    // "vertical_traffic_light"
    0x0076,0x0065,0x0072,0x0074,0x0069,0x0063,0x0061,0x006C,0x005F,0x0074,0x0072,0x0061,0x0066,0x0066,0x0069,0x0063,
    0x005F,0x006C,0x0069,0x0067,0x0068,0x0074,0xD83D,0xDEA6,
    // "vhs"
    0x0076,0x0068,0x0073,0xD83D,0xDCFC,
    // "vibration_mode"
    0x0076,0x0069,0x0062,0x0072,0x0061,0x0074,0x0069,0x006F,0x006E,0x005F,0x006D,0x006F,0x0064,0x0065,0xD83D,0xDCF3,
    // "video_camera"
    0x0076,0x0069,0x0064,0x0065,0x006F,0x005F,0x0063,0x0061,0x006D,0x0065,0x0072,0x0061,0xD83D,0xDCF9,
    // "video_game"
    0x0076,0x0069,0x0064,0x0065,0x006F,0x005F,0x0067,0x0061,0x006D,0x0065,0xD83C,0xDFAE,
    // "violin"
    0x0076,0x0069,0x006F,0x006C,0x0069,0x006E,0xD83C,0xDFBB,
    // "virgo"
    0x0076,0x0069,0x0072,0x0067,0x006F,0x264D,
    // "volcano"
    0x0076,0x006F,0x006C,0x0063,0x0061,0x006E,0x006F,0xD83C,0xDF0B,
    // "volleyball"
    0x0076,0x006F,0x006C,0x006C,0x0065,0x0079,0x0062,0x0061,0x006C,0x006C,0xD83C,0xDFD0,
    // "vs"
    0x0076,0x0073,0xD83C,0xDD9A,
    // "waffle"
    0x0077,0x0061,0x0066,0x0066,0x006C,0x0065,0xD83E,0xDDC7,
    // "walking"
    0x0077,0x0061,0x006C,0x006B,0x0069,0x006E,0x0067,0xD83D,0xDEB6,
    // "waning_crescent_moon"
    0x0077,0x0061,0x006E,0x0069,0x006E,0x0067,0x005F,0x0063,0x0072,0x0065,0x0073,0x0063,0x0065,0x006E,0x0074,0x005F,
    0x006D,0x006F,0x006F,0x006E,0xD83C,0xDF18,
    // "waning_gibbous_moon"
    0x0077,0x0061,0x006E,0x0069,0x006E,0x0067,0x005F,0x0067,0x0069,0x0062,0x0062,0x006F,0x0075,0x0073,0x005F,0x006D,
    0x006F,0x006F,0x006E,0xD83C,0xDF16,
    // "warning"
    0x0077,0x0061,0x0072,0x006E,0x0069,0x006E,0x0067,0x26A0,0xFE0F,
    // "wastebasket"
    0x0077,0x0061,0x0073,0x0074,0x0065,0x0062,0x0061,0x0073,0x006B,0x0065,0x0074,0xD83D,0xDDD1,0xFE0F,
    // "watch"
    0x0077,0x0061,0x0074,0x0063,0x0068,0x231A,
    // "water_buffalo"
    0x0077,0x0061,0x0074,0x0065,0x0072,0x005F,0x0062,0x0075,0x0066,0x0066,0x0061,0x006C,0x006F,0xD83D,0xDC03,
    // "water_polo"
    0x0077,0x0061,0x0074,0x0065,0x0072,0x005F,0x0070,0x006F,0x006C,0x006F,0xD83E,0xDD3D,
    // "watermelon"
    0x0077,0x0061,0x0074,0x0065,0x0072,0x006D,0x0065,0x006C,0x006F,0x006E,0xD83C,0xDF49,
    // "wave"
    0x0077,0x0061,0x0076,0x0065,0xD83D,0xDC4B,
    // "waving_black_flag"
    0x0077,0x0061,0x0076,0x0069,0x006E,0x0067,0x005F,0x0062,0x006C,0x0061,0x0063,0x006B,0x005F,0x0066,0x006C,0x0061,
    0x0067,0xD83C,0xDFF4,
    // "waving_white_flag"
    0x0077,0x0061,0x0076,0x0069,0x006E,0x0067,0x005F,0x0077,0x0068,0x0069,0x0074,0x0065,0x005F,0x0066,0x006C,0x0061,
    0x0067,0xD83C,0xDFF3,0xFE0F,
    // "wavy_dash"
    0x0077,0x0061,0x0076,0x0079,0x005F,0x0064,0x0061,0x0073,0x0068,0x3030,0xFE0F,
    // "waxing_crescent_moon"
    0x0077,0x0061,0x0078,0x0069,0x006E,0x0067,0x005F,0x0063,0x0072,0x0065,0x0073,0x0063,0x0065,0x006E,0x0074,0x005F,
    0x006D,0x006F,0x006F,0x006E,0xD83C,0xDF12,
    // "waxing_gibbous_moon"
    0x0077,0x0061,0x0078,0x0069,0x006E,0x0067,0x005F,0x0067,0x0069,0x0062,0x0062,0x006F,0x0075,0x0073,0x005F,0x006D,
    0x006F,0x006F,0x006E,0xD83C,0xDF14,
    // "wc"
    0x0077,0x0063,0xD83D,0xDEBE,
    // "weary"
    0x0077,0x0065,0x0061,0x0072,0x0079,0xD83D,0xDE29,
    // "wedding"
    0x0077,0x0065,0x0064,0x0064,0x0069,0x006E,0x0067,0xD83D,0xDC92,
    // "weight_lifter"
    0x0077,0x0065,0x0069,0x0067,0x0068,0x0074,0x005F,0x006C,0x0069,0x0066,0x0074,0x0065,0x0072,0xD83C,0xDFCB,0xFE0F,
    // "whale"
    0x0077,0x0068,0x0061,0x006C,0x0065,0xD83D,0xDC33,
    // "whale2"
    0x0077,0x0068,0x0061,0x006C,0x0065,0x0032,0xD83D,0xDC0B,
    // "wheel"
    0x0077,0x0068,0x0065,0x0065,0x006C,0xD83D,0xDEDE,
    // "wheel_of_dharma"
    0x0077,0x0068,0x0065,0x0065,0x006C,0x005F,0x006F,0x0066,0x005F,0x0064,0x0068,0x0061,0x0072,0x006D,0x0061,0x2638,
    0xFE0F,
    // "wheelchair"
    0x0077,0x0068,0x0065,0x0065,0x006C,0x0063,0x0068,0x0061,0x0069,0x0072,0x267F,
    // "white_check_mark"
    0x0077,0x0068,0x0069,0x0074,0x0065,0x005F,0x0063,0x0068,0x0065,0x0063,0x006B,0x005F,0x006D,0x0061,0x0072,0x006B,
    0x2705,
    // "white_circle"
    0x0077,0x0068,0x0069,0x0074,0x0065,0x005F,0x0063,0x0069,0x0072,0x0063,0x006C,0x0065,0x26AA,
    // "white_flower"
    0x0077,0x0068,0x0069,0x0074,0x0065,0x005F,0x0066,0x006C,0x006F,0x0077,0x0065,0x0072,0xD83D,0xDCAE,
    // "white_frowning_face"
    0x0077,0x0068,0x0069,0x0074,0x0065,0x005F,0x0066,0x0072,0x006F,0x0077,0x006E,0x0069,0x006E,0x0067,0x005F,0x0066,
    0x0061,0x0063,0x0065,0x2639,0xFE0F,
    // "white_haired_man"
    0x0077,0x0068,0x0069,0x0074,0x0065,0x005F,0x0068,0x0061,0x0069,0x0072,0x0065,0x0064,0x005F,0x006D,0x0061,0x006E,
    0xD83D,0xDC68,0x200D,0xD83E,0xDDB3,
    // "white_haired_person"
    0x0077,0x0068,0x0069,0x0074,0x0065,0x005F,0x0068,0x0061,0x0069,0x0072,0x0065,0x0064,0x005F,0x0070,0x0065,0x0072,
    0x0073,0x006F,0x006E,0xD83E,0xDDD1,0x200D,0xD83E,0xDDB3,
    // "white_haired_woman"
    0x0077,0x0068,0x0069,0x0074,0x0065,0x005F,0x0068,0x0061,0x0069,0x0072,0x0065,0x0064,0x005F,0x0077,0x006F,0x006D,
    0x0061,0x006E,0xD83D,0xDC69,0x200D,0xD83E,0xDDB3,
    // "white_heart"
    0x0077,0x0068,0x0069,0x0074,0x0065,0x005F,0x0068,0x0065,0x0061,0x0072,0x0074,0xD83E,0xDD0D,
    // "white_large_square"
    0x0077,0x0068,0x0069,0x0074,0x0065,0x005F,0x006C,0x0061,0x0072,0x0067,0x0065,0x005F,0x0073,0x0071,0x0075,0x0061,
    0x0072,0x0065,0x2B1C,
    // "white_medium_small_square"
    0x0077,0x0068,0x0069,0x0074,0x0065,0x005F,0x006D,0x0065,0x0064,0x0069,0x0075,0x006D,0x005F,0x0073,0x006D,0x0061,
    0x006C,0x006C,0x005F,0x0073,0x0071,0x0075,0x0061,0x0072,0x0065,0x25FD,
    // "white_medium_square"
    0x0077,0x0068,0x0069,0x0074,0x0065,0x005F,0x006D,0x0065,0x0064,0x0069,0x0075,0x006D,0x005F,0x0073,0x0071,0x0075,
    0x0061,0x0072,0x0065,0x25FB,0xFE0F,
    // "white_small_square"
    0x0077,0x0068,0x0069,0x0074,0x0065,0x005F,0x0073,0x006D,0x0061,0x006C,0x006C,0x005F,0x0073,0x0071,0x0075,0x0061,
    0x0072,0x0065,0x25AB,0xFE0F,
    // "white_square_button"
    0x0077,0x0068,0x0069,0x0074,0x0065,0x005F,0x0073,0x0071,0x0075,0x0061,0x0072,0x0065,0x005F,0x0062,0x0075,0x0074,
    0x0074,0x006F,0x006E,0xD83D,0xDD33,
    // "wilted_flower"
    0x0077,0x0069,0x006C,0x0074,0x0065,0x0064,0x005F,0x0066,0x006C,0x006F,0x0077,0x0065,0x0072,0xD83E,0xDD40,
    // "wind_blowing_face"
    0x0077,0x0069,0x006E,0x0064,0x005F,0x0062,0x006C,0x006F,0x0077,0x0069,0x006E,0x0067,0x005F,0x0066,0x0061,0x0063,
    0x0065,0xD83C,0xDF2C,0xFE0F,
    // "wind_chime"
    0x0077,0x0069,0x006E,0x0064,0x005F,0x0063,0x0068,0x0069,0x006D,0x0065,0xD83C,0xDF90,
    // "window"
    0x0077,0x0069,0x006E,0x0064,0x006F,0x0077,0xD83E,0xDE9F,
    // "wine_glass"
    0x0077,0x0069,0x006E,0x0065,0x005F,0x0067,0x006C,0x0061,0x0073,0x0073,0xD83C,0xDF77,
    // "wing"
    0x0077,0x0069,0x006E,0x0067,0xD83E,0xDEBD,
    // "wink"
    0x0077,0x0069,0x006E,0x006B,0xD83D,0xDE09,
    // "wireless"
    0x0077,0x0069,0x0072,0x0065,0x006C,0x0065,0x0073,0x0073,0xD83D,0xDEDC,
    // "wolf"
    0x0077,0x006F,0x006C,0x0066,0xD83D,0xDC3A,
    // "woman"
    0x0077,0x006F,0x006D,0x0061,0x006E,0xD83D,0xDC69,
    // "woman-biking"
    0x0077,0x006F,0x006D,0x0061,0x006E,0x002D,0x0062,0x0069,0x006B,0x0069,0x006E,0x0067,0xD83D,0xDEB4,0x200D,0x2640,
    0xFE0F,
    // "woman-bouncing-ball"
    0x0077,0x006F,0x006D,0x0061,0x006E,0x002D,0x0062,0x006F,0x0075,0x006E,0x0063,0x0069,0x006E,0x0067,0x002D,0x0062,
    0x0061,0x006C,0x006C,0x26F9,0xFE0F,0x200D,0x2640,0xFE0F,
    // "woman-bowing"
    0x0077,0x006F,0x006D,0x0061,0x006E,0x002D,0x0062,0x006F,0x0077,0x0069,0x006E,0x0067,0xD83D,0xDE47,0x200D,0x2640,
    0xFE0F,
    // "woman-boy"
    0x0077,0x006F,0x006D,0x0061,0x006E,0x002D,0x0062,0x006F,0x0079,0xD83D,0xDC69,0x200D,0xD83D,0xDC66,
    // "woman-boy-boy"
    0x0077,0x006F,0x006D,0x0061,0x006E,0x002D,0x0062,0x006F,0x0079,0x002D,0x0062,0x006F,0x0079,0xD83D,0xDC69,0x200D,
    0xD83D,0xDC66,0x200D,0xD83D,0xDC66,
    // "woman-cartwheeling"
    0x0077,0x006F,0x006D,0x0061,0x006E,0x002D,0x0063,0x0061,0x0072,0x0074,0x0077,0x0068,0x0065,0x0065,0x006C,0x0069,
    0x006E,0x0067,0xD83E,0xDD38,0x200D,0x2640,0xFE0F,
    // "woman-facepalming"
    0x0077,0x006F,0x006D,0x0061,0x006E,0x002D,0x0066,0x0061,0x0063,0x0065,0x0070,0x0061,0x006C,0x006D,0x0069,0x006E,
    0x0067,0xD83E,0xDD26,0x200D,0x2640,0xFE0F,
    // "woman-frowning"
    0x0077,0x006F,0x006D,0x0061,0x006E,0x002D,0x0066,0x0072,0x006F,0x0077,0x006E,0x0069,0x006E,0x0067,0xD83D,0xDE4D,
    0x200D,0x2640,0xFE0F,
    // "woman-gesturing-no"
    0x0077,0x006F,0x006D,0x0061,0x006E,0x002D,0x0067,0x0065,0x0073,0x0074,0x0075,0x0072,0x0069,0x006E,0x0067,0x002D,
    0x006E,0x006F,0xD83D,0xDE45,0x200D,0x2640,0xFE0F,
    // "woman-gesturing-ok"
    0x0077,0x006F,0x006D,0x0061,0x006E,0x002D,0x0067,0x0065,0x0073,0x0074,0x0075,0x0072,0x0069,0x006E,0x0067,0x002D,
    0x006F,0x006B,0xD83D,0xDE46,0x200D,0x2640,0xFE0F,
    // "woman-getting-haircut"
    0x0077,0x006F,0x006D,0x0061,0x006E,0x002D,0x0067,0x0065,0x0074,0x0074,0x0069,0x006E,0x0067,0x002D,0x0068,0x0061,
    0x0069,0x0072,0x0063,0x0075,0x0074,0xD83D,0xDC87,0x200D,0x2640,0xFE0F,
    // "woman-getting-massage"
    0x0077,0x006F,0x006D,0x0061,0x006E,0x002D,0x0067,0x0065,0x0074,0x0074,0x0069,0x006E,0x0067,0x002D,0x006D,0x0061,
    0x0073,0x0073,0x0061,0x0067,0x0065,0xD83D,0xDC86,0x200D,0x2640,0xFE0F,
    // "woman-girl"
    0x0077,0x006F,0x006D,0x0061,0x006E,0x002D,0x0067,0x0069,0x0072,0x006C,0xD83D,0xDC69,0x200D,0xD83D,0xDC67,
    // "woman-girl-boy"
    0x0077,0x006F,0x006D,0x0061,0x006E,0x002D,0x0067,0x0069,0x0072,0x006C,0x002D,0x0062,0x006F,0x0079,0xD83D,0xDC69,
    0x200D,0xD83D,0xDC67,0x200D,0xD83D,0xDC66,
    // "woman-girl-girl"
    0x0077,0x006F,0x006D,0x0061,0x006E,0x002D,0x0067,0x0069,0x0072,0x006C,0x002D,0x0067,0x0069,0x0072,0x006C,0xD83D,
    0xDC69,0x200D,0xD83D,0xDC67,0x200D,0xD83D,0xDC67,
    // "woman-golfing"
    0x0077,0x006F,0x006D,0x0061,0x006E,0x002D,0x0067,0x006F,0x006C,0x0066,0x0069,0x006E,0x0067,0xD83C,0xDFCC,0xFE0F,
    0x200D,0x2640,0xFE0F,
    // "woman-heart-man"
    0x0077,0x006F,0x006D,0x0061,0x006E,0x002D,0x0068,0x0065,0x0061,0x0072,0x0074,0x002D,0x006D,0x0061,0x006E,0xD83D,
    0xDC69,0x200D,0x2764,0xFE0F,0x200D,0xD83D,0xDC68,
    // "woman-heart-woman"
    0x0077,0x006F,0x006D,0x0061,0x006E,0x002D,0x0068,0x0065,0x0061,0x0072,0x0074,0x002D,0x0077,0x006F,0x006D,0x0061,
    0x006E,0xD83D,0xDC69,0x200D,0x2764,0xFE0F,0x200D,0xD83D,0xDC69,
    // "woman-juggling"
    0x0077,0x006F,0x006D,0x0061,0x006E,0x002D,0x006A,0x0075,0x0067,0x0067,0x006C,0x0069,0x006E,0x0067,0xD83E,0xDD39,
    0x200D,0x2640,0xFE0F,
    // "woman-kiss-man"
    0x0077,0x006F,0x006D,0x0061,0x006E,0x002D,0x006B,0x0069,0x0073,0x0073,0x002D,0x006D,0x0061,0x006E,0xD83D,0xDC69,
    0x200D,0x2764,0xFE0F,0x200D,0xD83D,0xDC8B,0x200D,0xD83D,0xDC68,
    // "woman-kiss-woman"
    0x0077,0x006F,0x006D,0x0061,0x006E,0x002D,0x006B,0x0069,0x0073,0x0073,0x002D,0x0077,0x006F,0x006D,0x0061,0x006E,
    0xD83D,0xDC69,0x200D,0x2764,0xFE0F,0x200D,0xD83D,0xDC8B,0x200D,0xD83D,0xDC69,
    // "woman-lifting-weights"
    0x0077,0x006F,0x006D,0x0061,0x006E,0x002D,0x006C,0x0069,0x0066,0x0074,0x0069,0x006E,0x0067,0x002D,0x0077,0x0065,
    0x0069,0x0067,0x0068,0x0074,0x0073,0xD83C,0xDFCB,0xFE0F,0x200D,0x2640,0xFE0F,
    // "woman-mountain-biking"
    0x0077,0x006F,0x006D,0x0061,0x006E,0x002D,0x006D,0x006F,0x0075,0x006E,0x0074,0x0061,0x0069,0x006E,0x002D,0x0062,
    0x0069,0x006B,0x0069,0x006E,0x0067,0xD83D,0xDEB5,0x200D,0x2640,0xFE0F,
    // "woman-playing-handball"
    0x0077,0x006F,0x006D,0x0061,0x006E,0x002D,0x0070,0x006C,0x0061,0x0079,0x0069,0x006E,0x0067,0x002D,0x0068,0x0061,
    0x006E,0x0064,0x0062,0x0061,0x006C,0x006C,0xD83E,0xDD3E,0x200D,0x2640,0xFE0F,
    // "woman-playing-water-polo"
    0x0077,0x006F,0x006D,0x0061,0x006E,0x002D,0x0070,0x006C,0x0061,0x0079,0x0069,0x006E,0x0067,0x002D,0x0077,0x0061,
    0x0074,0x0065,0x0072,0x002D,0x0070,0x006F,0x006C,0x006F,0xD83E,0xDD3D,0x200D,0x2640,0xFE0F,
    // "woman-pouting"
    0x0077,0x006F,0x006D,0x0061,0x006E,0x002D,0x0070,0x006F,0x0075,0x0074,0x0069,0x006E,0x0067,0xD83D,0xDE4E,0x200D,
    0x2640,0xFE0F,
    // "woman-raising-hand"
    0x0077,0x006F,0x006D,0x0061,0x006E,0x002D,0x0072,0x0061,0x0069,0x0073,0x0069,0x006E,0x0067,0x002D,0x0068,0x0061,
    0x006E,0x0064,0xD83D,0xDE4B,0x200D,0x2640,0xFE0F,
    // "woman-rowing-boat"
    0x0077,0x006F,0x006D,0x0061,0x006E,0x002D,0x0072,0x006F,0x0077,0x0069,0x006E,0x0067,0x002D,0x0062,0x006F,0x0061,
    0x0074,0xD83D,0xDEA3,0x200D,0x2640,0xFE0F,
    // "woman-running"
    0x0077,0x006F,0x006D,0x0061,0x006E,0x002D,0x0072,0x0075,0x006E,0x006E,0x0069,0x006E,0x0067,0xD83C,0xDFC3,0x200D,
    0x2640,0xFE0F,
    // "woman-shrugging"
    0x0077,0x006F,0x006D,0x0061,0x006E,0x002D,0x0073,0x0068,0x0072,0x0075,0x0067,0x0067,0x0069,0x006E,0x0067,0xD83E,
    0xDD37,0x200D,0x2640,0xFE0F,
    // "woman-surfing"
    0x0077,0x006F,0x006D,0x0061,0x006E,0x002D,0x0073,0x0075,0x0072,0x0066,0x0069,0x006E,0x0067,0xD83C,0xDFC4,0x200D,
    0x2640,0xFE0F,
    // "woman-swimming"
    0x0077,0x006F,0x006D,0x0061,0x006E,0x002D,0x0073,0x0077,0x0069,0x006D,0x006D,0x0069,0x006E,0x0067,0xD83C,0xDFCA,
    0x200D,0x2640,0xFE0F,
    // "woman-tipping-hand"
    0x0077,0x006F,0x006D,0x0061,0x006E,0x002D,0x0074,0x0069,0x0070,0x0070,0x0069,0x006E,0x0067,0x002D,0x0068,0x0061,
    0x006E,0x0064,0xD83D,0xDC81,0x200D,0x2640,0xFE0F,
    // "woman-walking"
    0x0077,0x006F,0x006D,0x0061,0x006E,0x002D,0x0077,0x0061,0x006C,0x006B,0x0069,0x006E,0x0067,0xD83D,0xDEB6,0x200D,
    0x2640,0xFE0F,
    // "woman-wearing-turban"
    0x0077,0x006F,0x006D,0x0061,0x006E,0x002D,0x0077,0x0065,0x0061,0x0072,0x0069,0x006E,0x0067,0x002D,0x0074,0x0075,
    0x0072,0x0062,0x0061,0x006E,0xD83D,0xDC73,0x200D,0x2640,0xFE0F,
    // "woman-with-bunny-ears-partying"
    0x0077,0x006F,0x006D,0x0061,0x006E,0x002D,0x0077,0x0069,0x0074,0x0068,0x002D,0x0062,0x0075,0x006E,0x006E,0x0079,
    0x002D,0x0065,0x0061,0x0072,0x0073,0x002D,0x0070,0x0061,0x0072,0x0074,0x0079,0x0069,0x006E,0x0067,0xD83D,0xDC6F,
    0x200D,0x2640,0xFE0F,
    // "woman-woman-boy"
    0x0077,0x006F,0x006D,0x0061,0x006E,0x002D,0x0077,0x006F,0x006D,0x0061,0x006E,0x002D,0x0062,0x006F,0x0079,0xD83D,
    0xDC69,0x200D,0xD83D,0xDC69,0x200D,0xD83D,0xDC66,
    // "woman-woman-boy-boy"
    0x0077,0x006F,0x006D,0x0061,0x006E,0x002D,0x0077,0x006F,0x006D,0x0061,0x006E,0x002D,0x0062,0x006F,0x0079,0x002D,
    0x0062,0x006F,0x0079,0xD83D,0xDC69,0x200D,0xD83D,0xDC69,0x200D,0xD83D,0xDC66,0x200D,0xD83D,0xDC66,
    // "woman-woman-girl"
    0x0077,0x006F,0x006D,0x0061,0x006E,0x002D,0x0077,0x006F,0x006D,0x0061,0x006E,0x002D,0x0067,0x0069,0x0072,0x006C,
    0xD83D,0xDC69,0x200D,0xD83D,0xDC69,0x200D,0xD83D,0xDC67,
    // "woman-woman-girl-boy"
    0x0077,0x006F,0x006D,0x0061,0x006E,0x002D,0x0077,0x006F,0x006D,0x0061,0x006E,0x002D,0x0067,0x0069,0x0072,0x006C,
    0x002D,0x0062,0x006F,0x0079,0xD83D,0xDC69,0x200D,0xD83D,0xDC69,0x200D,0xD83D,0xDC67,0x200D,0xD83D,0xDC66,
    // "woman-woman-girl-girl"
    0x0077,0x006F,0x006D,0x0061,0x006E,0x002D,0x0077,0x006F,0x006D,0x0061,0x006E,0x002D,0x0067,0x0069,0x0072,0x006C,
    0x002D,0x0067,0x0069,0x0072,0x006C,0xD83D,0xDC69,0x200D,0xD83D,0xDC69,0x200D,0xD83D,0xDC67,0x200D,0xD83D,0xDC67,
    // "woman-wrestling"
    0x0077,0x006F,0x006D,0x0061,0x006E,0x002D,0x0077,0x0072,0x0065,0x0073,0x0074,0x006C,0x0069,0x006E,0x0067,0xD83E,
    0xDD3C,0x200D,0x2640,0xFE0F,
    // "woman_and_man_holding_hands"
    0x0077,0x006F,0x006D,0x0061,0x006E,0x005F,0x0061,0x006E,0x0064,0x005F,0x006D,0x0061,0x006E,0x005F,0x0068,0x006F,
    0x006C,0x0064,0x0069,0x006E,0x0067,0x005F,0x0068,0x0061,0x006E,0x0064,0x0073,0xD83D,0xDC6B,
    // "woman_climbing"
    0x0077,0x006F,0x006D,0x0061,0x006E,0x005F,0x0063,0x006C,0x0069,0x006D,0x0062,0x0069,0x006E,0x0067,0xD83E,0xDDD7,
    0x200D,0x2640,0xFE0F,
    // "woman_feeding_baby"
    0x0077,0x006F,0x006D,0x0061,0x006E,0x005F,0x0066,0x0065,0x0065,0x0064,0x0069,0x006E,0x0067,0x005F,0x0062,0x0061,
    0x0062,0x0079,0xD83D,0xDC69,0x200D,0xD83C,0xDF7C,
    // "woman_in_lotus_position"
    0x0077,0x006F,0x006D,0x0061,0x006E,0x005F,0x0069,0x006E,0x005F,0x006C,0x006F,0x0074,0x0075,0x0073,0x005F,0x0070,
    0x006F,0x0073,0x0069,0x0074,0x0069,0x006F,0x006E,0xD83E,0xDDD8,0x200D,0x2640,0xFE0F,
    // "woman_in_manual_wheelchair"
    0x0077,0x006F,0x006D,0x0061,0x006E,0x005F,0x0069,0x006E,0x005F,0x006D,0x0061,0x006E,0x0075,0x0061,0x006C,0x005F,
    0x0077,0x0068,0x0065,0x0065,0x006C,0x0063,0x0068,0x0061,0x0069,0x0072,0xD83D,0xDC69,0x200D,0xD83E,0xDDBD,
    // "woman_in_manual_wheelchair_facing_right"
    0x0077,0x006F,0x006D,0x0061,0x006E,0x005F,0x0069,0x006E,0x005F,0x006D,0x0061,0x006E,0x0075,0x0061,0x006C,0x005F,
    0x0077,0x0068,0x0065,0x0065,0x006C,0x0063,0x0068,0x0061,0x0069,0x0072,0x005F,0x0066,0x0061,0x0063,0x0069,0x006E,
    0x0067,0x005F,0x0072,0x0069,0x0067,0x0068,0x0074,0xD83D,0xDC69,0x200D,0xD83E,0xDDBD,0x200D,0x27A1,0xFE0F,
    // "woman_in_motorized_wheelchair"
    0x0077,0x006F,0x006D,0x0061,0x006E,0x005F,0x0069,0x006E,0x005F,0x006D,0x006F,0x0074,0x006F,0x0072,0x0069,0x007A,
    0x0065,0x0064,0x005F,0x0077,0x0068,0x0065,0x0065,0x006C,0x0063,0x0068,0x0061,0x0069,0x0072,0xD83D,0xDC69,0x200D,
    0xD83E,0xDDBC,
    // "woman_in_motorized_wheelchair_facing_right"
    0x0077,0x006F,0x006D,0x0061,0x006E,0x005F,0x0069,0x006E,0x005F,0x006D,0x006F,0x0074,0x006F,0x0072,0x0069,0x007A,
    0x0065,0x0064,0x005F,0x0077,0x0068,0x0065,0x0065,0x006C,0x0063,0x0068,0x0061,0x0069,0x0072,0x005F,0x0066,0x0061,
    0x0063,0x0069,0x006E,0x0067,0x005F,0x0072,0x0069,0x0067,0x0068,0x0074,0xD83D,0xDC69,0x200D,0xD83E,0xDDBC,0x200D,
    0x27A1,0xFE0F,
    // "woman_in_steamy_room"
    0x0077,0x006F,0x006D,0x0061,0x006E,0x005F,0x0069,0x006E,0x005F,0x0073,0x0074,0x0065,0x0061,0x006D,0x0079,0x005F,
    0x0072,0x006F,0x006F,0x006D,0xD83E,0xDDD6,0x200D,0x2640,0xFE0F,
    // "woman_in_tuxedo"
    0x0077,0x006F,0x006D,0x0061,0x006E,0x005F,0x0069,0x006E,0x005F,0x0074,0x0075,0x0078,0x0065,0x0064,0x006F,0xD83E,
    0xDD35,0x200D,0x2640,0xFE0F,
    // "woman_kneeling"
    0x0077,0x006F,0x006D,0x0061,0x006E,0x005F,0x006B,0x006E,0x0065,0x0065,0x006C,0x0069,0x006E,0x0067,0xD83E,0xDDCE,
    0x200D,0x2640,0xFE0F,
    // "woman_kneeling_facing_right"
    0x0077,0x006F,0x006D,0x0061,0x006E,0x005F,0x006B,0x006E,0x0065,0x0065,0x006C,0x0069,0x006E,0x0067,0x005F,0x0066,
    0x0061,0x0063,0x0069,0x006E,0x0067,0x005F,0x0072,0x0069,0x0067,0x0068,0x0074,0xD83E,0xDDCE,0x200D,0x2640,0xFE0F,
    0x200D,0x27A1,0xFE0F,
    // "woman_running_facing_right"
    0x0077,0x006F,0x006D,0x0061,0x006E,0x005F,0x0072,0x0075,0x006E,0x006E,0x0069,0x006E,0x0067,0x005F,0x0066,0x0061,
    0x0063,0x0069,0x006E,0x0067,0x005F,0x0072,0x0069,0x0067,0x0068,0x0074,0xD83C,0xDFC3,0x200D,0x2640,0xFE0F,0x200D,
    0x27A1,0xFE0F,
    // "woman_standing"
    0x0077,0x006F,0x006D,0x0061,0x006E,0x005F,0x0073,0x0074,0x0061,0x006E,0x0064,0x0069,0x006E,0x0067,0xD83E,0xDDCD,
    0x200D,0x2640,0xFE0F,
    // "woman_walking_facing_right"
    0x0077,0x006F,0x006D,0x0061,0x006E,0x005F,0x0077,0x0061,0x006C,0x006B,0x0069,0x006E,0x0067,0x005F,0x0066,0x0061,
    0x0063,0x0069,0x006E,0x0067,0x005F,0x0072,0x0069,0x0067,0x0068,0x0074,0xD83D,0xDEB6,0x200D,0x2640,0xFE0F,0x200D,
    0x27A1,0xFE0F,
    // "woman_with_beard"
    0x0077,0x006F,0x006D,0x0061,0x006E,0x005F,0x0077,0x0069,0x0074,0x0068,0x005F,0x0062,0x0065,0x0061,0x0072,0x0064,
    0xD83E,0xDDD4,0x200D,0x2640,0xFE0F,
    // "woman_with_probing_cane"
    0x0077,0x006F,0x006D,0x0061,0x006E,0x005F,0x0077,0x0069,0x0074,0x0068,0x005F,0x0070,0x0072,0x006F,0x0062,0x0069,
    0x006E,0x0067,0x005F,0x0063,0x0061,0x006E,0x0065,0xD83D,0xDC69,0x200D,0xD83E,0xDDAF,
    // "woman_with_veil"
    0x0077,0x006F,0x006D,0x0061,0x006E,0x005F,0x0077,0x0069,0x0074,0x0068,0x005F,0x0076,0x0065,0x0069,0x006C,0xD83D,
    0xDC70,0x200D,0x2640,0xFE0F,
    // "woman_with_white_cane_facing_right"
    0x0077,0x006F,0x006D,0x0061,0x006E,0x005F,0x0077,0x0069,0x0074,0x0068,0x005F,0x0077,0x0068,0x0069,0x0074,0x0065,
    0x005F,0x0063,0x0061,0x006E,0x0065,0x005F,0x0066,0x0061,0x0063,0x0069,0x006E,0x0067,0x005F,0x0072,0x0069,0x0067,
    0x0068,0x0074,0xD83D,0xDC69,0x200D,0xD83E,0xDDAF,0x200D,0x27A1,0xFE0F,
    // "womans_clothes"
    0x0077,0x006F,0x006D,0x0061,0x006E,0x0073,0x005F,0x0063,0x006C,0x006F,0x0074,0x0068,0x0065,0x0073,0xD83D,0xDC5A,
    // "womans_flat_shoe"
    0x0077,0x006F,0x006D,0x0061,0x006E,0x0073,0x005F,0x0066,0x006C,0x0061,0x0074,0x005F,0x0073,0x0068,0x006F,0x0065,
    0xD83E,0xDD7F,
    // "womans_hat"
    0x0077,0x006F,0x006D,0x0061,0x006E,0x0073,0x005F,0x0068,0x0061,0x0074,0xD83D,0xDC52,
    // "women-with-bunny-ears-partying"
    0x0077,0x006F,0x006D,0x0065,0x006E,0x002D,0x0077,0x0069,0x0074,0x0068,0x002D,0x0062,0x0075,0x006E,0x006E,0x0079,
    0x002D,0x0065,0x0061,0x0072,0x0073,0x002D,0x0070,0x0061,0x0072,0x0074,0x0079,0x0069,0x006E,0x0067,0xD83D,0xDC6F,
    0x200D,0x2640,0xFE0F,
    // "women_holding_hands"
    0x0077,0x006F,0x006D,0x0065,0x006E,0x005F,0x0068,0x006F,0x006C,0x0064,0x0069,0x006E,0x0067,0x005F,0x0068,0x0061,
    0x006E,0x0064,0x0073,0xD83D,0xDC6D,
    // "womens"
    0x0077,0x006F,0x006D,0x0065,0x006E,0x0073,0xD83D,0xDEBA,
    // "wood"
    0x0077,0x006F,0x006F,0x0064,0xD83E,0xDEB5,
    // "woozy_face"
    0x0077,0x006F,0x006F,0x007A,0x0079,0x005F,0x0066,0x0061,0x0063,0x0065,0xD83E,0xDD74,
    // "world_map"
    0x0077,0x006F,0x0072,0x006C,0x0064,0x005F,0x006D,0x0061,0x0070,0xD83D,0xDDFA,0xFE0F,
    // "worm"
    0x0077,0x006F,0x0072,0x006D,0xD83E,0xDEB1,
    // "worried"
    0x0077,0x006F,0x0072,0x0072,0x0069,0x0065,0x0064,0xD83D,0xDE1F,
    // "wrench"
    0x0077,0x0072,0x0065,0x006E,0x0063,0x0068,0xD83D,0xDD27,
    // "wrestlers"
    0x0077,0x0072,0x0065,0x0073,0x0074,0x006C,0x0065,0x0072,0x0073,0xD83E,0xDD3C,
    // "writing_hand"
    0x0077,0x0072,0x0069,0x0074,0x0069,0x006E,0x0067,0x005F,0x0068,0x0061,0x006E,0x0064,0x270D,0xFE0F,
    // "x"
    0x0078,0x274C,
    // "x-ray"
    0x0078,0x002D,0x0072,0x0061,0x0079,0xD83E,0xDE7B,
    // "yarn"
    0x0079,0x0061,0x0072,0x006E,0xD83E,0xDDF6,
    // "yawning_face"
    0x0079,0x0061,0x0077,0x006E,0x0069,0x006E,0x0067,0x005F,0x0066,0x0061,0x0063,0x0065,0xD83E,0xDD71,
    // "yellow_heart"
    0x0079,0x0065,0x006C,0x006C,0x006F,0x0077,0x005F,0x0068,0x0065,0x0061,0x0072,0x0074,0xD83D,0xDC9B,
    // "yen"
    0x0079,0x0065,0x006E,0xD83D,0xDCB4,
    // "yin_yang"
    0x0079,0x0069,0x006E,0x005F,0x0079,0x0061,0x006E,0x0067,0x262F,0xFE0F,
    // "yo-yo"
    0x0079,0x006F,0x002D,0x0079,0x006F,0xD83E,0xDE80,
    // "yum"
    0x0079,0x0075,0x006D,0xD83D,0xDE0B,
    // "zany_face"
    0x007A,0x0061,0x006E,0x0079,0x005F,0x0066,0x0061,0x0063,0x0065,0xD83E,0xDD2A,
    // "zap"
    0x007A,0x0061,0x0070,0x26A1,
    // "zebra_face"
    0x007A,0x0065,0x0062,0x0072,0x0061,0x005F,0x0066,0x0061,0x0063,0x0065,0xD83E,0xDD93,
    // "zero"
    0x007A,0x0065,0x0072,0x006F,0x0030,0xFE0F,0x20E3,
    // "zipper_mouth_face"
    0x007A,0x0069,0x0070,0x0070,0x0065,0x0072,0x005F,0x006D,0x006F,0x0075,0x0074,0x0068,0x005F,0x0066,0x0061,0x0063,
    0x0065,0xD83E,0xDD10,
    // "zombie"
    0x007A,0x006F,0x006D,0x0062,0x0069,0x0065,0xD83E,0xDDDF,
    // "zzz"
    0x007A,0x007A,0x007A,0xD83D,0xDCA4,
};
static_assert(sizeof(kStrings) / sizeof(char16_t) == 26566);

const Entry kEntries[] = {
    {0, 2, 2, 1}, // +1
    {4, 2, 2, 1}, // -1
    {8, 3, 2, 0}, // 100
    {13, 4, 2, 0}, // 1234
    {19, 5, 2, 0}, // 8ball
    {26, 1, 3, 0}, // a
    {30, 2, 2, 0}, // ab
    {34, 6, 2, 0}, // abacus
    {42, 3, 2, 0}, // abc
    {47, 4, 2, 0}, // abcd
    {53, 6, 2, 0}, // accept
    {61, 9, 2, 0}, // accordion
    {72, 16, 2, 0}, // adhesive_bandage
    {90, 17, 3, 0}, // admission_tickets
    {110, 5, 2, 1}, // adult
    {117, 14, 2, 0}, // aerial_tramway
    {133, 8, 2, 0}, // airplane
    {143, 17, 2, 0}, // airplane_arriving
    {162, 18, 2, 0}, // airplane_departure
    {182, 11, 1, 0}, // alarm_clock
    {194, 7, 2, 0}, // alembic
    {203, 5, 2, 0}, // alien
    {210, 9, 2, 0}, // ambulance
    {221, 7, 2, 0}, // amphora
    {230, 16, 2, 0}, // anatomical_heart
    {248, 6, 1, 0}, // anchor
    {255, 5, 2, 1}, // angel
    {262, 5, 2, 0}, // anger
    {269, 5, 2, 0}, // angry
    {276, 9, 2, 0}, // anguished
    {287, 3, 2, 0}, // ant
    {292, 5, 2, 0}, // apple
    {299, 8, 1, 0}, // aquarius
    {308, 5, 1, 0}, // aries
    {314, 14, 2, 0}, // arrow_backward
    {330, 17, 1, 0}, // arrow_double_down
    {348, 15, 1, 0}, // arrow_double_up
    {364, 10, 2, 0}, // arrow_down
    {376, 16, 2, 0}, // arrow_down_small
    {394, 13, 2, 0}, // arrow_forward
    {409, 18, 2, 0}, // arrow_heading_down
    {429, 16, 2, 0}, // arrow_heading_up
    {447, 10, 2, 0}, // arrow_left
    {459, 16, 2, 0}, // arrow_lower_left
    {477, 17, 2, 0}, // arrow_lower_right
    {496, 11, 2, 0}, // arrow_right
    {509, 16, 2, 0}, // arrow_right_hook
    {527, 8, 2, 0}, // arrow_up
    {537, 13, 2, 0}, // arrow_up_down
    {552, 14, 2, 0}, // arrow_up_small
    {568, 16, 2, 0}, // arrow_upper_left
    {586, 17, 2, 0}, // arrow_upper_right
    {605, 16, 2, 0}, // arrows_clockwise
    {623, 23, 2, 0}, // arrows_counterclockwise
    {648, 3, 2, 0}, // art
    {653, 17, 2, 0}, // articulated_lorry
    {672, 6, 5, 1}, // artist
    {683, 10, 2, 0}, // astonished
    {695, 9, 5, 1}, // astronaut
    {709, 13, 2, 0}, // athletic_shoe
    {724, 3, 2, 0}, // atm
    {729, 11, 2, 0}, // atom_symbol
    {742, 13, 2, 0}, // auto_rickshaw
    {757, 7, 2, 0}, // avocado
    {766, 3, 2, 0}, // axe
    {771, 1, 3, 0}, // b
    {775, 4, 2, 1}, // baby
    {781, 11, 2, 0}, // baby_bottle
    {794, 10, 2, 0}, // baby_chick
    {806, 11, 2, 0}, // baby_symbol
    {819, 4, 2, 0}, // back
    {825, 5, 2, 0}, // bacon
    {832, 6, 2, 0}, // badger
    {840, 33, 2, 0}, // badminton_racquet_and_shuttlecock
    {875, 5, 2, 0}, // bagel
    {882, 13, 2, 0}, // baggage_claim
    {897, 14, 2, 0}, // baguette_bread
    {913, 8, 5, 1}, // bald_man
    {926, 11, 5, 1}, // bald_person
    {942, 10, 5, 1}, // bald_woman
    {957, 12, 2, 0}, // ballet_shoes
    {971, 7, 2, 0}, // balloon
    {980, 22, 3, 0}, // ballot_box_with_ballot
    {1005, 21, 2, 0}, // ballot_box_with_check
    {1028, 6, 2, 0}, // bamboo
    {1036, 6, 2, 0}, // banana
    {1044, 8, 2, 0}, // bangbang
    {1054, 5, 2, 0}, // banjo
    {1061, 4, 2, 0}, // bank
    {1067, 9, 2, 0}, // bar_chart
    {1078, 6, 2, 0}, // barber
    {1086, 12, 3, 0}, // barely_sunny
    {1101, 8, 1, 0}, // baseball
    {1110, 6, 2, 0}, // basket
    {1118, 10, 2, 0}, // basketball
    {1130, 3, 2, 0}, // bat
    {1135, 4, 2, 1}, // bath
    {1141, 7, 2, 0}, // bathtub
    {1150, 7, 2, 0}, // battery
    {1159, 19, 3, 0}, // beach_with_umbrella
    {1181, 5, 2, 0}, // beans
    {1188, 4, 2, 0}, // bear
    {1194, 14, 2, 1}, // bearded_person
    {1210, 6, 2, 0}, // beaver
    {1218, 3, 3, 0}, // bed
    {1224, 3, 2, 0}, // bee
    {1229, 4, 2, 0}, // beer
    {1235, 5, 2, 0}, // beers
    {1242, 6, 2, 0}, // beetle
    {1250, 8, 2, 0}, // beginner
    {1260, 4, 2, 0}, // bell
    {1266, 11, 2, 0}, // bell_pepper
    {1279, 12, 3, 0}, // bellhop_bell
    {1294, 5, 2, 0}, // bento
    {1301, 12, 2, 0}, // beverage_box
    {1315, 9, 2, 1}, // bicyclist
    {1326, 4, 2, 0}, // bike
    {1332, 6, 2, 0}, // bikini
    {1340, 10, 2, 0}, // billed_cap
    {1352, 14, 2, 0}, // biohazard_sign
    {1368, 4, 2, 0}, // bird
    {1374, 8, 2, 0}, // birthday
    {1384, 5, 2, 0}, // bison
    {1391, 10, 2, 0}, // biting_lip
    {1403, 10, 4, 0}, // black_bird
    {1417, 9, 4, 0}, // black_cat
    {1430, 12, 1, 0}, // black_circle
    {1443, 23, 2, 0}, // black_circle_for_record
    {1468, 11, 2, 0}, // black_heart
    {1481, 11, 2, 0}, // black_joker
    {1494, 18, 1, 0}, // black_large_square
    {1513, 53, 2, 0}, // black_left_pointing_double_triangle_with_vertical_bar
    {1568, 25, 1, 0}, // black_medium_small_square
    {1594, 19, 2, 0}, // black_medium_square
    {1615, 9, 2, 0}, // black_nib
    {1626, 54, 2, 0}, // black_right_pointing_double_triangle_with_vertical_bar
    {1682, 54, 2, 0}, // black_right_pointing_triangle_with_double_vertical_bar
    {1738, 18, 2, 0}, // black_small_square
    {1758, 19, 2, 0}, // black_square_button
    {1779, 21, 2, 0}, // black_square_for_stop
    {1802, 16, 5, 1}, // blond-haired-man
    {1823, 18, 5, 1}, // blond-haired-woman
    {1846, 7, 2, 0}, // blossom
    {1855, 8, 2, 0}, // blowfish
    {1865, 9, 2, 0}, // blue_book
    {1876, 8, 2, 0}, // blue_car
    {1886, 10, 2, 0}, // blue_heart
    {1898, 11, 2, 0}, // blueberries
    {1911, 5, 2, 0}, // blush
    {1918, 4, 2, 0}, // boar
    {1924, 4, 1, 0}, // boat
    {1929, 4, 2, 0}, // bomb
    {1935, 4, 2, 0}, // bone
    {1941, 4, 2, 0}, // book
    {1947, 8, 2, 0}, // bookmark
    {1957, 13, 2, 0}, // bookmark_tabs
    {1972, 5, 2, 0}, // books
    {1979, 4, 2, 0}, // boom
    {1985, 9, 2, 0}, // boomerang
    {1996, 4, 2, 0}, // boot
    {2002, 7, 2, 0}, // bouquet
    {2011, 3, 2, 1}, // bow
    {2016, 13, 2, 0}, // bow_and_arrow
    {2031, 15, 2, 0}, // bowl_with_spoon
    {2048, 7, 2, 0}, // bowling
    {2057, 12, 2, 0}, // boxing_glove
    {2071, 3, 2, 1}, // boy
    {2076, 5, 2, 0}, // brain
    {2083, 5, 2, 0}, // bread
    {2090, 14, 2, 1}, // breast-feeding
    {2106, 6, 2, 0}, // bricks
    {2114, 15, 2, 1}, // bride_with_veil
    {2131, 15, 2, 0}, // bridge_at_night
    {2148, 9, 2, 0}, // briefcase
    {2159, 6, 2, 0}, // briefs
    {2167, 8, 2, 0}, // broccoli
    {2177, 12, 5, 0}, // broken_chain
    {2194, 12, 2, 0}, // broken_heart
    {2208, 5, 2, 0}, // broom
    {2215, 11, 2, 0}, // brown_heart
    {2228, 14, 5, 0}, // brown_mushroom
    {2247, 10, 2, 0}, // bubble_tea
    {2259, 7, 2, 0}, // bubbles
    {2268, 6, 2, 0}, // bucket
    {2276, 3, 2, 0}, // bug
    {2281, 21, 3, 0}, // building_construction
    {2305, 4, 2, 0}, // bulb
    {2311, 17, 2, 0}, // bullettrain_front
    {2330, 16, 2, 0}, // bullettrain_side
    {2348, 7, 2, 0}, // burrito
    {2357, 3, 2, 0}, // bus
    {2362, 7, 2, 0}, // busstop
    {2371, 18, 2, 0}, // bust_in_silhouette
    {2391, 19, 2, 0}, // busts_in_silhouette
    {2412, 6, 2, 0}, // butter
    {2420, 9, 2, 0}, // butterfly
    {2431, 6, 2, 0}, // cactus
    {2439, 4, 2, 0}, // cake
    {2445, 8, 2, 0}, // calendar
    {2455, 12, 2, 1}, // call_me_hand
    {2469, 7, 2, 0}, // calling
    {2478, 5, 2, 0}, // camel
    {2485, 6, 2, 0}, // camera
    {2493, 17, 2, 0}, // camera_with_flash
    {2512, 7, 3, 0}, // camping
    {2522, 6, 1, 0}, // cancer
    {2529, 6, 3, 0}, // candle
    {2538, 5, 2, 0}, // candy
    {2545, 11, 2, 0}, // canned_food
    {2558, 5, 2, 0}, // canoe
    {2565, 12, 2, 0}, // capital_abcd
    {2579, 9, 1, 0}, // capricorn
    {2589, 3, 2, 0}, // car
    {2594, 13, 3, 0}, // card_file_box
    {2610, 10, 2, 0}, // card_index
    {2622, 19, 3, 0}, // card_index_dividers
    {2644, 14, 2, 0}, // carousel_horse
    {2660, 13, 2, 0}, // carpentry_saw
    {2675, 6, 2, 0}, // carrot
    {2683, 3, 2, 0}, // cat
    {2688, 4, 2, 0}, // cat2
    {2694, 2, 2, 0}, // cd
    {2698, 6, 2, 0}, // chains
    {2706, 5, 2, 0}, // chair
    {2713, 9, 2, 0}, // champagne
    {2724, 5, 2, 0}, // chart
    {2731, 26, 2, 0}, // chart_with_downwards_trend
    {2759, 24, 2, 0}, // chart_with_upwards_trend
    {2785, 14, 2, 0}, // checkered_flag
    {2801, 12, 2, 0}, // cheese_wedge
    {2815, 8, 2, 0}, // cherries
    {2825, 14, 2, 0}, // cherry_blossom
    {2841, 10, 2, 0}, // chess_pawn
    {2853, 8, 2, 0}, // chestnut
    {2863, 7, 2, 0}, // chicken
    {2872, 5, 2, 1}, // child
    {2879, 17, 2, 0}, // children_crossing
    {2898, 8, 3, 0}, // chipmunk
    {2909, 13, 2, 0}, // chocolate_bar
    {2924, 10, 2, 0}, // chopsticks
    {2936, 14, 2, 0}, // christmas_tree
    {2952, 6, 1, 0}, // church
    {2959, 6, 2, 0}, // cinema
    {2967, 11, 2, 0}, // circus_tent
    {2980, 12, 2, 0}, // city_sunrise
    {2994, 11, 2, 0}, // city_sunset
    {3007, 9, 3, 0}, // cityscape
    {3019, 2, 2, 0}, // cl
    {3023, 4, 2, 1}, // clap
    {3029, 7, 2, 0}, // clapper
    {3038, 18, 3, 0}, // classical_building
    {3059, 16, 2, 0}, // clinking_glasses
    {3077, 9, 2, 0}, // clipboard
    {3088, 6, 2, 0}, // clock1
    {3096, 7, 2, 0}, // clock10
    {3105, 9, 2, 0}, // clock1030
    {3116, 7, 2, 0}, // clock11
    {3125, 9, 2, 0}, // clock1130
    {3136, 7, 2, 0}, // clock12
    {3145, 9, 2, 0}, // clock1230
    {3156, 8, 2, 0}, // clock130
    {3166, 6, 2, 0}, // clock2
    {3174, 8, 2, 0}, // clock230
    {3184, 6, 2, 0}, // clock3
    {3192, 8, 2, 0}, // clock330
    {3202, 6, 2, 0}, // clock4
    {3210, 8, 2, 0}, // clock430
    {3220, 6, 2, 0}, // clock5
    {3228, 8, 2, 0}, // clock530
    {3238, 6, 2, 0}, // clock6
    {3246, 8, 2, 0}, // clock630
    {3256, 6, 2, 0}, // clock7
    {3264, 8, 2, 0}, // clock730
    {3274, 6, 2, 0}, // clock8
    {3282, 8, 2, 0}, // clock830
    {3292, 6, 2, 0}, // clock9
    {3300, 8, 2, 0}, // clock930
    {3310, 11, 2, 0}, // closed_book
    {3323, 20, 2, 0}, // closed_lock_with_key
    {3345, 15, 2, 0}, // closed_umbrella
    {3362, 5, 2, 0}, // cloud
    {3369, 10, 2, 0}, // clown_face
    {3381, 5, 2, 0}, // clubs
    {3388, 2, 4, 0}, // cn
    {3394, 4, 2, 0}, // coat
    {3400, 9, 2, 0}, // cockroach
    {3411, 8, 2, 0}, // cocktail
    {3421, 7, 2, 0}, // coconut
    {3430, 6, 1, 0}, // coffee
    {3437, 6, 2, 0}, // coffin
    {3445, 4, 2, 0}, // coin
    {3451, 9, 2, 0}, // cold_face
    {3462, 10, 2, 0}, // cold_sweat
    {3474, 9, 2, 0}, // collision
    {3485, 5, 2, 0}, // comet
    {3492, 7, 2, 0}, // compass
    {3501, 11, 3, 0}, // compression
    {3515, 8, 2, 0}, // computer
    {3525, 13, 2, 0}, // confetti_ball
    {3540, 10, 2, 0}, // confounded
    {3552, 8, 2, 0}, // confused
    {3562, 15, 2, 0}, // congratulations
    {3579, 12, 2, 0}, // construction
    {3593, 19, 2, 1}, // construction_worker
    {3614, 13, 3, 0}, // control_knobs
    {3630, 17, 2, 0}, // convenience_store
    {3649, 4, 5, 1}, // cook
    {3658, 6, 2, 0}, // cookie
    {3666, 7, 2, 0}, // cooking
    {3675, 4, 2, 0}, // cool
    {3681, 3, 2, 1}, // cop
    {3686, 9, 2, 0}, // copyright
    {3697, 5, 2, 0}, // coral
    {3704, 4, 2, 0}, // corn
    {3710, 14, 3, 0}, // couch_and_lamp
    {3727, 6, 2, 1}, // couple
    {3735, 17, 2, 1}, // couple_with_heart
    {3754, 10, 2, 1}, // couplekiss
    {3766, 3, 2, 0}, // cow
    {3771, 4, 2, 0}, // cow2
    {3777, 4, 2, 0}, // crab
    {3783, 11, 2, 0}, // credit_card
    {3796, 13, 2, 0}, // crescent_moon
    {3811, 7, 2, 0}, // cricket
    {3820, 20, 2, 0}, // cricket_bat_and_ball
    {3842, 9, 2, 0}, // crocodile
    {3853, 9, 2, 0}, // croissant
    {3864, 15, 2, 1}, // crossed_fingers
    {3881, 13, 2, 0}, // crossed_flags
    {3896, 14, 2, 0}, // crossed_swords
    {3912, 5, 2, 0}, // crown
    {3919, 6, 2, 0}, // crutch
    {3927, 3, 2, 0}, // cry
    {3932, 15, 2, 0}, // crying_cat_face
    {3949, 12, 2, 0}, // crystal_ball
    {3963, 8, 2, 0}, // cucumber
    {3973, 14, 2, 0}, // cup_with_straw
    {3989, 7, 2, 0}, // cupcake
    {3998, 5, 2, 0}, // cupid
    {4005, 13, 2, 0}, // curling_stone
    {4020, 16, 5, 1}, // curly_haired_man
    {4041, 19, 5, 1}, // curly_haired_person
    {4065, 18, 5, 1}, // curly_haired_woman
    {4088, 10, 1, 0}, // curly_loop
    {4099, 17, 2, 0}, // currency_exchange
    {4118, 5, 2, 0}, // curry
    {4125, 7, 2, 0}, // custard
    {4134, 7, 2, 0}, // customs
    {4143, 11, 2, 0}, // cut_of_meat
    {4156, 7, 2, 0}, // cyclone
    {4165, 12, 3, 0}, // dagger_knife
    {4180, 6, 2, 1}, // dancer
    {4188, 7, 2, 0}, // dancers
    {4197, 5, 2, 0}, // dango
    {4204, 15, 3, 0}, // dark_sunglasses
    {4222, 4, 2, 0}, // dart
    {4228, 4, 2, 0}, // dash
    {4234, 4, 2, 0}, // date
    {4240, 2, 4, 0}, // de
    {4246, 8, 5, 1}, // deaf_man
    {4259, 11, 2, 1}, // deaf_person
    {4272, 10, 5, 1}, // deaf_woman
    {4287, 14, 2, 0}, // deciduous_tree
    {4303, 4, 2, 0}, // deer
    {4309, 16, 2, 0}, // department_store
    {4327, 23, 3, 0}, // derelict_house_building
    {4353, 6, 3, 0}, // desert
    {4362, 13, 3, 0}, // desert_island
    {4378, 16, 3, 0}, // desktop_computer
    {4397, 31, 2, 0}, // diamond_shape_with_a_dot_inside
    {4430, 8, 2, 0}, // diamonds
    {4440, 12, 2, 0}, // disappointed
    {4454, 21, 2, 0}, // disappointed_relieved
    {4477, 14, 2, 0}, // disguised_face
    {4493, 11, 2, 0}, // diving_mask
    {4506, 9, 2, 0}, // diya_lamp
    {4517, 5, 2, 0}, // dizzy
    {4524, 10, 2, 0}, // dizzy_face
    {4536, 3, 2, 0}, // dna
    {4541, 13, 2, 0}, // do_not_litter
    {4556, 4, 2, 0}, // dodo
    {4562, 3, 2, 0}, // dog
    {4567, 4, 2, 0}, // dog2
    {4573, 6, 2, 0}, // dollar
    {4581, 5, 2, 0}, // dolls
    {4588, 7, 2, 0}, // dolphin
    {4597, 6, 2, 0}, // donkey
    {4605, 4, 2, 0}, // door
    {4611, 16, 2, 0}, // dotted_line_face
    {4629, 19, 2, 0}, // double_vertical_bar
    {4650, 8, 2, 0}, // doughnut
    {4660, 13, 3, 0}, // dove_of_peace
    {4676, 6, 2, 0}, // dragon
    {4684, 11, 2, 0}, // dragon_face
    {4697, 5, 2, 0}, // dress
    {4704, 15, 2, 0}, // dromedary_camel
    {4721, 13, 2, 0}, // drooling_face
    {4736, 13, 2, 0}, // drop_of_blood
    {4751, 7, 2, 0}, // droplet
    {4760, 20, 2, 0}, // drum_with_drumsticks
    {4782, 4, 2, 0}, // duck
    {4788, 8, 2, 0}, // dumpling
    {4798, 3, 2, 0}, // dvd
    {4803, 6, 2, 0}, // e-mail
    {4811, 5, 2, 0}, // eagle
    {4818, 3, 2, 1}, // ear
    {4823, 11, 2, 0}, // ear_of_rice
    {4836, 20, 2, 1}, // ear_with_hearing_aid
    {4858, 12, 2, 0}, // earth_africa
    {4872, 14, 2, 0}, // earth_americas
    {4888, 10, 2, 0}, // earth_asia
    {4900, 3, 2, 0}, // egg
    {4905, 8, 2, 0}, // eggplant
    {4915, 5, 3, 0}, // eight
    {4923, 24, 2, 0}, // eight_pointed_black_star
    {4949, 21, 2, 0}, // eight_spoked_asterisk
    {4972, 5, 2, 0}, // eject
    {4979, 13, 2, 0}, // electric_plug
    {4994, 8, 2, 0}, // elephant
    {5004, 8, 2, 0}, // elevator
    {5014, 3, 2, 1}, // elf
    {5019, 5, 2, 0}, // email
    {5026, 10, 2, 0}, // empty_nest
    {5038, 3, 2, 0}, // end
    {5043, 8, 2, 0}, // envelope
    {5053, 19, 2, 0}, // envelope_with_arrow
    {5074, 2, 4, 0}, // es
    {5080, 4, 2, 0}, // euro
    {5086, 15, 2, 0}, // european_castle
    {5103, 20, 2, 0}, // european_post_office
    {5125, 14, 2, 0}, // evergreen_tree
    {5141, 11, 1, 0}, // exclamation
    {5153, 14, 2, 0}, // exploding_head
    {5169, 14, 2, 0}, // expressionless
    {5185, 3, 3, 0}, // eye
    {5191, 20, 7, 0}, // eye-in-speech-bubble
    {5218, 10, 2, 0}, // eyeglasses
    {5230, 4, 2, 0}, // eyes
    {5236, 13, 5, 0}, // face_exhaling
    {5254, 23, 2, 0}, // face_holding_back_tears
    {5279, 14, 6, 0}, // face_in_clouds
    {5299, 9, 2, 1}, // face_palm
    {5310, 13, 2, 0}, // face_vomiting
    {5325, 25, 2, 0}, // face_with_bags_under_eyes
    {5352, 20, 2, 0}, // face_with_cowboy_hat
    {5374, 24, 2, 0}, // face_with_diagonal_mouth
    {5400, 37, 2, 0}, // face_with_finger_covering_closed_lips
    {5439, 25, 2, 0}, // face_with_hand_over_mouth
    {5466, 22, 2, 0}, // face_with_head_bandage
    {5490, 17, 2, 0}, // face_with_monocle
    {5509, 28, 2, 0}, // face_with_one_eyebrow_raised
    {5539, 39, 2, 0}, // face_with_open_eyes_and_hand_over_mouth
    {5580, 29, 2, 0}, // face_with_open_mouth_vomiting
    {5611, 21, 2, 0}, // face_with_peeking_eye
    {5634, 24, 2, 0}, // face_with_raised_eyebrow
    {5660, 22, 2, 0}, // face_with_rolling_eyes
    {5684, 21, 5, 0}, // face_with_spiral_eyes
    {5710, 26, 2, 0}, // face_with_symbols_on_mouth
    {5738, 21, 2, 0}, // face_with_thermometer
    {5761, 9, 2, 1}, // facepunch
    {5772, 7, 2, 0}, // factory
    {5781, 14, 5, 1}, // factory_worker
    {5800, 5, 2, 1}, // fairy
    {5807, 7, 2, 0}, // falafel
    {5816, 11, 2, 0}, // fallen_leaf
    {5829, 6, 2, 0}, // family
    {5837, 24, 8, 0}, // family_adult_adult_child
    {5869, 30, 11, 0}, // family_adult_adult_child_child
    {5910, 18, 5, 0}, // family_adult_child
    {5933, 24, 8, 0}, // family_adult_child_child
    {5965, 6, 5, 1}, // farmer
    {5976, 12, 1, 0}, // fast_forward
    {5989, 3, 2, 0}, // fax
    {5994, 7, 2, 0}, // fearful
    {6003, 7, 2, 0}, // feather
    {6012, 4, 2, 0}, // feet
    {6018, 13, 5, 1}, // female-artist
    {6036, 16, 5, 1}, // female-astronaut
    {6057, 26, 5, 1}, // female-construction-worker
    {6088, 11, 5, 1}, // female-cook
    {6104, 16, 6, 1}, // female-detective
    {6126, 13, 5, 1}, // female-doctor
    {6144, 21, 5, 1}, // female-factory-worker
    {6170, 13, 5, 1}, // female-farmer
    {6188, 18, 5, 1}, // female-firefighter
    {6211, 12, 5, 1}, // female-guard
    {6228, 12, 5, 1}, // female-judge
    {6245, 15, 5, 1}, // female-mechanic
    {6265, 20, 5, 1}, // female-office-worker
    {6290, 12, 5, 1}, // female-pilot
    {6307, 21, 5, 1}, // female-police-officer
    {6333, 16, 5, 1}, // female-scientist
    {6354, 13, 5, 1}, // female-singer
    {6372, 14, 5, 1}, // female-student
    {6391, 14, 5, 1}, // female-teacher
    {6410, 19, 5, 1}, // female-technologist
    {6434, 10, 5, 1}, // female_elf
    {6449, 12, 5, 1}, // female_fairy
    {6466, 12, 5, 0}, // female_genie
    {6483, 11, 5, 1}, // female_mage
    {6499, 11, 2, 0}, // female_sign
    {6512, 16, 5, 1}, // female_superhero
    {6533, 19, 5, 1}, // female_supervillain
    {6557, 14, 5, 1}, // female_vampire
    {6576, 13, 5, 0}, // female_zombie
    {6594, 6, 2, 0}, // fencer
    {6602, 12, 2, 0}, // ferris_wheel
    {6616, 5, 2, 0}, // ferry
    {6623, 27, 2, 0}, // field_hockey_stick_and_ball
    {6652, 12, 3, 0}, // file_cabinet
    {6667, 11, 2, 0}, // file_folder
    {6680, 11, 3, 0}, // film_frames
    {6694, 14, 3, 0}, // film_projector
    {6711, 11, 2, 0}, // fingerprint
    {6724, 4, 2, 0}, // fire
    {6730, 11, 2, 0}, // fire_engine
    {6743, 17, 2, 0}, // fire_extinguisher
    {6762, 11, 2, 0}, // firecracker
    {6775, 11, 5, 1}, // firefighter
    {6791, 9, 2, 0}, // fireworks
    {6802, 17, 2, 0}, // first_place_medal
    {6821, 18, 2, 0}, // first_quarter_moon
    {6841, 28, 2, 0}, // first_quarter_moon_with_face
    {6871, 4, 2, 0}, // fish
    {6877, 9, 2, 0}, // fish_cake
    {6888, 21, 2, 0}, // fishing_pole_and_fish
    {6911, 4, 1, 1}, // fist
    {6916, 4, 3, 0}, // five
    {6923, 7, 4, 0}, // flag-ac
    {6934, 7, 4, 0}, // flag-ad
    {6945, 7, 4, 0}, // flag-ae
    {6956, 7, 4, 0}, // flag-af
    {6967, 7, 4, 0}, // flag-ag
    {6978, 7, 4, 0}, // flag-ai
    {6989, 7, 4, 0}, // flag-al
    {7000, 7, 4, 0}, // flag-am
    {7011, 7, 4, 0}, // flag-ao
    {7022, 7, 4, 0}, // flag-aq
    {7033, 7, 4, 0}, // flag-ar
    {7044, 7, 4, 0}, // flag-as
    {7055, 7, 4, 0}, // flag-at
    {7066, 7, 4, 0}, // flag-au
    {7077, 7, 4, 0}, // flag-aw
    {7088, 7, 4, 0}, // flag-ax
    {7099, 7, 4, 0}, // flag-az
    {7110, 7, 4, 0}, // flag-ba
    {7121, 7, 4, 0}, // flag-bb
    {7132, 7, 4, 0}, // flag-bd
    {7143, 7, 4, 0}, // flag-be
    {7154, 7, 4, 0}, // flag-bf
    {7165, 7, 4, 0}, // flag-bg
    {7176, 7, 4, 0}, // flag-bh
    {7187, 7, 4, 0}, // flag-bi
    {7198, 7, 4, 0}, // flag-bj
    {7209, 7, 4, 0}, // flag-bl
    {7220, 7, 4, 0}, // flag-bm
    {7231, 7, 4, 0}, // flag-bn
    {7242, 7, 4, 0}, // flag-bo
    {7253, 7, 4, 0}, // flag-bq
    {7264, 7, 4, 0}, // flag-br
    {7275, 7, 4, 0}, // flag-bs
    {7286, 7, 4, 0}, // flag-bt
    {7297, 7, 4, 0}, // flag-bv
    {7308, 7, 4, 0}, // flag-bw
    {7319, 7, 4, 0}, // flag-by
    {7330, 7, 4, 0}, // flag-bz
    {7341, 7, 4, 0}, // flag-ca
    {7352, 7, 4, 0}, // flag-cc
    {7363, 7, 4, 0}, // flag-cd
    {7374, 7, 4, 0}, // flag-cf
    {7385, 7, 4, 0}, // flag-cg
    {7396, 7, 4, 0}, // flag-ch
    {7407, 7, 4, 0}, // flag-ci
    {7418, 7, 4, 0}, // flag-ck
    {7429, 7, 4, 0}, // flag-cl
    {7440, 7, 4, 0}, // flag-cm
    {7451, 7, 4, 0}, // flag-cn
    {7462, 7, 4, 0}, // flag-co
    {7473, 7, 4, 0}, // flag-cp
    {7484, 7, 4, 0}, // flag-cr
    {7495, 7, 4, 0}, // flag-cu
    {7506, 7, 4, 0}, // flag-cv
    {7517, 7, 4, 0}, // flag-cw
    {7528, 7, 4, 0}, // flag-cx
    {7539, 7, 4, 0}, // flag-cy
    {7550, 7, 4, 0}, // flag-cz
    {7561, 7, 4, 0}, // flag-de
    {7572, 7, 4, 0}, // flag-dg
    {7583, 7, 4, 0}, // flag-dj
    {7594, 7, 4, 0}, // flag-dk
    {7605, 7, 4, 0}, // flag-dm
    {7616, 7, 4, 0}, // flag-do
    {7627, 7, 4, 0}, // flag-dz
    {7638, 7, 4, 0}, // flag-ea
    {7649, 7, 4, 0}, // flag-ec
    {7660, 7, 4, 0}, // flag-ee
    {7671, 7, 4, 0}, // flag-eg
    {7682, 7, 4, 0}, // flag-eh
    {7693, 12, 14, 0}, // flag-england
    {7719, 7, 4, 0}, // flag-er
    {7730, 7, 4, 0}, // flag-es
    {7741, 7, 4, 0}, // flag-et
    {7752, 7, 4, 0}, // flag-eu
    {7763, 7, 4, 0}, // flag-fi
    {7774, 7, 4, 0}, // flag-fj
    {7785, 7, 4, 0}, // flag-fk
    {7796, 7, 4, 0}, // flag-fm
    {7807, 7, 4, 0}, // flag-fo
    {7818, 7, 4, 0}, // flag-fr
    {7829, 7, 4, 0}, // flag-ga
    {7840, 7, 4, 0}, // flag-gb
    {7851, 7, 4, 0}, // flag-gd
    {7862, 7, 4, 0}, // flag-ge
    {7873, 7, 4, 0}, // flag-gf
    {7884, 7, 4, 0}, // flag-gg
    {7895, 7, 4, 0}, // flag-gh
    {7906, 7, 4, 0}, // flag-gi
    {7917, 7, 4, 0}, // flag-gl
    {7928, 7, 4, 0}, // flag-gm
    {7939, 7, 4, 0}, // flag-gn
    {7950, 7, 4, 0}, // flag-gp
    {7961, 7, 4, 0}, // flag-gq
    {7972, 7, 4, 0}, // flag-gr
    {7983, 7, 4, 0}, // flag-gs
    {7994, 7, 4, 0}, // flag-gt
    {8005, 7, 4, 0}, // flag-gu
    {8016, 7, 4, 0}, // flag-gw
    {8027, 7, 4, 0}, // flag-gy
    {8038, 7, 4, 0}, // flag-hk
    {8049, 7, 4, 0}, // flag-hm
    {8060, 7, 4, 0}, // flag-hn
    {8071, 7, 4, 0}, // flag-hr
    {8082, 7, 4, 0}, // flag-ht
    {8093, 7, 4, 0}, // flag-hu
    {8104, 7, 4, 0}, // flag-ic
    {8115, 7, 4, 0}, // flag-id
    {8126, 7, 4, 0}, // flag-ie
    {8137, 7, 4, 0}, // flag-il
    {8148, 7, 4, 0}, // flag-im
    {8159, 7, 4, 0}, // flag-in
    {8170, 7, 4, 0}, // flag-io
    {8181, 7, 4, 0}, // flag-iq
    {8192, 7, 4, 0}, // flag-ir
    {8203, 7, 4, 0}, // flag-is
    {8214, 7, 4, 0}, // flag-it
    {8225, 7, 4, 0}, // flag-je
    {8236, 7, 4, 0}, // flag-jm
    {8247, 7, 4, 0}, // flag-jo
    {8258, 7, 4, 0}, // flag-jp
    {8269, 7, 4, 0}, // flag-ke
    {8280, 7, 4, 0}, // flag-kg
    {8291, 7, 4, 0}, // flag-kh
    {8302, 7, 4, 0}, // flag-ki
    {8313, 7, 4, 0}, // flag-km
    {8324, 7, 4, 0}, // flag-kn
    {8335, 7, 4, 0}, // flag-kp
    {8346, 7, 4, 0}, // flag-kr
    {8357, 7, 4, 0}, // flag-kw
    {8368, 7, 4, 0}, // flag-ky
    {8379, 7, 4, 0}, // flag-kz
    {8390, 7, 4, 0}, // flag-la
    {8401, 7, 4, 0}, // flag-lb
    {8412, 7, 4, 0}, // flag-lc
    {8423, 7, 4, 0}, // flag-li
    {8434, 7, 4, 0}, // flag-lk
    {8445, 7, 4, 0}, // flag-lr
    {8456, 7, 4, 0}, // flag-ls
    {8467, 7, 4, 0}, // flag-lt
    {8478, 7, 4, 0}, // flag-lu
    {8489, 7, 4, 0}, // flag-lv
    {8500, 7, 4, 0}, // flag-ly
    {8511, 7, 4, 0}, // flag-ma
    {8522, 7, 4, 0}, // flag-mc
    {8533, 7, 4, 0}, // flag-md
    {8544, 7, 4, 0}, // flag-me
    {8555, 7, 4, 0}, // flag-mf
    {8566, 7, 4, 0}, // flag-mg
    {8577, 7, 4, 0}, // flag-mh
    {8588, 7, 4, 0}, // flag-mk
    {8599, 7, 4, 0}, // flag-ml
    {8610, 7, 4, 0}, // flag-mm
    {8621, 7, 4, 0}, // flag-mn
    {8632, 7, 4, 0}, // flag-mo
    {8643, 7, 4, 0}, // flag-mp
    {8654, 7, 4, 0}, // flag-mq
    {8665, 7, 4, 0}, // flag-mr
    {8676, 7, 4, 0}, // flag-ms
    {8687, 7, 4, 0}, // flag-mt
    {8698, 7, 4, 0}, // flag-mu
    {8709, 7, 4, 0}, // flag-mv
    {8720, 7, 4, 0}, // flag-mw
    {8731, 7, 4, 0}, // flag-mx
    {8742, 7, 4, 0}, // flag-my
    {8753, 7, 4, 0}, // flag-mz
    {8764, 7, 4, 0}, // flag-na
    {8775, 7, 4, 0}, // flag-nc
    {8786, 7, 4, 0}, // flag-ne
    {8797, 7, 4, 0}, // flag-nf
    {8808, 7, 4, 0}, // flag-ng
    {8819, 7, 4, 0}, // flag-ni
    {8830, 7, 4, 0}, // flag-nl
    {8841, 7, 4, 0}, // flag-no
    {8852, 7, 4, 0}, // flag-np
    {8863, 7, 4, 0}, // flag-nr
    {8874, 7, 4, 0}, // flag-nu
    {8885, 7, 4, 0}, // flag-nz
    {8896, 7, 4, 0}, // flag-om
    {8907, 7, 4, 0}, // flag-pa
    {8918, 7, 4, 0}, // flag-pe
    {8929, 7, 4, 0}, // flag-pf
    {8940, 7, 4, 0}, // flag-pg
    {8951, 7, 4, 0}, // flag-ph
    {8962, 7, 4, 0}, // flag-pk
    {8973, 7, 4, 0}, // flag-pl
    {8984, 7, 4, 0}, // flag-pm
    {8995, 7, 4, 0}, // flag-pn
    {9006, 7, 4, 0}, // flag-pr
    {9017, 7, 4, 0}, // flag-ps
    {9028, 7, 4, 0}, // flag-pt
    {9039, 7, 4, 0}, // flag-pw
    {9050, 7, 4, 0}, // flag-py
    {9061, 7, 4, 0}, // flag-qa
    {9072, 7, 4, 0}, // flag-re
    {9083, 7, 4, 0}, // flag-ro
    {9094, 7, 4, 0}, // flag-rs
    {9105, 7, 4, 0}, // flag-ru
    {9116, 7, 4, 0}, // flag-rw
    {9127, 7, 4, 0}, // flag-sa
    {9138, 9, 4, 0}, // flag-sark
    {9151, 7, 4, 0}, // flag-sb
    {9162, 7, 4, 0}, // flag-sc
    {9173, 13, 14, 0}, // flag-scotland
    {9200, 7, 4, 0}, // flag-sd
    {9211, 7, 4, 0}, // flag-se
    {9222, 7, 4, 0}, // flag-sg
    {9233, 7, 4, 0}, // flag-sh
    {9244, 7, 4, 0}, // flag-si
    {9255, 7, 4, 0}, // flag-sj
    {9266, 7, 4, 0}, // flag-sk
    {9277, 7, 4, 0}, // flag-sl
    {9288, 7, 4, 0}, // flag-sm
    {9299, 7, 4, 0}, // flag-sn
    {9310, 7, 4, 0}, // flag-so
    {9321, 7, 4, 0}, // flag-sr
    {9332, 7, 4, 0}, // flag-ss
    {9343, 7, 4, 0}, // flag-st
    {9354, 7, 4, 0}, // flag-sv
    {9365, 7, 4, 0}, // flag-sx
    {9376, 7, 4, 0}, // flag-sy
    {9387, 7, 4, 0}, // flag-sz
    {9398, 7, 4, 0}, // flag-ta
    {9409, 7, 4, 0}, // flag-tc
    {9420, 7, 4, 0}, // flag-td
    {9431, 7, 4, 0}, // flag-tf
    {9442, 7, 4, 0}, // flag-tg
    {9453, 7, 4, 0}, // flag-th
    {9464, 7, 4, 0}, // flag-tj
    {9475, 7, 4, 0}, // flag-tk
    {9486, 7, 4, 0}, // flag-tl
    {9497, 7, 4, 0}, // flag-tm
    {9508, 7, 4, 0}, // flag-tn
    {9519, 7, 4, 0}, // flag-to
    {9530, 7, 4, 0}, // flag-tr
    {9541, 7, 4, 0}, // flag-tt
    {9552, 7, 4, 0}, // flag-tv
    {9563, 7, 4, 0}, // flag-tw
    {9574, 7, 4, 0}, // flag-tz
    {9585, 7, 4, 0}, // flag-ua
    {9596, 7, 4, 0}, // flag-ug
    {9607, 7, 4, 0}, // flag-um
    {9618, 7, 4, 0}, // flag-un
    {9629, 7, 4, 0}, // flag-us
    {9640, 7, 4, 0}, // flag-uy
    {9651, 7, 4, 0}, // flag-uz
    {9662, 7, 4, 0}, // flag-va
    {9673, 7, 4, 0}, // flag-vc
    {9684, 7, 4, 0}, // flag-ve
    {9695, 7, 4, 0}, // flag-vg
    {9706, 7, 4, 0}, // flag-vi
    {9717, 7, 4, 0}, // flag-vn
    {9728, 7, 4, 0}, // flag-vu
    {9739, 10, 14, 0}, // flag-wales
    {9763, 7, 4, 0}, // flag-wf
    {9774, 7, 4, 0}, // flag-ws
    {9785, 7, 4, 0}, // flag-xk
    {9796, 7, 4, 0}, // flag-ye
    {9807, 7, 4, 0}, // flag-yt
    {9818, 7, 4, 0}, // flag-za
    {9829, 7, 4, 0}, // flag-zm
    {9840, 7, 4, 0}, // flag-zw
    {9851, 5, 2, 0}, // flags
    {9858, 8, 2, 0}, // flamingo
    {9868, 10, 2, 0}, // flashlight
    {9880, 9, 2, 0}, // flatbread
    {9891, 12, 2, 0}, // fleur_de_lis
    {9905, 7, 2, 0}, // flipper
    {9914, 11, 2, 0}, // floppy_disk
    {9927, 20, 2, 0}, // flower_playing_cards
    {9949, 7, 2, 0}, // flushed
    {9958, 5, 2, 0}, // flute
    {9965, 3, 2, 0}, // fly
    {9970, 11, 2, 0}, // flying_disc
    {9983, 13, 2, 0}, // flying_saucer
    {9998, 3, 3, 0}, // fog
    {10004, 5, 2, 0}, // foggy
    {10011, 16, 2, 0}, // folding_hand_fan
    {10029, 6, 2, 0}, // fondue
    {10037, 4, 2, 1}, // foot
    {10043, 8, 2, 0}, // football
    {10053, 10, 2, 0}, // footprints
    {10065, 14, 2, 0}, // fork_and_knife
    {10081, 14, 2, 0}, // fortune_cookie
    {10097, 8, 1, 0}, // fountain
    {10106, 4, 3, 0}, // four
    {10113, 16, 2, 0}, // four_leaf_clover
    {10131, 8, 2, 0}, // fox_face
    {10141, 2, 4, 0}, // fr
    {10147, 18, 3, 0}, // frame_with_picture
    {10168, 4, 2, 0}, // free
    {10174, 9, 2, 0}, // fried_egg
    {10185, 12, 2, 0}, // fried_shrimp
    {10199, 5, 2, 0}, // fries
    {10206, 4, 2, 0}, // frog
    {10212, 8, 2, 0}, // frowning
    {10222, 8, 1, 0}, // fuelpump
    {10231, 9, 2, 0}, // full_moon
    {10242, 19, 2, 0}, // full_moon_with_face
    {10263, 11, 2, 0}, // funeral_urn
    {10276, 8, 2, 0}, // game_die
    {10286, 6, 2, 0}, // garlic
    {10294, 2, 4, 0}, // gb
    {10300, 4, 2, 0}, // gear
    {10306, 3, 2, 0}, // gem
    {10311, 6, 1, 0}, // gemini
    {10318, 5, 2, 0}, // genie
    {10325, 5, 2, 0}, // ghost
    {10332, 4, 2, 0}, // gift
    {10338, 10, 2, 0}, // gift_heart
    {10350, 11, 2, 0}, // ginger_root
    {10363, 12, 2, 0}, // giraffe_face
    {10377, 4, 2, 1}, // girl
    {10383, 13, 2, 0}, // glass_of_milk
    {10398, 20, 2, 0}, // globe_with_meridians
    {10420, 6, 2, 0}, // gloves
    {10428, 8, 2, 0}, // goal_net
    {10438, 4, 2, 0}, // goat
    {10444, 7, 2, 0}, // goggles
    {10453, 4, 1, 0}, // golf
    {10458, 6, 3, 1}, // golfer
    {10467, 5, 2, 0}, // goose
    {10474, 7, 2, 0}, // gorilla
    {10483, 6, 2, 0}, // grapes
    {10491, 11, 2, 0}, // green_apple
    {10504, 10, 2, 0}, // green_book
    {10516, 11, 2, 0}, // green_heart
    {10529, 11, 2, 0}, // green_salad
    {10542, 16, 1, 0}, // grey_exclamation
    {10559, 10, 2, 0}, // grey_heart
    {10571, 13, 1, 0}, // grey_question
    {10585, 9, 2, 0}, // grimacing
    {10596, 4, 2, 0}, // grin
    {10602, 8, 2, 0}, // grinning
    {10612, 46, 2, 0}, // grinning_face_with_one_large_and_one_small_eye
    {10660, 28, 2, 0}, // grinning_face_with_star_eyes
    {10690, 9, 2, 1}, // guardsman
    {10701, 9, 2, 0}, // guide_dog
    {10712, 6, 2, 0}, // guitar
    {10720, 3, 2, 0}, // gun
    {10725, 9, 2, 0}, // hair_pick
    {10736, 7, 2, 1}, // haircut
    {10745, 9, 2, 0}, // hamburger
    {10756, 6, 2, 0}, // hammer
    {10764, 15, 2, 0}, // hammer_and_pick
    {10781, 17, 3, 0}, // hammer_and_wrench
    {10801, 5, 2, 0}, // hamsa
    {10808, 7, 2, 0}, // hamster
    {10817, 4, 1, 1}, // hand
    {10822, 42, 2, 1}, // hand_with_index_and_middle_fingers_crossed
    {10866, 40, 2, 1}, // hand_with_index_finger_and_thumb_crossed
    {10908, 7, 2, 0}, // handbag
    {10917, 8, 2, 1}, // handball
    {10927, 9, 2, 1}, // handshake
    {10938, 6, 2, 0}, // hankey
    {10946, 4, 2, 0}, // harp
    {10952, 4, 3, 0}, // hash
    {10959, 13, 2, 0}, // hatched_chick
    {10974, 14, 2, 0}, // hatching_chick
    {10990, 25, 5, 0}, // head_shaking_horizontally
    {11020, 23, 5, 0}, // head_shaking_vertically
    {11048, 10, 2, 0}, // headphones
    {11060, 9, 2, 0}, // headstone
    {11071, 13, 5, 1}, // health_worker
    {11089, 12, 2, 0}, // hear_no_evil
    {11103, 5, 2, 0}, // heart
    {11110, 16, 2, 0}, // heart_decoration
    {11128, 10, 2, 0}, // heart_eyes
    {11140, 14, 2, 0}, // heart_eyes_cat
    {11156, 11, 2, 1}, // heart_hands
    {11169, 13, 5, 0}, // heart_on_fire
    {11187, 9, 2, 0}, // heartbeat
    {11198, 10, 2, 0}, // heartpulse
    {11210, 6, 2, 0}, // hearts
    {11218, 16, 2, 0}, // heavy_check_mark
    {11236, 19, 1, 0}, // heavy_division_sign
    {11256, 17, 2, 0}, // heavy_dollar_sign
    {11275, 17, 2, 0}, // heavy_equals_sign
    {11294, 22, 1, 0}, // heavy_exclamation_mark
    {11317, 37, 2, 0}, // heavy_heart_exclamation_mark_ornament
    {11356, 16, 1, 0}, // heavy_minus_sign
    {11373, 22, 2, 0}, // heavy_multiplication_x
    {11397, 15, 1, 0}, // heavy_plus_sign
    {11413, 8, 2, 0}, // hedgehog
    {11423, 10, 2, 0}, // helicopter
    {11435, 23, 2, 0}, // helmet_with_white_cross
    {11460, 4, 2, 0}, // herb
    {11466, 8, 2, 0}, // hibiscus
    {11476, 15, 2, 0}, // high_brightness
    {11493, 9, 2, 0}, // high_heel
    {11504, 11, 2, 0}, // hiking_boot
    {11517, 12, 2, 0}, // hindu_temple
    {11531, 12, 2, 0}, // hippopotamus
    {11545, 5, 2, 0}, // hocho
    {11552, 4, 3, 0}, // hole
    {11559, 9, 2, 0}, // honey_pot
    {11570, 8, 2, 0}, // honeybee
    {11580, 4, 2, 0}, // hook
    {11586, 5, 2, 0}, // horse
    {11593, 12, 2, 1}, // horse_racing
    {11607, 8, 2, 0}, // hospital
    {11617, 8, 2, 0}, // hot_face
    {11627, 10, 3, 0}, // hot_pepper
    {11640, 6, 2, 0}, // hotdog
    {11648, 5, 2, 0}, // hotel
    {11655, 10, 2, 0}, // hotsprings
    {11667, 9, 1, 0}, // hourglass
    {11677, 22, 1, 0}, // hourglass_flowing_sand
    {11700, 5, 2, 0}, // house
    {11707, 15, 3, 0}, // house_buildings
    {11725, 17, 2, 0}, // house_with_garden
    {11744, 12, 2, 0}, // hugging_face
    {11758, 6, 2, 0}, // hushed
    {11766, 3, 2, 0}, // hut
    {11771, 8, 2, 0}, // hyacinth
    {11781, 20, 2, 1}, // i_love_you_hand_sign
    {11803, 9, 2, 0}, // ice_cream
    {11814, 8, 2, 0}, // ice_cube
    {11824, 25, 2, 0}, // ice_hockey_stick_and_puck
    {11851, 9, 2, 0}, // ice_skate
    {11862, 8, 2, 0}, // icecream
    {11872, 2, 2, 0}, // id
    {11876, 19, 2, 0}, // identification_card
    {11897, 19, 2, 0}, // ideograph_advantage
    {11918, 3, 2, 0}, // imp
    {11923, 10, 2, 0}, // inbox_tray
    {11935, 17, 2, 0}, // incoming_envelope
    {11954, 28, 2, 1}, // index_pointing_at_the_viewer
    {11984, 8, 2, 0}, // infinity
    {11994, 23, 2, 1}, // information_desk_person
    {12019, 18, 2, 0}, // information_source
    {12039, 8, 2, 0}, // innocent
    {12049, 11, 2, 0}, // interrobang
    {12062, 6, 2, 0}, // iphone
    {12070, 2, 4, 0}, // it
    {12076, 15, 2, 0}, // izakaya_lantern
    {12093, 14, 2, 0}, // jack_o_lantern
    {12109, 5, 2, 0}, // japan
    {12116, 15, 2, 0}, // japanese_castle
    {12133, 15, 2, 0}, // japanese_goblin
    {12150, 13, 2, 0}, // japanese_ogre
    {12165, 3, 2, 0}, // jar
    {12170, 5, 2, 0}, // jeans
    {12177, 9, 2, 0}, // jellyfish
    {12188, 6, 2, 0}, // jigsaw
    {12196, 3, 2, 0}, // joy
    {12201, 7, 2, 0}, // joy_cat
    {12210, 8, 3, 0}, // joystick
    {12221, 2, 4, 0}, // jp
    {12227, 5, 5, 1}, // judge
    {12237, 8, 2, 1}, // juggling
    {12247, 5, 2, 0}, // kaaba
    {12254, 8, 2, 0}, // kangaroo
    {12264, 3, 2, 0}, // key
    {12269, 8, 2, 0}, // keyboard
    {12279, 11, 3, 0}, // keycap_star
    {12293, 10, 2, 0}, // keycap_ten
    {12305, 6, 2, 0}, // khanda
    {12313, 6, 2, 0}, // kimono
    {12321, 4, 2, 0}, // kiss
    {12327, 7, 2, 0}, // kissing
    {12336, 11, 2, 0}, // kissing_cat
    {12349, 19, 2, 0}, // kissing_closed_eyes
    {12370, 13, 2, 0}, // kissing_heart
    {12385, 20, 2, 0}, // kissing_smiling_eyes
    {12407, 4, 2, 0}, // kite
    {12413, 9, 2, 0}, // kiwifruit
    {12424, 15, 2, 1}, // kneeling_person
    {12441, 5, 2, 0}, // knife
    {12448, 16, 3, 0}, // knife_fork_plate
    {12467, 4, 2, 0}, // knot
    {12473, 5, 2, 0}, // koala
    {12480, 4, 2, 0}, // koko
    {12486, 2, 4, 0}, // kr
    {12492, 8, 2, 0}, // lab_coat
    {12502, 5, 3, 0}, // label
    {12510, 8, 2, 0}, // lacrosse
    {12520, 6, 2, 0}, // ladder
    {12528, 11, 2, 0}, // lady_beetle
    {12541, 7, 2, 0}, // ladybug
    {12550, 7, 2, 0}, // lantern
    {12559, 17, 2, 0}, // large_blue_circle
    {12578, 18, 2, 0}, // large_blue_diamond
    {12598, 17, 2, 0}, // large_blue_square
    {12617, 18, 2, 0}, // large_brown_circle
    {12637, 18, 2, 0}, // large_brown_square
    {12657, 18, 2, 0}, // large_green_circle
    {12677, 18, 2, 0}, // large_green_square
    {12697, 19, 2, 0}, // large_orange_circle
    {12718, 20, 2, 0}, // large_orange_diamond
    {12740, 19, 2, 0}, // large_orange_square
    {12761, 19, 2, 0}, // large_purple_circle
    {12782, 19, 2, 0}, // large_purple_square
    {12803, 16, 2, 0}, // large_red_square
    {12821, 19, 2, 0}, // large_yellow_circle
    {12842, 19, 2, 0}, // large_yellow_square
    {12863, 17, 2, 0}, // last_quarter_moon
    {12882, 27, 2, 0}, // last_quarter_moon_with_face
    {12911, 11, 2, 0}, // latin_cross
    {12924, 8, 2, 0}, // laughing
    {12934, 13, 2, 0}, // leafless_tree
    {12949, 11, 2, 0}, // leafy_green
    {12962, 6, 2, 0}, // leaves
    {12970, 6, 2, 0}, // ledger
    {12978, 16, 2, 1}, // left-facing_fist
    {12996, 12, 2, 0}, // left_luggage
    {13010, 16, 2, 0}, // left_right_arrow
    {13028, 18, 3, 0}, // left_speech_bubble
    {13049, 25, 2, 0}, // leftwards_arrow_with_hook
    {13076, 14, 2, 1}, // leftwards_hand
    {13092, 22, 2, 1}, // leftwards_pushing_hand
    {13116, 3, 2, 1}, // leg
    {13121, 5, 2, 0}, // lemon
    {13128, 3, 1, 0}, // leo
    {13132, 7, 2, 0}, // leopard
    {13141, 12, 3, 0}, // level_slider
    {13156, 5, 1, 0}, // libra
    {13162, 16, 2, 0}, // light_blue_heart
    {13180, 10, 2, 0}, // light_rail
    {13192, 9, 3, 0}, // lightning
    {13204, 15, 3, 0}, // lightning_cloud
    {13222, 4, 5, 0}, // lime
    {13231, 4, 2, 0}, // link
    {13237, 17, 3, 0}, // linked_paperclips
    {13257, 9, 2, 0}, // lion_face
    {13268, 4, 2, 0}, // lips
    {13274, 8, 2, 0}, // lipstick
    {13284, 6, 2, 0}, // lizard
    {13292, 5, 2, 0}, // llama
    {13299, 7, 2, 0}, // lobster
    {13308, 4, 2, 0}, // lock
    {13314, 17, 2, 0}, // lock_with_ink_pen
    {13333, 8, 2, 0}, // lollipop
    {13343, 9, 2, 0}, // long_drum
    {13354, 4, 1, 0}, // loop
    {13359, 13, 2, 0}, // lotion_bottle
    {13374, 5, 2, 0}, // lotus
    {13381, 10, 2, 0}, // loud_sound
    {13393, 11, 2, 0}, // loudspeaker
    {13406, 10, 2, 0}, // love_hotel
    {13418, 11, 2, 0}, // love_letter
    {13431, 11, 2, 0}, // low_battery
    {13444, 14, 2, 0}, // low_brightness
    {13460, 24, 3, 0}, // lower_left_ballpoint_pen
    {13487, 17, 3, 0}, // lower_left_crayon
    {13507, 23, 3, 0}, // lower_left_fountain_pen
    {13533, 21, 3, 0}, // lower_left_paintbrush
    {13557, 7, 2, 0}, // luggage
    {13566, 5, 2, 0}, // lungs
    {13573, 10, 2, 0}, // lying_face
    {13585, 1, 2, 0}, // m
    {13588, 3, 2, 0}, // mag
    {13593, 9, 2, 0}, // mag_right
    {13604, 4, 2, 1}, // mage
    {13610, 10, 2, 0}, // magic_wand
    {13622, 6, 2, 0}, // magnet
    {13630, 7, 2, 0}, // mahjong
    {13639, 7, 2, 0}, // mailbox
    {13648, 14, 2, 0}, // mailbox_closed
    {13664, 17, 2, 0}, // mailbox_with_mail
    {13683, 20, 2, 0}, // mailbox_with_no_mail
    {13705, 11, 5, 1}, // male-artist
    {13721, 14, 5, 1}, // male-astronaut
    {13740, 24, 5, 1}, // male-construction-worker
    {13769, 9, 5, 1}, // male-cook
    {13783, 14, 6, 1}, // male-detective
    {13803, 11, 5, 1}, // male-doctor
    {13819, 19, 5, 1}, // male-factory-worker
    {13843, 11, 5, 1}, // male-farmer
    {13859, 16, 5, 1}, // male-firefighter
    {13880, 10, 5, 1}, // male-guard
    {13895, 10, 5, 1}, // male-judge
    {13910, 13, 5, 1}, // male-mechanic
    {13928, 18, 5, 1}, // male-office-worker
    {13951, 10, 5, 1}, // male-pilot
    {13966, 19, 5, 1}, // male-police-officer
    {13990, 14, 5, 1}, // male-scientist
    {14009, 11, 5, 1}, // male-singer
    {14025, 12, 5, 1}, // male-student
    {14042, 12, 5, 1}, // male-teacher
    {14059, 17, 5, 1}, // male-technologist
    {14081, 8, 5, 1}, // male_elf
    {14094, 10, 5, 1}, // male_fairy
    {14109, 10, 5, 0}, // male_genie
    {14124, 9, 5, 1}, // male_mage
    {14138, 9, 2, 0}, // male_sign
    {14149, 14, 5, 1}, // male_superhero
    {14168, 17, 5, 1}, // male_supervillain
    {14190, 12, 5, 1}, // male_vampire
    {14207, 11, 5, 0}, // male_zombie
    {14223, 7, 2, 0}, // mammoth
    {14232, 3, 2, 1}, // man
    {14237, 10, 5, 1}, // man-biking
    {14252, 17, 5, 1}, // man-bouncing-ball
    {14274, 10, 5, 1}, // man-bowing
    {14289, 7, 5, 0}, // man-boy
    {14301, 11, 8, 0}, // man-boy-boy
    {14320, 16, 5, 1}, // man-cartwheeling
    {14341, 15, 5, 1}, // man-facepalming
    {14361, 12, 5, 1}, // man-frowning
    {14378, 16, 5, 1}, // man-gesturing-no
    {14399, 16, 5, 1}, // man-gesturing-ok
    {14420, 19, 5, 1}, // man-getting-haircut
    {14444, 19, 5, 1}, // man-getting-massage
    {14468, 8, 5, 0}, // man-girl
    {14481, 12, 8, 0}, // man-girl-boy
    {14501, 13, 8, 0}, // man-girl-girl
    {14522, 11, 6, 1}, // man-golfing
    {14539, 13, 8, 0}, // man-heart-man
    {14560, 12, 5, 1}, // man-juggling
    {14577, 12, 11, 0}, // man-kiss-man
    {14600, 19, 6, 1}, // man-lifting-weights
    {14625, 11, 8, 0}, // man-man-boy
    {14644, 15, 11, 0}, // man-man-boy-boy
    {14670, 12, 8, 0}, // man-man-girl
    {14690, 16, 11, 0}, // man-man-girl-boy
    {14717, 17, 11, 0}, // man-man-girl-girl
    {14745, 19, 5, 1}, // man-mountain-biking
    {14769, 20, 5, 1}, // man-playing-handball
    {14794, 22, 5, 1}, // man-playing-water-polo
    {14821, 11, 5, 1}, // man-pouting
    {14837, 16, 5, 1}, // man-raising-hand
    {14858, 15, 5, 1}, // man-rowing-boat
    {14878, 11, 5, 1}, // man-running
    {14894, 13, 5, 1}, // man-shrugging
    {14912, 11, 5, 1}, // man-surfing
    {14928, 12, 5, 1}, // man-swimming
    {14945, 16, 5, 1}, // man-tipping-hand
    {14966, 11, 5, 1}, // man-walking
    {14982, 18, 5, 1}, // man-wearing-turban
    {15005, 28, 5, 0}, // man-with-bunny-ears-partying
    {15038, 13, 8, 0}, // man-woman-boy
    {15059, 17, 11, 0}, // man-woman-boy-boy
    {15087, 14, 8, 0}, // man-woman-girl
    {15109, 18, 11, 0}, // man-woman-girl-boy
    {15138, 19, 11, 0}, // man-woman-girl-girl
    {15168, 13, 5, 0}, // man-wrestling
    {15186, 27, 2, 1}, // man_and_woman_holding_hands
    {15215, 12, 5, 1}, // man_climbing
    {15232, 11, 2, 1}, // man_dancing
    {15245, 16, 5, 1}, // man_feeding_baby
    {15266, 31, 3, 1}, // man_in_business_suit_levitating
    {15300, 21, 5, 1}, // man_in_lotus_position
    {15326, 24, 5, 1}, // man_in_manual_wheelchair
    {15355, 37, 8, 1}, // man_in_manual_wheelchair_facing_right
    {15400, 27, 5, 1}, // man_in_motorized_wheelchair
    {15432, 40, 8, 1}, // man_in_motorized_wheelchair_facing_right
    {15480, 18, 5, 1}, // man_in_steamy_room
    {15503, 13, 5, 1}, // man_in_tuxedo
    {15521, 12, 5, 1}, // man_kneeling
    {15538, 25, 8, 1}, // man_kneeling_facing_right
    {15571, 24, 8, 1}, // man_running_facing_right
    {15603, 12, 5, 1}, // man_standing
    {15620, 24, 8, 1}, // man_walking_facing_right
    {15652, 14, 5, 1}, // man_with_beard
    {15671, 19, 2, 1}, // man_with_gua_pi_mao
    {15692, 21, 5, 1}, // man_with_probing_cane
    {15718, 15, 2, 1}, // man_with_turban
    {15735, 13, 5, 1}, // man_with_veil
    {15753, 32, 8, 1}, // man_with_white_cane_facing_right
    {15793, 5, 2, 0}, // mango
    {15800, 9, 2, 0}, // mans_shoe
    {15811, 17, 3, 0}, // mantelpiece_clock
    {15831, 17, 2, 0}, // manual_wheelchair
    {15850, 10, 2, 0}, // maple_leaf
    {15862, 7, 2, 0}, // maracas
    {15871, 20, 2, 0}, // martial_arts_uniform
    {15893, 4, 2, 0}, // mask
    {15899, 7, 2, 1}, // massage
    {15908, 10, 2, 0}, // mate_drink
    {15920, 12, 2, 0}, // meat_on_bone
    {15934, 8, 5, 1}, // mechanic
    {15947, 14, 2, 0}, // mechanical_arm
    {15963, 14, 2, 0}, // mechanical_leg
    {15979, 5, 3, 0}, // medal
    {15987, 14, 2, 0}, // medical_symbol
    {16003, 4, 2, 0}, // mega
    {16009, 5, 2, 0}, // melon
    {16016, 12, 2, 0}, // melting_face
    {16030, 4, 2, 0}, // memo
    {16036, 28, 5, 0}, // men-with-bunny-ears-partying
    {16069, 17, 2, 1}, // men_holding_hands
    {16088, 13, 5, 0}, // mending_heart
    {16106, 26, 2, 0}, // menorah_with_nine_branches
    {16134, 4, 2, 0}, // mens
    {16140, 7, 5, 1}, // mermaid
    {16152, 6, 5, 1}, // merman
    {16163, 9, 2, 1}, // merperson
    {16174, 5, 2, 0}, // metro
    {16181, 7, 2, 0}, // microbe
    {16190, 10, 2, 0}, // microphone
    {16202, 10, 2, 0}, // microscope
    {16214, 13, 2, 1}, // middle_finger
    {16229, 15, 2, 0}, // military_helmet
    {16246, 9, 2, 0}, // milky_way
    {16257, 7, 2, 0}, // minibus
    {16266, 8, 2, 0}, // minidisc
    {16276, 6, 2, 0}, // mirror
    {16284, 11, 2, 0}, // mirror_ball
    {16297, 16, 2, 0}, // mobile_phone_off
    {16315, 16, 2, 0}, // money_mouth_face
    {16333, 16, 2, 0}, // money_with_wings
    {16351, 8, 2, 0}, // moneybag
    {16361, 6, 2, 0}, // monkey
    {16369, 11, 2, 0}, // monkey_face
    {16382, 8, 2, 0}, // monorail
    {16392, 4, 2, 0}, // moon
    {16398, 9, 2, 0}, // moon_cake
    {16409, 5, 2, 0}, // moose
    {16416, 12, 2, 0}, // mortar_board
    {16430, 6, 2, 0}, // mosque
    {16438, 8, 2, 0}, // mosquito
    {16448, 12, 3, 0}, // mostly_sunny
    {16463, 16, 2, 1}, // mother_christmas
    {16481, 10, 3, 0}, // motor_boat
    {16494, 13, 2, 0}, // motor_scooter
    {16509, 20, 2, 0}, // motorized_wheelchair
    {16531, 8, 3, 0}, // motorway
    {16542, 10, 2, 0}, // mount_fuji
    {16554, 8, 2, 0}, // mountain
    {16564, 18, 2, 1}, // mountain_bicyclist
    {16584, 17, 2, 0}, // mountain_cableway
    {16603, 16, 2, 0}, // mountain_railway
    {16621, 5, 2, 0}, // mouse
    {16628, 6, 2, 0}, // mouse2
    {16636, 10, 2, 0}, // mouse_trap
    {16648, 12, 2, 0}, // movie_camera
    {16662, 5, 2, 0}, // moyai
    {16669, 9, 2, 1}, // mrs_claus
    {16680, 6, 2, 1}, // muscle
    {16688, 8, 2, 0}, // mushroom
    {16698, 16, 2, 0}, // musical_keyboard
    {16716, 12, 2, 0}, // musical_note
    {16730, 13, 2, 0}, // musical_score
    {16745, 4, 2, 0}, // mute
    {16751, 8, 5, 1}, // mx_claus
    {16764, 9, 2, 1}, // nail_care
    {16775, 10, 2, 0}, // name_badge
    {16787, 13, 3, 0}, // national_park
    {16803, 14, 2, 0}, // nauseated_face
    {16819, 12, 2, 0}, // nazar_amulet
    {16833, 7, 2, 0}, // necktie
    {16842, 27, 1, 0}, // negative_squared_cross_mark
    {16870, 9, 2, 0}, // nerd_face
    {16881, 14, 2, 0}, // nest_with_eggs
    {16897, 13, 2, 0}, // nesting_dolls
    {16912, 12, 2, 0}, // neutral_face
    {16926, 3, 2, 0}, // new
    {16931, 8, 2, 0}, // new_moon
    {16941, 18, 2, 0}, // new_moon_with_face
    {16961, 9, 2, 0}, // newspaper
    {16972, 2, 2, 0}, // ng
    {16976, 16, 2, 0}, // night_with_stars
    {16994, 4, 3, 0}, // nine
    {17001, 5, 2, 1}, // ninja
    {17008, 7, 2, 0}, // no_bell
    {17017, 11, 2, 0}, // no_bicycles
    {17030, 8, 1, 0}, // no_entry
    {17039, 13, 2, 0}, // no_entry_sign
    {17054, 7, 2, 1}, // no_good
    {17063, 16, 2, 0}, // no_mobile_phones
    {17081, 8, 2, 0}, // no_mouth
    {17091, 14, 2, 0}, // no_pedestrians
    {17107, 10, 2, 0}, // no_smoking
    {17119, 17, 2, 0}, // non-potable_water
    {17138, 4, 2, 1}, // nose
    {17144, 8, 2, 0}, // notebook
    {17154, 30, 2, 0}, // notebook_with_decorative_cover
    {17186, 5, 2, 0}, // notes
    {17193, 12, 2, 0}, // nut_and_bolt
    {17207, 1, 1, 0}, // o
    {17209, 2, 3, 0}, // o2
    {17214, 5, 2, 0}, // ocean
    {17221, 14, 2, 0}, // octagonal_sign
    {17237, 7, 2, 0}, // octopus
    {17246, 4, 2, 0}, // oden
    {17252, 6, 2, 0}, // office
    {17260, 13, 5, 1}, // office_worker
    {17278, 8, 3, 0}, // oil_drum
    {17289, 2, 2, 0}, // ok
    {17293, 7, 2, 1}, // ok_hand
    {17302, 8, 2, 1}, // ok_woman
    {17312, 7, 3, 0}, // old_key
    {17322, 11, 2, 1}, // older_adult
    {17335, 9, 2, 1}, // older_man
    {17346, 11, 2, 1}, // older_woman
    {17359, 5, 2, 0}, // olive
    {17366, 9, 3, 0}, // om_symbol
    {17378, 2, 2, 0}, // on
    {17382, 19, 2, 0}, // oncoming_automobile
    {17403, 12, 2, 0}, // oncoming_bus
    {17417, 19, 2, 0}, // oncoming_police_car
    {17438, 13, 2, 0}, // oncoming_taxi
    {17453, 3, 3, 0}, // one
    {17459, 18, 2, 0}, // one-piece_swimsuit
    {17479, 5, 2, 0}, // onion
    {17486, 9, 2, 0}, // open_book
    {17497, 16, 2, 0}, // open_file_folder
    {17515, 10, 2, 1}, // open_hands
    {17527, 10, 2, 0}, // open_mouth
    {17539, 9, 1, 0}, // ophiuchus
    {17549, 11, 2, 0}, // orange_book
    {17562, 12, 2, 0}, // orange_heart
    {17576, 9, 2, 0}, // orangutan
    {17587, 14, 2, 0}, // orthodox_cross
    {17603, 5, 2, 0}, // otter
    {17610, 11, 2, 0}, // outbox_tray
    {17623, 3, 2, 0}, // owl
    {17628, 2, 2, 0}, // ox
    {17632, 6, 2, 0}, // oyster
    {17640, 7, 2, 0}, // package
    {17649, 14, 2, 0}, // page_facing_up
    {17665, 14, 2, 0}, // page_with_curl
    {17681, 5, 2, 0}, // pager
    {17688, 14, 2, 1}, // palm_down_hand
    {17704, 9, 2, 0}, // palm_tree
    {17715, 12, 2, 1}, // palm_up_hand
    {17729, 17, 2, 1}, // palms_up_together
    {17748, 8, 2, 0}, // pancakes
    {17758, 10, 2, 0}, // panda_face
    {17770, 9, 2, 0}, // paperclip
    {17781, 9, 2, 0}, // parachute
    {17792, 7, 3, 0}, // parking
    {17802, 6, 2, 0}, // parrot
    {17810, 21, 2, 0}, // part_alternation_mark
    {17833, 12, 1, 0}, // partly_sunny
    {17846, 17, 3, 0}, // partly_sunny_rain
    {17866, 13, 2, 0}, // partying_face
    {17881, 14, 3, 0}, // passenger_ship
    {17898, 16, 2, 0}, // passport_control
    {17916, 10, 2, 0}, // paw_prints
    {17928, 7, 2, 0}, // pea_pod
    {17937, 12, 2, 0}, // peace_symbol
    {17951, 5, 2, 0}, // peach
    {17958, 7, 2, 0}, // peacock
    {17967, 7, 2, 0}, // peanuts
    {17976, 4, 2, 0}, // pear
    {17982, 6, 2, 0}, // pencil
    {17990, 7, 2, 0}, // pencil2
    {17999, 7, 2, 0}, // penguin
    {18008, 7, 2, 0}, // pensive
    {18017, 20, 8, 0}, // people_holding_hands
    {18045, 14, 2, 0}, // people_hugging
    {18061, 15, 2, 0}, // performing_arts
    {18078, 9, 2, 0}, // persevere
    {18089, 15, 2, 1}, // person_climbing
    {18106, 22, 2, 1}, // person_doing_cartwheel
    {18130, 19, 5, 1}, // person_feeding_baby
    {18154, 15, 2, 1}, // person_frowning
    {18171, 24, 2, 1}, // person_in_lotus_position
    {18197, 27, 5, 1}, // person_in_manual_wheelchair
    {18229, 40, 8, 1}, // person_in_manual_wheelchair_facing_right
    {18277, 30, 5, 1}, // person_in_motorized_wheelchair
    {18312, 43, 8, 1}, // person_in_motorized_wheelchair_facing_right
    {18363, 21, 2, 1}, // person_in_steamy_room
    {18386, 16, 2, 1}, // person_in_tuxedo
    {18404, 28, 5, 1}, // person_kneeling_facing_right
    {18437, 27, 5, 1}, // person_running_facing_right
    {18469, 27, 5, 1}, // person_walking_facing_right
    {18501, 16, 2, 1}, // person_with_ball
    {18519, 22, 2, 1}, // person_with_blond_hair
    {18543, 17, 2, 1}, // person_with_crown
    {18562, 21, 2, 1}, // person_with_headscarf
    {18585, 24, 2, 1}, // person_with_pouting_face
    {18611, 24, 5, 1}, // person_with_probing_cane
    {18640, 35, 8, 1}, // person_with_white_cane_facing_right
    {18683, 10, 2, 0}, // petri_dish
    {18695, 7, 5, 0}, // phoenix
    {18707, 5, 2, 0}, // phone
    {18714, 4, 2, 0}, // pick
    {18720, 12, 2, 0}, // pickup_truck
    {18734, 3, 2, 0}, // pie
    {18739, 3, 2, 0}, // pig
    {18744, 4, 2, 0}, // pig2
    {18750, 8, 2, 0}, // pig_nose
    {18760, 4, 2, 0}, // pill
    {18766, 5, 5, 1}, // pilot
    {18776, 6, 2, 0}, // pinata
    {18784, 15, 2, 1}, // pinched_fingers
    {18801, 13, 2, 1}, // pinching_hand
    {18816, 9, 2, 0}, // pineapple
    {18827, 10, 2, 0}, // pink_heart
    {18839, 11, 5, 0}, // pirate_flag
    {18855, 6, 1, 0}, // pisces
    {18862, 5, 2, 0}, // pizza
    {18869, 7, 2, 0}, // placard
    {18878, 16, 2, 0}, // place_of_worship
    {18896, 16, 2, 0}, // playground_slide
    {18914, 13, 2, 0}, // pleading_face
    {18929, 7, 2, 0}, // plunger
    {18938, 10, 2, 1}, // point_down
    {18950, 10, 2, 1}, // point_left
    {18962, 11, 2, 1}, // point_right
    {18975, 8, 2, 1}, // point_up
    {18985, 10, 2, 1}, // point_up_2
    {18997, 10, 5, 0}, // polar_bear
    {19012, 10, 2, 0}, // police_car
    {19024, 6, 2, 0}, // poodle
    {19032, 4, 2, 0}, // poop
    {19038, 7, 2, 0}, // popcorn
    {19047, 11, 2, 0}, // post_office
    {19060, 11, 2, 0}, // postal_horn
    {19073, 7, 2, 0}, // postbox
    {19082, 13, 2, 0}, // potable_water
    {19097, 6, 2, 0}, // potato
    {19105, 12, 2, 0}, // potted_plant
    {19119, 5, 2, 0}, // pouch
    {19126, 11, 2, 0}, // poultry_leg
    {19139, 5, 2, 0}, // pound
    {19146, 14, 2, 0}, // pouring_liquid
    {19162, 11, 2, 0}, // pouting_cat
    {19175, 4, 2, 1}, // pray
    {19181, 12, 2, 0}, // prayer_beads
    {19195, 12, 2, 1}, // pregnant_man
    {19209, 15, 2, 1}, // pregnant_person
    {19226, 14, 2, 1}, // pregnant_woman
    {19242, 7, 2, 0}, // pretzel
    {19251, 6, 2, 1}, // prince
    {19259, 8, 2, 1}, // princess
    {19269, 7, 3, 0}, // printer
    {19279, 12, 2, 0}, // probing_cane
    {19293, 5, 2, 1}, // punch
    {19300, 12, 2, 0}, // purple_heart
    {19314, 5, 2, 0}, // purse
    {19321, 7, 2, 0}, // pushpin
    {19330, 23, 2, 0}, // put_litter_in_its_place
    {19355, 8, 1, 0}, // question
    {19364, 6, 2, 0}, // rabbit
    {19372, 7, 2, 0}, // rabbit2
    {19381, 7, 2, 0}, // raccoon
    {19390, 9, 2, 0}, // racehorse
    {19401, 10, 3, 0}, // racing_car
    {19414, 17, 3, 0}, // racing_motorcycle
    {19434, 5, 2, 0}, // radio
    {19441, 12, 2, 0}, // radio_button
    {19455, 16, 2, 0}, // radioactive_sign
    {19473, 4, 2, 0}, // rage
    {19479, 11, 2, 0}, // railway_car
    {19492, 13, 3, 0}, // railway_track
    {19508, 10, 3, 0}, // rain_cloud
    {19521, 7, 2, 0}, // rainbow
    {19530, 12, 6, 0}, // rainbow-flag
    {19548, 19, 2, 1}, // raised_back_of_hand
    {19569, 11, 1, 1}, // raised_hand
    {19581, 32, 3, 1}, // raised_hand_with_fingers_splayed
    {19616, 12, 2, 1}, // raised_hands
    {19630, 12, 2, 1}, // raising_hand
    {19644, 3, 2, 0}, // ram
    {19649, 5, 2, 0}, // ramen
    {19656, 3, 2, 0}, // rat
    {19661, 5, 2, 0}, // razor
    {19668, 7, 2, 0}, // receipt
    {19677, 7, 2, 0}, // recycle
    {19686, 7, 2, 0}, // red_car
    {19695, 10, 2, 0}, // red_circle
    {19707, 12, 2, 0}, // red_envelope
    {19721, 14, 5, 1}, // red_haired_man
    {19740, 17, 5, 1}, // red_haired_person
    {19762, 16, 5, 1}, // red_haired_woman
    {19783, 10, 2, 0}, // registered
    {19795, 7, 2, 0}, // relaxed
    {19804, 8, 2, 0}, // relieved
    {19814, 15, 3, 0}, // reminder_ribbon
    {19832, 6, 2, 0}, // repeat
    {19840, 10, 2, 0}, // repeat_one
    {19852, 8, 2, 0}, // restroom
    {19862, 41, 2, 1}, // reversed_hand_with_middle_finger_extended
    {19905, 16, 2, 0}, // revolving_hearts
    {19923, 6, 1, 0}, // rewind
    {19930, 10, 2, 0}, // rhinoceros
    {19942, 6, 2, 0}, // ribbon
    {19950, 4, 2, 0}, // rice
    {19956, 9, 2, 0}, // rice_ball
    {19967, 12, 2, 0}, // rice_cracker
    {19981, 10, 2, 0}, // rice_scene
    {19993, 17, 2, 1}, // right-facing_fist
    {20012, 18, 3, 0}, // right_anger_bubble
    {20033, 15, 2, 1}, // rightwards_hand
    {20050, 23, 2, 1}, // rightwards_pushing_hand
    {20075, 4, 2, 0}, // ring
    {20081, 9, 2, 0}, // ring_buoy
    {20092, 13, 2, 0}, // ringed_planet
    {20107, 10, 2, 0}, // robot_face
    {20119, 4, 2, 0}, // rock
    {20125, 6, 2, 0}, // rocket
    {20133, 13, 2, 0}, // roll_of_paper
    {20148, 19, 3, 0}, // rolled_up_newspaper
    {20170, 14, 2, 0}, // roller_coaster
    {20186, 12, 2, 0}, // roller_skate
    {20200, 29, 2, 0}, // rolling_on_the_floor_laughing
    {20231, 7, 2, 0}, // rooster
    {20240, 14, 2, 0}, // root_vegetable
    {20256, 4, 2, 0}, // rose
    {20262, 7, 3, 0}, // rosette
    {20272, 14, 2, 0}, // rotating_light
    {20288, 13, 2, 0}, // round_pushpin
    {20303, 7, 2, 1}, // rowboat
    {20312, 2, 4, 0}, // ru
    {20318, 14, 2, 0}, // rugby_football
    {20334, 6, 2, 1}, // runner
    {20342, 7, 2, 1}, // running
    {20351, 23, 2, 0}, // running_shirt_with_sash
    {20376, 2, 3, 0}, // sa
    {20381, 10, 2, 0}, // safety_pin
    {20393, 11, 2, 0}, // safety_vest
    {20406, 11, 1, 0}, // sagittarius
    {20418, 8, 1, 0}, // sailboat
    {20427, 4, 2, 0}, // sake
    {20433, 4, 2, 0}, // salt
    {20439, 13, 2, 0}, // saluting_face
    {20454, 6, 2, 0}, // sandal
    {20462, 8, 2, 0}, // sandwich
    {20472, 5, 2, 1}, // santa
    {20479, 4, 2, 0}, // sari
    {20485, 9, 3, 0}, // satellite
    {20497, 17, 2, 0}, // satellite_antenna
    {20516, 9, 2, 0}, // satisfied
    {20527, 8, 2, 0}, // sauropod
    {20537, 9, 2, 0}, // saxophone
    {20548, 6, 2, 0}, // scales
    {20556, 5, 2, 0}, // scarf
    {20563, 6, 2, 0}, // school
    {20571, 14, 2, 0}, // school_satchel
    {20587, 9, 5, 1}, // scientist
    {20601, 8, 2, 0}, // scissors
    {20611, 7, 2, 0}, // scooter
    {20620, 8, 2, 0}, // scorpion
    {20630, 8, 1, 0}, // scorpius
    {20639, 6, 2, 0}, // scream
    {20647, 10, 2, 0}, // scream_cat
    {20659, 11, 2, 0}, // screwdriver
    {20672, 6, 2, 0}, // scroll
    {20680, 4, 2, 0}, // seal
    {20686, 4, 2, 0}, // seat
    {20692, 18, 2, 0}, // second_place_medal
    {20712, 6, 2, 0}, // secret
    {20720, 11, 2, 0}, // see_no_evil
    {20733, 8, 2, 0}, // seedling
    {20743, 6, 2, 1}, // selfie
    {20751, 40, 2, 0}, // serious_face_with_symbols_covering_mouth
    {20793, 11, 5, 0}, // service_dog
    {20809, 5, 3, 0}, // seven
    {20817, 13, 2, 0}, // sewing_needle
    {20832, 12, 2, 0}, // shaking_face
    {20846, 19, 2, 0}, // shallow_pan_of_food
    {20867, 8, 2, 0}, // shamrock
    {20877, 5, 2, 0}, // shark
    {20884, 10, 2, 0}, // shaved_ice
    {20896, 5, 2, 0}, // sheep
    {20903, 5, 2, 0}, // shell
    {20910, 6, 3, 0}, // shield
    {20919, 13, 2, 0}, // shinto_shrine
    {20934, 4, 2, 0}, // ship
    {20940, 5, 2, 0}, // shirt
    {20947, 4, 2, 0}, // shit
    {20953, 32, 2, 0}, // shocked_face_with_exploding_head
    {20987, 4, 2, 0}, // shoe
    {20993, 13, 3, 0}, // shopping_bags
    {21009, 16, 2, 0}, // shopping_trolley
    {21027, 6, 2, 0}, // shorts
    {21035, 6, 2, 0}, // shovel
    {21043, 6, 2, 0}, // shower
    {21051, 6, 2, 0}, // shrimp
    {21059, 5, 2, 1}, // shrug
    {21066, 13, 2, 0}, // shushing_face
    {21081, 17, 2, 1}, // sign_of_the_horns
    {21100, 15, 2, 0}, // signal_strength
    {21117, 6, 5, 1}, // singer
    {21128, 3, 3, 0}, // six
    {21134, 16, 2, 0}, // six_pointed_star
    {21152, 10, 2, 0}, // skateboard
    {21164, 3, 2, 0}, // ski
    {21169, 5, 2, 0}, // skier
    {21176, 11, 2, 0}, // skin-tone-2
    {21189, 11, 2, 0}, // skin-tone-3
    {21202, 11, 2, 0}, // skin-tone-4
    {21215, 11, 2, 0}, // skin-tone-5
    {21228, 11, 2, 0}, // skin-tone-6
    {21241, 5, 2, 0}, // skull
    {21248, 20, 2, 0}, // skull_and_crossbones
    {21270, 5, 2, 0}, // skunk
    {21277, 4, 2, 0}, // sled
    {21283, 8, 2, 0}, // sleeping
    {21293, 22, 2, 1}, // sleeping_accommodation
    {21317, 6, 2, 0}, // sleepy
    {21325, 13, 3, 1}, // sleuth_or_spy
    {21341, 22, 2, 0}, // slightly_frowning_face
    {21365, 21, 2, 0}, // slightly_smiling_face
    {21388, 12, 2, 0}, // slot_machine
    {21402, 5, 2, 0}, // sloth
    {21409, 14, 3, 0}, // small_airplane
    {21426, 18, 2, 0}, // small_blue_diamond
    {21446, 20, 2, 0}, // small_orange_diamond
    {21468, 18, 2, 0}, // small_red_triangle
    {21488, 23, 2, 0}, // small_red_triangle_down
    {21513, 5, 2, 0}, // smile
    {21520, 9, 2, 0}, // smile_cat
    {21531, 6, 2, 0}, // smiley
    {21539, 10, 2, 0}, // smiley_cat
    {21551, 26, 2, 0}, // smiling_face_with_3_hearts
    {21579, 54, 2, 0}, // smiling_face_with_smiling_eyes_and_hand_covering_mouth
    {21635, 22, 2, 0}, // smiling_face_with_tear
    {21659, 11, 2, 0}, // smiling_imp
    {21672, 5, 2, 0}, // smirk
    {21679, 9, 2, 0}, // smirk_cat
    {21690, 7, 2, 0}, // smoking
    {21699, 5, 2, 0}, // snail
    {21706, 5, 2, 0}, // snake
    {21713, 13, 2, 0}, // sneezing_face
    {21728, 20, 3, 0}, // snow_capped_mountain
    {21751, 10, 3, 0}, // snow_cloud
    {21764, 11, 2, 1}, // snowboarder
    {21777, 9, 2, 0}, // snowflake
    {21788, 7, 2, 0}, // snowman
    {21797, 20, 1, 0}, // snowman_without_snow
    {21818, 4, 2, 0}, // soap
    {21824, 3, 2, 0}, // sob
    {21829, 6, 1, 0}, // soccer
    {21836, 5, 2, 0}, // socks
    {21843, 8, 2, 0}, // softball
    {21853, 4, 2, 0}, // soon
    {21859, 3, 2, 0}, // sos
    {21864, 5, 2, 0}, // sound
    {21871, 13, 2, 0}, // space_invader
    {21886, 6, 2, 0}, // spades
    {21894, 9, 2, 0}, // spaghetti
    {21905, 7, 2, 0}, // sparkle
    {21914, 8, 2, 0}, // sparkler
    {21924, 8, 1, 0}, // sparkles
    {21933, 15, 2, 0}, // sparkling_heart
    {21950, 13, 2, 0}, // speak_no_evil
    {21965, 7, 2, 0}, // speaker
    {21974, 27, 3, 0}, // speaking_head_in_silhouette
    {22004, 14, 2, 0}, // speech_balloon
    {22020, 9, 2, 0}, // speedboat
    {22031, 6, 3, 0}, // spider
    {22040, 10, 3, 0}, // spider_web
    {22053, 19, 3, 0}, // spiral_calendar_pad
    {22075, 15, 3, 0}, // spiral_note_pad
    {22093, 8, 2, 0}, // splatter
    {22103, 10, 2, 1}, // spock-hand
    {22115, 6, 2, 0}, // sponge
    {22123, 5, 2, 0}, // spoon
    {22130, 12, 2, 0}, // sports_medal
    {22144, 5, 2, 0}, // squid
    {22151, 7, 3, 0}, // stadium
    {22161, 20, 2, 0}, // staff_of_aesculapius
    {22183, 15, 2, 1}, // standing_person
    {22200, 4, 1, 0}, // star
    {22205, 11, 2, 0}, // star-struck
    {22218, 5, 2, 0}, // star2
    {22225, 17, 2, 0}, // star_and_crescent
    {22244, 13, 2, 0}, // star_of_david
    {22259, 5, 2, 0}, // stars
    {22266, 7, 2, 0}, // station
    {22275, 17, 2, 0}, // statue_of_liberty
    {22294, 16, 2, 0}, // steam_locomotive
    {22312, 11, 2, 0}, // stethoscope
    {22325, 4, 2, 0}, // stew
    {22331, 9, 2, 0}, // stopwatch
    {22342, 14, 2, 0}, // straight_ruler
    {22358, 10, 2, 0}, // strawberry
    {22370, 16, 2, 0}, // stuck_out_tongue
    {22388, 28, 2, 0}, // stuck_out_tongue_closed_eyes
    {22418, 28, 2, 0}, // stuck_out_tongue_winking_eye
    {22448, 7, 5, 1}, // student
    {22460, 17, 3, 0}, // studio_microphone
    {22480, 17, 2, 0}, // stuffed_flatbread
    {22499, 16, 3, 0}, // sun_behind_cloud
    {22518, 21, 3, 0}, // sun_behind_rain_cloud
    {22542, 15, 3, 0}, // sun_small_cloud
    {22560, 13, 2, 0}, // sun_with_face
    {22575, 9, 2, 0}, // sunflower
    {22586, 10, 2, 0}, // sunglasses
    {22598, 5, 2, 0}, // sunny
    {22605, 7, 2, 0}, // sunrise
    {22614, 22, 2, 0}, // sunrise_over_mountains
    {22638, 9, 2, 1}, // superhero
    {22649, 12, 2, 1}, // supervillain
    {22663, 6, 2, 1}, // surfer
    {22671, 5, 2, 0}, // sushi
    {22678, 18, 2, 0}, // suspension_railway
    {22698, 4, 2, 0}, // swan
    {22704, 5, 2, 0}, // sweat
    {22711, 11, 2, 0}, // sweat_drops
    {22724, 11, 2, 0}, // sweat_smile
    {22737, 12, 2, 0}, // sweet_potato
    {22751, 7, 2, 1}, // swimmer
    {22760, 7, 2, 0}, // symbols
    {22769, 9, 2, 0}, // synagogue
    {22780, 7, 2, 0}, // syringe
    {22789, 5, 2, 0}, // t-rex
    {22796, 28, 2, 0}, // table_tennis_paddle_and_ball
    {22826, 4, 2, 0}, // taco
    {22832, 4, 2, 0}, // tada
    {22838, 11, 2, 0}, // takeout_box
    {22851, 6, 2, 0}, // tamale
    {22859, 13, 2, 0}, // tanabata_tree
    {22874, 9, 2, 0}, // tangerine
    {22885, 6, 1, 0}, // taurus
    {22892, 4, 2, 0}, // taxi
    {22898, 3, 2, 0}, // tea
    {22903, 7, 5, 1}, // teacher
    {22915, 6, 2, 0}, // teapot
    {22923, 12, 5, 1}, // technologist
    {22940, 10, 2, 0}, // teddy_bear
    {22952, 9, 2, 0}, // telephone
    {22963, 18, 2, 0}, // telephone_receiver
    {22983, 9, 2, 0}, // telescope
    {22994, 6, 2, 0}, // tennis
    {23002, 4, 1, 0}, // tent
    {23007, 9, 2, 0}, // test_tube
    {23018, 9, 2, 1}, // the_horns
    {23029, 11, 3, 0}, // thermometer
    {23043, 13, 2, 0}, // thinking_face
    {23058, 17, 2, 0}, // third_place_medal
    {23077, 12, 2, 0}, // thong_sandal
    {23091, 15, 2, 0}, // thought_balloon
    {23108, 6, 2, 0}, // thread
    {23116, 5, 3, 0}, // three
    {23124, 18, 3, 0}, // three_button_mouse
    {23145, 10, 2, 1}, // thumbsdown
    {23157, 8, 2, 1}, // thumbsup
    {23167, 22, 2, 0}, // thunder_cloud_and_rain
    {23191, 6, 2, 0}, // ticket
    {23199, 5, 2, 0}, // tiger
    {23206, 6, 2, 0}, // tiger2
    {23214, 11, 2, 0}, // timer_clock
    {23227, 10, 2, 0}, // tired_face
    {23239, 2, 2, 0}, // tm
    {23243, 6, 2, 0}, // toilet
    {23251, 11, 2, 0}, // tokyo_tower
    {23264, 6, 2, 0}, // tomato
    {23272, 6, 2, 0}, // tongue
    {23280, 7, 2, 0}, // toolbox
    {23289, 5, 2, 0}, // tooth
    {23296, 10, 2, 0}, // toothbrush
    {23308, 3, 2, 0}, // top
    {23313, 6, 2, 0}, // tophat
    {23321, 7, 3, 0}, // tornado
    {23331, 13, 3, 0}, // tornado_cloud
    {23347, 9, 3, 0}, // trackball
    {23359, 7, 2, 0}, // tractor
    {23368, 13, 2, 0}, // traffic_light
    {23383, 5, 2, 0}, // train
    {23390, 6, 2, 0}, // train2
    {23398, 4, 2, 0}, // tram
    {23404, 16, 6, 0}, // transgender_flag
    {23426, 18, 2, 0}, // transgender_symbol
    {23446, 23, 2, 0}, // triangular_flag_on_post
    {23471, 16, 2, 0}, // triangular_ruler
    {23489, 7, 2, 0}, // trident
    {23498, 7, 2, 0}, // triumph
    {23507, 5, 2, 0}, // troll
    {23514, 10, 2, 0}, // trolleybus
    {23526, 6, 2, 0}, // trophy
    {23534, 14, 2, 0}, // tropical_drink
    {23550, 13, 2, 0}, // tropical_fish
    {23565, 5, 2, 0}, // truck
    {23572, 7, 2, 0}, // trumpet
    {23581, 6, 2, 0}, // tshirt
    {23589, 5, 2, 0}, // tulip
    {23596, 13, 2, 0}, // tumbler_glass
    {23611, 6, 2, 0}, // turkey
    {23619, 6, 2, 0}, // turtle
    {23627, 2, 2, 0}, // tv
    {23631, 25, 2, 0}, // twisted_rightwards_arrows
    {23658, 3, 3, 0}, // two
    {23664, 10, 2, 0}, // two_hearts
    {23676, 21, 2, 1}, // two_men_holding_hands
    {23699, 23, 2, 1}, // two_women_holding_hands
    {23724, 5, 2, 0}, // u5272
    {23731, 5, 2, 0}, // u5408
    {23738, 5, 2, 0}, // u55b6
    {23745, 5, 2, 0}, // u6307
    {23752, 5, 3, 0}, // u6708
    {23760, 5, 2, 0}, // u6709
    {23767, 5, 2, 0}, // u6e80
    {23774, 5, 2, 0}, // u7121
    {23781, 5, 2, 0}, // u7533
    {23788, 5, 2, 0}, // u7981
    {23795, 5, 2, 0}, // u7a7a
    {23802, 2, 4, 0}, // uk
    {23808, 8, 2, 0}, // umbrella
    {23818, 18, 2, 0}, // umbrella_on_ground
    {23838, 24, 1, 0}, // umbrella_with_rain_drops
    {23863, 8, 2, 0}, // unamused
    {23873, 8, 2, 0}, // underage
    {23883, 12, 2, 0}, // unicorn_face
    {23897, 6, 2, 0}, // unlock
    {23905, 2, 2, 0}, // up
    {23909, 16, 2, 0}, // upside_down_face
    {23927, 2, 4, 0}, // us
    {23933, 1, 2, 1}, // v
    {23936, 7, 2, 1}, // vampire
    {23945, 22, 2, 0}, // vertical_traffic_light
    {23969, 3, 2, 0}, // vhs
    {23974, 14, 2, 0}, // vibration_mode
    {23990, 12, 2, 0}, // video_camera
    {24004, 10, 2, 0}, // video_game
    {24016, 6, 2, 0}, // violin
    {24024, 5, 1, 0}, // virgo
    {24030, 7, 2, 0}, // volcano
    {24039, 10, 2, 0}, // volleyball
    {24051, 2, 2, 0}, // vs
    {24055, 6, 2, 0}, // waffle
    {24063, 7, 2, 1}, // walking
    {24072, 20, 2, 0}, // waning_crescent_moon
    {24094, 19, 2, 0}, // waning_gibbous_moon
    {24115, 7, 2, 0}, // warning
    {24124, 11, 3, 0}, // wastebasket
    {24138, 5, 1, 0}, // watch
    {24144, 13, 2, 0}, // water_buffalo
    {24159, 10, 2, 1}, // water_polo
    {24171, 10, 2, 0}, // watermelon
    {24183, 4, 2, 1}, // wave
    {24189, 17, 2, 0}, // waving_black_flag
    {24208, 17, 3, 0}, // waving_white_flag
    {24228, 9, 2, 0}, // wavy_dash
    {24239, 20, 2, 0}, // waxing_crescent_moon
    {24261, 19, 2, 0}, // waxing_gibbous_moon
    {24282, 2, 2, 0}, // wc
    {24286, 5, 2, 0}, // weary
    {24293, 7, 2, 0}, // wedding
    {24302, 13, 3, 1}, // weight_lifter
    {24318, 5, 2, 0}, // whale
    {24325, 6, 2, 0}, // whale2
    {24333, 5, 2, 0}, // wheel
    {24340, 15, 2, 0}, // wheel_of_dharma
    {24357, 10, 1, 0}, // wheelchair
    {24368, 16, 1, 0}, // white_check_mark
    {24385, 12, 1, 0}, // white_circle
    {24398, 12, 2, 0}, // white_flower
    {24412, 19, 2, 0}, // white_frowning_face
    {24433, 16, 5, 1}, // white_haired_man
    {24454, 19, 5, 1}, // white_haired_person
    {24478, 18, 5, 1}, // white_haired_woman
    {24501, 11, 2, 0}, // white_heart
    {24514, 18, 1, 0}, // white_large_square
    {24533, 25, 1, 0}, // white_medium_small_square
    {24559, 19, 2, 0}, // white_medium_square
    {24580, 18, 2, 0}, // white_small_square
    {24600, 19, 2, 0}, // white_square_button
    {24621, 13, 2, 0}, // wilted_flower
    {24636, 17, 3, 0}, // wind_blowing_face
    {24656, 10, 2, 0}, // wind_chime
    {24668, 6, 2, 0}, // window
    {24676, 10, 2, 0}, // wine_glass
    {24688, 4, 2, 0}, // wing
    {24694, 4, 2, 0}, // wink
    {24700, 8, 2, 0}, // wireless
    {24710, 4, 2, 0}, // wolf
    {24716, 5, 2, 1}, // woman
    {24723, 12, 5, 1}, // woman-biking
    {24740, 19, 5, 1}, // woman-bouncing-ball
    {24764, 12, 5, 1}, // woman-bowing
    {24781, 9, 5, 0}, // woman-boy
    {24795, 13, 8, 0}, // woman-boy-boy
    {24816, 18, 5, 1}, // woman-cartwheeling
    {24839, 17, 5, 1}, // woman-facepalming
    {24861, 14, 5, 1}, // woman-frowning
    {24880, 18, 5, 1}, // woman-gesturing-no
    {24903, 18, 5, 1}, // woman-gesturing-ok
    {24926, 21, 5, 1}, // woman-getting-haircut
    {24952, 21, 5, 1}, // woman-getting-massage
    {24978, 10, 5, 0}, // woman-girl
    {24993, 14, 8, 0}, // woman-girl-boy
    {25015, 15, 8, 0}, // woman-girl-girl
    {25038, 13, 6, 1}, // woman-golfing
    {25057, 15, 8, 0}, // woman-heart-man
    {25080, 17, 8, 0}, // woman-heart-woman
    {25105, 14, 5, 1}, // woman-juggling
    {25124, 14, 11, 0}, // woman-kiss-man
    {25149, 16, 11, 0}, // woman-kiss-woman
    {25176, 21, 6, 1}, // woman-lifting-weights
    {25203, 21, 5, 1}, // woman-mountain-biking
    {25229, 22, 5, 1}, // woman-playing-handball
    {25256, 24, 5, 1}, // woman-playing-water-polo
    {25285, 13, 5, 1}, // woman-pouting
    {25303, 18, 5, 1}, // woman-raising-hand
    {25326, 17, 5, 1}, // woman-rowing-boat
    {25348, 13, 5, 1}, // woman-running
    {25366, 15, 5, 1}, // woman-shrugging
    {25386, 13, 5, 1}, // woman-surfing
    {25404, 14, 5, 1}, // woman-swimming
    {25423, 18, 5, 1}, // woman-tipping-hand
    {25446, 13, 5, 1}, // woman-walking
    {25464, 20, 5, 1}, // woman-wearing-turban
    {25489, 30, 5, 0}, // woman-with-bunny-ears-partying
    {25524, 15, 8, 0}, // woman-woman-boy
    {25547, 19, 11, 0}, // woman-woman-boy-boy
    {25577, 16, 8, 0}, // woman-woman-girl
    {25601, 20, 11, 0}, // woman-woman-girl-boy
    {25632, 21, 11, 0}, // woman-woman-girl-girl
    {25664, 15, 5, 0}, // woman-wrestling
    {25684, 27, 2, 1}, // woman_and_man_holding_hands
    {25713, 14, 5, 1}, // woman_climbing
    {25732, 18, 5, 1}, // woman_feeding_baby
    {25755, 23, 5, 1}, // woman_in_lotus_position
    {25783, 26, 5, 1}, // woman_in_manual_wheelchair
    {25814, 39, 8, 1}, // woman_in_manual_wheelchair_facing_right
    {25861, 29, 5, 1}, // woman_in_motorized_wheelchair
    {25895, 42, 8, 1}, // woman_in_motorized_wheelchair_facing_right
    {25945, 20, 5, 1}, // woman_in_steamy_room
    {25970, 15, 5, 1}, // woman_in_tuxedo
    {25990, 14, 5, 1}, // woman_kneeling
    {26009, 27, 8, 1}, // woman_kneeling_facing_right
    {26044, 26, 8, 1}, // woman_running_facing_right
    {26078, 14, 5, 1}, // woman_standing
    {26097, 26, 8, 1}, // woman_walking_facing_right
    {26131, 16, 5, 1}, // woman_with_beard
    {26152, 23, 5, 1}, // woman_with_probing_cane
    {26180, 15, 5, 1}, // woman_with_veil
    {26200, 34, 8, 1}, // woman_with_white_cane_facing_right
    {26242, 14, 2, 0}, // womans_clothes
    {26258, 16, 2, 0}, // womans_flat_shoe
    {26276, 10, 2, 0}, // womans_hat
    {26288, 30, 5, 0}, // women-with-bunny-ears-partying
    {26323, 19, 2, 1}, // women_holding_hands
    {26344, 6, 2, 0}, // womens
    {26352, 4, 2, 0}, // wood
    {26358, 10, 2, 0}, // woozy_face
    {26370, 9, 3, 0}, // world_map
    {26382, 4, 2, 0}, // worm
    {26388, 7, 2, 0}, // worried
    {26397, 6, 2, 0}, // wrench
    {26405, 9, 2, 0}, // wrestlers
    {26416, 12, 2, 1}, // writing_hand
    {26430, 1, 1, 0}, // x
    {26432, 5, 2, 0}, // x-ray
    {26439, 4, 2, 0}, // yarn
    {26445, 12, 2, 0}, // yawning_face
    {26459, 12, 2, 0}, // yellow_heart
    {26473, 3, 2, 0}, // yen
    {26478, 8, 2, 0}, // yin_yang
    {26488, 5, 2, 0}, // yo-yo
    {26495, 3, 2, 0}, // yum
    {26500, 9, 2, 0}, // zany_face
    {26511, 3, 1, 0}, // zap
    {26515, 10, 2, 0}, // zebra_face
    {26527, 4, 3, 0}, // zero
    {26534, 17, 2, 0}, // zipper_mouth_face
    {26553, 6, 2, 0}, // zombie
    {26561, 3, 2, 0}, // zzz
};
const int kEntryCount = 1972;

static const quint16 kCat_people[] = {
    861,1625,1623,860,1027,1713,1517,973,1615,1819,1206,1877,148,959,1627,895,
    1677,991,988,1488,990,992,1629,1964,1690,1692,1965,1691,1228,939,447,451,
    453,1592,1742,1537,1969,454,1274,433,1289,388,440,1631,1814,455,859,438,
    1077,1571,887,888,1489,1368,1612,396,1610,443,1195,458,448,1267,442,1636,
    929,291,1949,377,456,432,444,1355,373,1701,1271,449,300,445,1952,1614,
    1861,1327,940,57,798,1416,439,823,29,473,292,372,332,1644,1556,299,
    1372,371,1711,1850,1756,1959,1780,1464,28,457,1630,952,1606,1607,882,281,
    968,967,835,21,1651,1510,1626,1624,974,896,1632,989,1557,333,1438,1564,
    892,1658,1068,338,837,1657,900,899,1495,1796,894,907,177,898,1210,893,
    1409,1330,1960,854,146,1045,1450,179,128,857,1865,987,2,27,157,376,
    1712,356,922,1661,435,1035,1504,1745,1971,1843,1470,1472,876,1668,1505,1037,
    1342,1344,1038,1506,1308,1406,1407,1821,327,878,943,1740,199,1419,1420,1422,
    1220,1418,1421,955,0,1,526,459,1032,1503,248,1473,897,1326,1345,881,
    1439,1955,1264,1566,1257,1200,1201,1039,807,405,407,1293,167,24,1076,1763,
    152,437,434,1761,1053,123,66,235,166,840,14,1388,1119,102,1182,1938,
    1484,340,1862,77,1880,1486,1485,342,341,1864,1863,79,78,141,140,1311,
    1312,1313,1376,1127,1888,1391,1148,1906,1287,1128,1889,1309,1129,1890,957,1155,
    1913,1474,1149,1907,360,359,361,161,1122,1883,441,1126,1887,1591,1152,1910,
    891,1094,481,1693,1106,493,1730,1107,494,977,1099,486,470,1096,483,306,
    1092,479,1199,1100,487,461,1095,482,1305,1101,488,1551,1104,491,1732,1108,
    495,1595,1105,492,56,1089,476,1404,1102,489,58,1090,477,518,1097,484,
    310,1103,490,1613,1093,480,864,1098,485,1282,303,1091,478,1389,1445,1446,
    1185,1157,1915,1183,1390,1383,1176,1932,171,1186,1940,1443,1441,1442,169,1925,
    1168,1375,26,1540,1256,1263,1705,1114,501,1706,1115,502,1081,1112,499,462,
    1110,497,1822,1116,503,1215,1214,1213,420,1109,496,834,1111,498,1970,1117,
    504,1781,1196,1131,1892,869,1130,1891,1834,1156,1914,1386,1937,1181,1675,1180,
    1936,995,1177,1933,1384,1934,1178,1392,1393,1184,1187,1939,1941,1380,1381,1173,
    1174,1929,1930,1378,1379,1171,1172,1927,1928,1527,1151,1909,1385,1935,1179,351,
    1167,1169,352,1208,1945,1382,1175,1931,1373,1166,1924,505,927,1600,1639,848,
    1135,1896,1707,1153,1911,1524,1150,1908,1715,1154,1912,1387,1121,1882,1852,1139,
    1902,115,1120,1881,1248,1145,1903,1374,1125,1886,1954,1164,1922,1841,1147,1905,
    880,1146,1904,978,1137,1899,1377,1170,1926,96,1611,1369,1798,1165,1797,317,
    1900,1138,1901,316,1897,1136,1898,1159,1161,1162,1160,1163,1140,1142,1143,1141,
    1144,1917,1919,1920,1918,1921,1123,1124,1132,1133,1134,1884,1885,1893,1894,1895,
    1660,192,193,1370,465,466,467,468,469,809,513,
};
static const quint16 kCat_nature[] = {
    1232,1231,850,1331,381,382,865,1568,1425,1879,815,1457,219,220,125,1052,
    1753,1754,1042,926,1236,386,1458,1816,1967,363,122,318,1336,1840,319,1400,
    1401,149,1402,1475,1576,845,395,201,1056,839,418,1118,1497,920,1251,1252,
    1477,875,1455,1456,237,103,911,95,101,1423,999,1347,1617,1333,1608,980,
    72,475,1791,234,1518,886,68,885,120,1367,391,404,400,1710,1335,380,
    474,791,1362,1351,1876,124,849,1395,822,325,1792,1055,1635,393,392,1545,
    1719,1853,1854,385,1560,523,1785,143,1574,1302,1577,312,971,320,1057,1590,
    1672,1337,1634,195,184,30,105,108,1007,323,285,1663,1664,1554,1239,800,
    1951,1217,160,231,1860,1064,1521,1520,1871,915,1700,142,1789,942,1565,1433,
    430,362,1343,196,406,914,1573,814,1192,464,1030,422,1272,1258,1028,
};
static const quint16 kCat_food[] = {
    851,1205,1842,1726,1040,1049,85,1408,1188,31,852,1364,1361,230,1689,147,
    994,1760,1314,287,63,412,1432,218,313,930,111,335,1029,175,829,1323,
    1363,100,233,838,1359,180,1519,168,326,76,793,1444,74,1346,1833,229,
    1198,1435,348,71,870,821,1412,931,1539,1721,189,1724,1695,463,411,819,
    1572,1686,806,163,855,1427,194,1536,208,113,1501,1500,1499,345,1476,1653,
    1714,1303,1708,820,524,1235,353,401,811,1723,948,1575,944,390,307,121,
    197,337,1399,238,207,1060,346,923,67,841,288,1731,1729,1535,224,1875,
    286,1784,106,107,251,1790,1437,336,181,114,1197,945,239,997,810,1670,
    921,969,23,
};
static const quint16 kCat_travel[] = {
    408,409,410,842,1950,965,295,1637,1247,1830,1246,204,99,366,367,1266,
    1673,250,185,170,1511,1948,941,937,365,936,938,1304,1428,429,928,88,
    932,1067,305,1549,364,460,966,428,1851,1759,1683,241,1238,919,1717,1579,
    979,812,1738,804,1280,246,1704,1703,245,244,172,933,216,1415,506,1515,
    90,243,1684,1465,188,187,1773,1216,1046,1682,1774,1233,1250,1772,190,1318,
    1782,1223,22,515,1424,1319,1728,1320,212,1317,145,1398,1786,55,1770,1459,
    1460,1243,1191,1244,62,116,1553,1598,1516,191,1245,1466,1306,824,1855,1522,
    1771,1823,1301,302,25,1508,150,209,1662,1356,507,1242,1580,16,1618,18,
    17,1349,1561,912,1709,1249,15,1542,1512,802,112,1075,934,935,1839,19,
    1687,1755,1190,258,259,253,260,261,262,263,264,265,266,267,268,269,
    270,271,272,273,274,275,276,254,255,256,257,1276,1847,521,1234,825,
    1836,1024,1835,322,1277,522,1025,1741,1702,826,1699,1509,1676,1678,1681,1222,
    280,1353,1751,1240,91,1354,1467,1638,1047,1767,803,1872,349,1468,279,1811,
    1813,1812,1966,1640,1641,1642,294,514,398,1300,
};
static const quint16 kCat_activity[] = {
    964,240,519,1655,517,1656,81,1722,298,1725,84,384,790,1873,1502,1483,
    1498,836,1490,13,1752,1202,1783,1671,520,1562,1743,1645,92,1647,94,1831,
    808,1526,1737,801,164,324,508,946,1004,1720,73,165,1194,844,847,947,
    525,374,1529,1599,1609,339,355,1963,993,867,4,334,1082,1827,975,1616,
    828,972,1733,1405,1226,1273,1652,901,370,282,232,129,1084,797,1371,817,
    54,1746,1570,1958,998,
};
static const quint16 kCat_objects[] = {
    436,354,846,1002,1532,1269,1581,970,1548,843,284,1646,394,986,1541,1322,
    174,1587,117,1942,805,1451,879,1434,1585,1550,1744,1189,59,918,1943,917,
    1538,80,159,868,330,1944,1766,1237,118,1221,913,1440,1054,1507,832,1262,
    1659,1650,1065,1066,1204,1429,110,1283,1261,1260,1296,1694,1043,304,1218,889,
    1461,1546,11,866,1259,1787,1828,87,399,1061,1193,799,883,961,200,1396,
    1735,1341,472,98,1069,417,297,368,1447,982,1748,1769,1224,796,221,402,
    7,1254,511,512,249,1793,202,203,1826,1824,1079,1080,206,186,792,963,
    375,1295,277,153,853,144,1329,156,1294,1031,1340,1559,1339,1278,1514,155,
    154,1003,1230,290,1961,383,427,1436,1229,321,1479,225,421,403,954,425,
    1334,953,1338,1085,1086,1087,1088,1430,82,1366,134,1073,1071,1074,1072,1207,
    173,510,1325,215,357,198,1666,1665,214,227,226,89,252,1452,1523,1348,
    1051,1688,1778,1552,213,509,1838,1058,1817,1059,278,981,1310,871,64,1397,
    872,873,350,329,151,158,162,1578,217,1953,1558,1297,831,296,1547,1448,
    1050,176,222,925,1762,1083,1005,1588,20,1739,1394,378,1219,1736,1543,1718,
    397,1403,12,331,1685,1957,387,419,1225,1874,104,314,223,1758,1417,1589,
    97,1253,1478,1063,1531,178,93,1513,183,1643,182,1764,1669,516,1586,1633,
    289,890,827,1268,874,1255,1413,950,
};
static const quint16 kCat_symbols[] = {
    60,1453,1431,1857,1212,1947,1493,69,1849,1357,347,75,1033,1837,236,1285,
    1286,1284,1291,379,1292,1290,1288,1815,1463,119,47,51,45,44,37,43,
    42,50,48,1034,1036,46,41,40,52,53,70,423,1316,1648,1765,1414,
    61,1315,1680,1856,1962,1026,1332,1679,1360,1211,1597,985,33,1727,833,205,
    1041,1829,1044,1555,1533,211,32,1411,1328,1794,1491,1492,39,471,135,136,
    34,1496,131,49,36,38,35,389,139,127,416,242,1070,916,1594,1878,
    1825,1227,500,1113,1776,909,910,908,903,905,956,86,960,1454,858,856,
    431,1846,344,904,1203,1480,794,1779,1265,109,1298,1858,83,902,1956,1270,
    343,1062,1352,415,414,1654,311,1487,1757,1667,884,983,1968,1321,1795,1747,
    813,527,1596,1569,413,1281,984,210,9,3,1716,8,5,6,65,247,
    309,818,958,949,1078,1275,1279,1299,1307,1350,1649,1818,1832,1000,1530,1803,
    1804,1802,951,1799,1806,1808,10,1807,1800,1809,301,1563,1801,1805,1482,1016,
    1022,1014,1009,1019,1012,126,1859,1021,1018,1023,1015,1011,1020,1013,130,1866,
    133,1868,132,1867,137,1869,1017,1010,1620,1619,1621,1622,369,1462,1870,138,
};
static const quint16 kCat_flags[] = {
    228,1777,328,1844,1845,1469,1775,1410,528,529,530,531,532,533,534,535,
    536,537,538,539,540,541,542,543,544,545,546,547,548,549,550,551,
    552,553,554,555,556,557,558,559,560,561,562,563,564,565,566,567,
    568,569,570,571,572,573,574,575,283,577,578,728,579,580,581,582,
    583,584,585,358,587,588,589,590,591,592,593,594,595,596,597,599,
    426,601,602,603,604,605,606,607,816,609,830,611,612,613,614,615,
    616,617,618,619,620,621,622,623,624,625,626,627,628,629,630,631,
    632,633,634,635,636,637,638,639,640,641,642,643,962,645,646,647,
    976,649,650,651,652,653,654,655,1001,657,658,659,660,661,662,663,
    664,665,666,667,668,669,670,671,672,673,674,675,676,677,678,679,
    680,681,682,683,684,685,686,687,688,689,690,691,692,693,694,695,
    696,697,698,699,700,701,702,703,704,705,706,707,708,709,710,711,
    712,713,714,715,716,717,718,719,720,721,722,723,724,1525,726,727,
    729,730,732,733,734,735,736,737,738,739,740,741,742,743,744,745,
    746,747,748,749,750,751,752,753,754,755,756,757,758,759,760,761,
    762,763,764,765,766,767,768,769,770,1820,772,773,774,775,776,777,
    778,779,780,782,783,784,785,786,787,788,789,598,731,781,
};

const Category kCategories[] = {
    {"people", "Smileys & People", kCat_people, 555},
    {"nature", "Animals & Nature", kCat_nature, 159},
    {"food", "Food & Drink", kCat_food, 131},
    {"travel", "Travel & Places", kCat_travel, 218},
    {"activity", "Activities", kCat_activity, 85},
    {"objects", "Objects", kCat_objects, 264},
    {"symbols", "Symbols", kCat_symbols, 224},
    {"flags", "Flags", kCat_flags, 270},
};
const int kCategoryCount = 8;

} // namespace Emoji::Data
// clang-format on
